customer_id,age,service_segment,signup_channel,primary_device,tenure_months,contract_type,plan_tier,num_services,has_family_plan,monthly_charges,total_charges,payment_method,auto_pay,payment_failures_last_year,support_tickets_last_year,avg_resolution_hours,uses_mobile_app,app_logins_per_month,avg_session_minutes,monthly_usage_hours,days_since_last_login,email_open_rate_pct,satisfaction_score,nps_score,competitor_offer_received,price_increase_last_year_pct,discount_offered,discount_pct,referrals_made,churn
CX00001,37,Streaming,Referral,Mobile,16,Month-to-month,Premium,6,False,29.41,468.65,Bank transfer,False,3,3,7.8,True,25,30.1,12.5,25,35.7,9.6,10,False,7.1,True,8.7,0,Yes
CX00002,28,Cloud Storage,Paid Social,Desktop,12,Annual,Plus,6,True,32.37,375.95,Digital wallet,True,0,3,20.6,True,18,8.4,2.5,6,55.6,6.9,8,True,0.9,True,10.3,1,No
CX00003,49,Productivity,Organic Search,Tablet,4,Month-to-month,Standard,1,False,16.31,63.64,Credit card,True,0,7,8.8,False,4,26.1,1.7,3,50.7,6.7,7,False,5.7,True,19.7,0,No
CX00004,42,Fintech,Email Campaign,Desktop,10,Month-to-month,Plus,8,False,52.26,484.55,Digital wallet,True,0,6,6.0,False,11,12.4,2.3,28,39.6,7.7,9,False,2.7,False,0.0,1,Yes
CX00005,30,Fintech,Organic Search,Mobile,14,Month-to-month,Basic,1,True,6.58,81.4,Debit card,False,4,2,26.2,True,22,16.4,6.0,5,62.3,6.5,9,False,2.2,False,0.0,0,Yes
CX00006,37,Productivity,Influencer,Desktop,11,Annual,Plus,3,False,22.01,229.3,Digital wallet,False,1,2,6.8,True,30,8.4,4.2,25,74.2,9.3,10,False,3.3,False,0.0,0,No
CX00007,18,Productivity,Organic Search,Mobile,27,Two year,Plus,5,True,28.49,709.78,UPI / Instant transfer,False,0,2,12.6,True,22,13.0,4.8,6,34.5,10.0,10,True,2.1,False,0.0,3,No
CX00008,25,Fintech,Organic Search,Desktop,23,Month-to-month,Basic,1,False,9.29,190.72,Credit card,True,0,4,9.2,False,4,9.7,0.6,11,51.2,8.5,8,False,5.1,False,0.0,3,No
CX00009,25,Productivity,App Store,Mobile,22,Annual,Standard,2,False,15.24,329.43,Debit card,True,0,1,14.9,True,16,8.9,2.4,15,37.5,7.6,8,False,3.5,False,0.0,1,Yes
CX00010,29,Cloud Storage,Referral,Smart TV,29,Month-to-month,Premium,4,True,33.5,960.49,Credit card,True,0,1,21.9,True,23,9.1,3.5,5,51.7,9.0,8,True,7.1,True,19.9,2,No
CX00011,32,Fintech,Organic Search,Mobile,12,Two year,Standard,3,False,18.55,199.24,Digital wallet,False,2,2,13.6,True,13,3.3,0.7,1,55.0,10.0,9,False,4.3,False,0.0,0,No
CX00012,56,Cloud Storage,Referral,Mobile,63,Two year,Premium,3,True,30.49,1699.77,Debit card,False,2,4,15.3,True,19,27.8,8.8,26,57.8,8.8,10,False,4.9,False,0.0,1,No
CX00013,42,Fintech,Paid Social,Desktop,46,Annual,Plus,2,False,23.74,1014.15,Bank transfer,False,1,1,10.5,False,8,25.4,3.4,3,53.5,8.9,10,True,4.3,False,0.0,1,No
CX00014,41,Cloud Storage,Organic Search,Mobile,30,Annual,Plus,1,True,16.7,460.71,Credit card,True,0,1,6.4,True,23,30.9,11.8,6,46.4,7.7,8,True,2.7,False,0.0,0,No
CX00015,33,Cloud Storage,Influencer,Desktop,5,Month-to-month,Premium,6,True,34.47,168.39,Debit card,True,1,1,10.0,False,11,12.1,2.2,14,35.9,9.2,10,False,8.7,True,15.9,2,No
CX00016,36,Productivity,App Store,Desktop,10,Annual,Plus,1,False,22.51,219.04,Credit card,True,2,2,12.3,False,12,5.7,1.1,7,33.8,7.8,7,False,3.4,False,0.0,0,No
CX00017,43,Gaming,Organic Search,Mobile,27,Month-to-month,Plus,1,False,22.21,532.08,Credit card,False,1,0,15.1,True,22,9.6,3.5,3,61.3,6.8,6,True,2.8,False,0.0,0,Yes
CX00018,32,News & Media,Organic Search,Smart TV,1,Month-to-month,Standard,5,True,26.9,24.95,Credit card,True,0,3,15.9,True,20,3.5,1.2,10,48.8,5.3,3,False,4.5,False,0.0,0,Yes
CX00019,37,Streaming,Email Campaign,Mobile,9,Month-to-month,Premium,4,False,29.23,241.22,Credit card,True,1,4,26.8,True,19,32.8,10.4,4,33.3,7.2,8,False,3.6,False,0.0,1,Yes
CX00020,28,Streaming,Email Campaign,Mobile,10,Month-to-month,Basic,3,False,13.5,125.67,Credit card,True,0,1,11.5,True,19,4.6,1.5,14,32.4,10.0,10,False,4.2,False,0.0,3,No
CX00021,44,News & Media,Organic Search,Desktop,29,Month-to-month,Basic,2,False,11.07,311.49,UPI / Instant transfer,False,3,2,4.3,False,9,7.0,1.0,3,34.1,7.7,7,False,9.6,True,11.1,1,No
CX00022,34,News & Media,Referral,Desktop,8,Month-to-month,Basic,1,False,10.74,85.91,Debit card,False,0,2,17.8,True,18,11.2,3.4,6,65.1,9.1,9,True,7.8,True,8.5,2,No
CX00023,26,Fintech,Paid Social,Desktop,17,Annual,Plus,3,False,27.67,448.99,Credit card,True,0,3,3.4,True,17,6.2,1.8,13,46.5,10.0,9,False,1.3,False,0.0,2,No
CX00024,47,Fitness,Paid Social,Mobile,19,Month-to-month,Basic,2,False,8.81,157.31,Credit card,True,0,4,9.0,True,13,10.3,2.2,2,58.7,8.5,8,False,5.8,False,0.0,0,Yes
CX00025,41,Cloud Storage,Organic Search,Mobile,16,Month-to-month,Premium,7,False,38.21,598.59,Credit card,True,0,4,2.1,True,16,17.2,4.6,5,32.3,8.1,6,False,5.1,False,0.0,0,No
CX00026,18,Streaming,Paid Social,Mobile,28,Month-to-month,Basic,1,False,8.18,227.4,Digital wallet,True,1,1,4.2,True,20,6.2,2.1,18,55.2,9.9,10,False,6.6,True,13.7,1,Yes
CX00027,18,Productivity,App Store,Mobile,11,Month-to-month,Standard,4,True,22.71,238.9,Credit card,True,0,2,26.7,True,19,20.5,6.5,29,43.7,8.8,9,False,1.7,False,0.0,3,No
CX00028,18,Cloud Storage,Organic Search,Mobile,31,Annual,Basic,4,False,16.29,467.26,Digital wallet,True,0,2,15.1,True,14,3.6,0.8,10,67.5,6.8,9,False,5.7,False,0.0,1,No
CX00029,51,Fintech,Referral,Mobile,17,Month-to-month,Basic,2,False,13.67,222.35,Debit card,True,0,3,13.5,True,15,10.3,2.6,4,43.2,7.2,7,False,6.5,False,0.0,1,No
CX00030,41,Streaming,Organic Search,Tablet,23,Month-to-month,Basic,1,False,9.0,188.72,UPI / Instant transfer,False,0,3,9.4,True,13,22.0,4.8,14,34.6,7.5,8,False,4.6,False,0.0,1,Yes
CX00031,52,Productivity,Email Campaign,Mobile,9,Month-to-month,Plus,2,False,27.5,242.33,UPI / Instant transfer,False,1,3,11.3,True,20,28.7,9.6,11,48.3,8.4,7,True,0.4,False,0.0,1,No
CX00032,34,Fintech,Paid Social,Mobile,34,Two year,Basic,3,True,13.34,451.36,Digital wallet,False,1,3,6.2,True,18,9.0,2.7,6,38.7,9.6,9,True,3.7,False,0.0,3,No
CX00033,46,Gaming,Paid Social,Tablet,17,Annual,Plus,2,False,20.74,319.64,UPI / Instant transfer,True,1,1,10.8,True,24,22.8,9.1,1,67.0,8.6,9,False,3.8,False,0.0,0,No
CX00034,33,Streaming,Paid Social,Tablet,38,Annual,Standard,4,True,21.96,791.32,Debit card,True,0,1,4.8,False,9,10.0,1.5,0,25.8,8.3,9,True,10.0,False,0.0,2,Yes
CX00035,46,Fintech,Organic Search,Mobile,14,Month-to-month,Standard,2,False,11.43,157.65,Credit card,True,0,2,10.3,True,13,12.5,2.7,4,40.2,9.9,10,True,6.4,True,20.5,2,No
CX00036,18,News & Media,Influencer,Smart TV,41,Two year,Standard,1,False,13.9,547.56,Credit card,True,0,3,3.3,True,17,22.4,6.3,6,44.9,7.9,5,False,6.7,False,0.0,1,No
CX00037,36,Fitness,Paid Social,Mobile,37,Annual,Basic,1,False,10.87,389.62,UPI / Instant transfer,True,0,2,33.2,True,14,39.4,9.2,8,45.3,6.8,5,False,9.7,False,0.0,1,No
CX00038,50,Streaming,Paid Social,Desktop,20,Month-to-month,Standard,5,False,30.31,559.66,Digital wallet,True,0,3,8.6,True,26,2.5,1.1,23,27.2,9.7,10,False,24.1,False,0.0,2,No
CX00039,31,Productivity,Paid Social,Mobile,28,Two year,Premium,3,True,26.07,650.72,Credit card,True,0,4,20.1,True,20,16.6,5.5,2,21.4,5.9,8,True,13.8,True,3.0,0,No
CX00040,51,Cloud Storage,Influencer,Mobile,14,Month-to-month,Plus,7,False,40.11,499.89,Digital wallet,False,0,2,20.7,True,19,10.4,3.3,26,27.0,5.7,7,False,2.7,False,0.0,0,Yes
CX00041,19,News & Media,App Store,Smart TV,16,Annual,Standard,2,False,23.76,377.61,Debit card,False,3,2,17.7,False,5,17.5,1.5,16,39.8,7.8,8,False,4.3,True,22.7,0,No
CX00042,20,Productivity,Paid Social,Mobile,22,Month-to-month,Standard,3,True,20.07,395.82,Buy now pay later,True,0,1,8.6,True,19,9.4,3.0,12,57.2,8.9,7,False,1.2,False,0.0,3,No
CX00043,28,Gaming,App Store,Desktop,13,Month-to-month,Standard,3,False,18.85,235.78,Digital wallet,False,5,2,13.9,True,17,8.4,2.4,9,48.9,8.4,8,False,2.5,False,0.0,1,No
CX00044,26,Streaming,Email Campaign,Mobile,26,Annual,Basic,3,False,12.49,291.25,Credit card,True,0,2,5.2,True,15,17.0,4.2,12,54.2,7.7,9,True,3.3,False,0.0,0,No
CX00045,42,Fintech,Paid Social,Desktop,23,Month-to-month,Plus,4,False,29.04,652.67,UPI / Instant transfer,False,1,1,3.5,False,11,8.0,1.5,4,70.5,8.7,9,True,4.7,True,23.5,0,No
CX00046,42,Fintech,Paid Social,Desktop,19,Month-to-month,Basic,4,False,11.53,209.71,Bank transfer,False,0,2,15.8,False,7,5.8,0.7,6,48.4,7.7,7,True,1.7,False,0.0,0,No
CX00047,53,Fintech,App Store,Smart TV,17,Annual,Premium,3,False,34.57,529.14,Debit card,True,0,0,7.7,False,4,38.1,2.5,11,40.3,8.3,9,False,7.8,False,0.0,2,No
CX00048,42,Productivity,Paid Social,Mobile,4,Month-to-month,Premium,5,True,47.24,173.01,UPI / Instant transfer,True,1,2,1.0,True,26,5.9,2.6,17,44.7,9.3,10,False,0.8,False,0.0,2,No
CX00049,28,Fintech,Influencer,Desktop,18,Annual,Basic,2,False,12.06,216.54,Digital wallet,True,0,2,4.8,False,4,1.0,0.1,11,43.8,8.5,8,True,0.6,True,16.2,3,No
CX00050,34,Cloud Storage,Referral,Mobile,6,Month-to-month,Basic,4,False,17.75,94.32,UPI / Instant transfer,True,0,4,6.8,True,15,33.4,8.4,11,25.1,8.9,10,False,1.5,False,0.0,0,No
CX00051,35,Streaming,Organic Search,Mobile,23,Annual,Plus,5,False,21.48,434.81,Digital wallet,True,0,0,12.0,True,21,10.9,3.8,4,33.9,8.9,9,True,6.8,False,0.0,0,No
CX00052,28,Fintech,Email Campaign,Mobile,13,Month-to-month,Plus,3,True,26.72,325.84,Credit card,True,0,3,9.4,True,30,22.6,11.3,7,65.9,8.8,10,False,3.7,False,0.0,4,No
CX00053,18,Cloud Storage,Organic Search,Desktop,1,Month-to-month,Premium,6,False,30.07,28.61,Bank transfer,False,0,3,10.2,True,22,8.7,3.2,1,66.7,7.2,5,False,3.6,False,0.0,1,No
CX00054,39,Streaming,Organic Search,Mobile,17,Month-to-month,Plus,2,True,24.42,399.29,Credit card,True,0,0,11.1,True,19,4.2,1.3,13,47.4,7.7,8,False,8.5,False,0.0,1,Yes
CX00055,42,Gaming,App Store,Mobile,35,Month-to-month,Standard,3,False,23.4,776.03,Debit card,True,0,4,11.6,True,25,9.2,3.8,16,55.7,7.4,8,False,10.1,True,24.4,1,No
CX00056,39,Fintech,Email Campaign,Mobile,33,Annual,Standard,4,True,23.96,787.52,UPI / Instant transfer,True,0,2,25.2,True,13,16.2,3.5,2,37.4,6.1,7,False,3.3,True,8.5,0,No
CX00057,41,Fitness,Organic Search,Mobile,22,Annual,Basic,2,False,16.21,351.58,Debit card,True,0,2,6.4,False,2,3.9,0.1,18,77.1,7.0,7,True,6.2,True,22.8,0,No
CX00058,56,News & Media,App Store,Desktop,14,Month-to-month,Basic,4,False,16.19,200.61,Bank transfer,True,0,1,17.3,True,6,13.9,1.4,16,64.4,8.1,9,True,0.7,False,0.0,0,No
CX00059,33,Fintech,Organic Search,Mobile,5,Month-to-month,Plus,3,False,25.15,118.03,Debit card,True,1,3,3.3,True,22,32.8,12.0,9,51.7,9.0,7,False,4.1,False,0.0,3,No
CX00060,51,Fitness,Referral,Desktop,5,Annual,Premium,3,False,28.26,137.59,Credit card,False,0,4,3.8,True,22,25.5,9.4,16,54.3,10.0,10,False,6.7,False,0.0,2,No
CX00061,52,Cloud Storage,Organic Search,Mobile,8,Month-to-month,Standard,3,False,13.27,104.82,Digital wallet,True,1,4,35.9,True,18,15.4,4.6,6,49.5,7.7,7,True,0.8,False,0.0,0,Yes
CX00062,36,Productivity,Referral,Mobile,7,Month-to-month,Standard,1,False,15.53,103.16,UPI / Instant transfer,True,0,3,0.5,True,13,34.3,7.4,3,42.6,10.0,10,False,0.7,False,0.0,0,Yes
CX00063,56,News & Media,Email Campaign,Mobile,8,Month-to-month,Basic,2,True,9.81,69.79,Credit card,True,1,3,3.1,True,18,11.0,3.3,2,52.9,9.5,9,False,5.6,False,0.0,0,No
CX00064,31,Streaming,Paid Social,Mobile,17,Month-to-month,Plus,4,True,26.02,440.15,Credit card,True,0,5,10.3,True,17,25.0,7.1,5,62.3,8.1,6,True,13.9,False,0.0,1,No
CX00065,43,Fintech,Organic Search,Mobile,24,Two year,Basic,3,False,16.43,366.36,Debit card,True,0,9,7.2,True,21,4.5,1.6,5,53.2,7.1,7,True,10.4,True,9.5,1,No
CX00066,30,Fintech,Influencer,Mobile,33,Two year,Basic,2,False,12.83,416.69,Debit card,True,2,1,1.0,True,13,3.9,0.8,3,60.2,10.0,9,True,3.2,False,0.0,1,No
CX00067,50,Productivity,Organic Search,Mobile,4,Month-to-month,Basic,4,False,12.05,44.72,Bank transfer,False,0,3,13.4,True,11,12.3,2.3,7,52.5,9.0,9,False,4.9,False,0.0,3,Yes
CX00068,26,Fintech,Organic Search,Desktop,4,Month-to-month,Standard,2,False,26.83,98.92,Bank transfer,True,0,0,18.4,False,9,6.9,1.0,7,52.9,7.6,4,False,8.4,False,0.0,2,No
CX00069,43,Productivity,Referral,Mobile,48,Annual,Basic,2,False,11.52,494.48,UPI / Instant transfer,True,3,0,15.8,True,20,16.2,5.4,11,60.7,8.3,10,False,6.5,False,0.0,3,No
CX00070,35,Streaming,Organic Search,Mobile,2,Month-to-month,Basic,2,False,14.86,28.77,Buy now pay later,False,3,8,12.5,True,19,21.7,6.9,10,42.2,8.1,8,True,8.2,False,0.0,0,Yes
CX00071,40,Productivity,App Store,Mobile,33,Annual,Premium,5,True,28.79,891.53,Debit card,True,0,1,3.4,True,15,19.5,4.9,4,52.2,10.0,10,False,1.0,False,0.0,2,No
CX00072,38,Fintech,Referral,Desktop,20,Month-to-month,Plus,6,False,33.22,662.73,UPI / Instant transfer,False,2,4,10.0,False,10,2.6,0.4,10,42.6,6.4,6,True,5.5,True,16.6,1,No
CX00073,34,Gaming,Organic Search,Mobile,27,Annual,Basic,1,False,9.86,246.61,Credit card,True,0,0,34.6,True,10,3.7,0.6,6,49.6,8.7,8,False,2.3,False,0.0,4,No
CX00074,35,Cloud Storage,Email Campaign,Desktop,41,Two year,Premium,6,False,60.31,2339.03,Credit card,True,1,5,4.8,True,24,30.7,12.3,15,43.5,8.1,9,True,2.0,True,15.5,0,No
CX00075,26,Fitness,Influencer,Mobile,40,Two year,Basic,3,False,14.25,537.1,Credit card,True,0,2,3.6,True,12,7.8,1.6,11,46.1,8.7,10,False,1.8,False,0.0,5,No
CX00076,29,Cloud Storage,Organic Search,Desktop,24,Annual,Premium,6,True,25.83,619.01,Credit card,False,0,4,23.7,True,22,9.8,3.6,9,37.3,7.7,8,True,2.3,True,11.9,1,No
CX00077,46,Productivity,Email Campaign,Mobile,15,Month-to-month,Plus,6,True,28.49,410.67,Credit card,True,2,6,4.5,True,16,18.5,4.9,16,43.6,7.9,10,True,4.9,False,0.0,1,Yes
CX00078,21,Fintech,Organic Search,Smart TV,34,Two year,Basic,2,False,12.36,385.64,Buy now pay later,False,2,1,11.8,False,9,9.7,1.5,2,39.0,8.0,5,True,4.5,False,0.0,0,Yes
CX00079,47,Fintech,Organic Search,Mobile,14,Month-to-month,Basic,2,True,11.01,145.08,Credit card,False,0,1,14.1,True,20,5.5,1.8,5,32.5,7.3,7,False,3.4,True,19.3,0,Yes
CX00080,53,Productivity,Organic Search,Desktop,27,Month-to-month,Standard,5,False,20.22,522.6,Bank transfer,True,0,3,7.5,False,5,7.6,0.6,10,76.6,6.6,5,True,8.4,False,0.0,1,No
CX00081,40,Gaming,App Store,Desktop,15,Month-to-month,Standard,2,False,13.62,182.23,Bank transfer,False,0,1,7.0,True,20,15.7,5.2,3,37.9,7.2,10,True,7.8,False,0.0,2,Yes
CX00082,20,Streaming,Organic Search,Smart TV,11,Annual,Premium,8,False,46.37,451.1,UPI / Instant transfer,True,0,5,7.4,True,24,4.1,1.6,6,33.9,7.7,8,False,6.9,False,0.0,1,No
CX00083,38,News & Media,App Store,Desktop,2,Month-to-month,Standard,1,False,12.9,24.25,UPI / Instant transfer,True,0,2,12.9,True,16,6.3,1.7,2,48.8,9.8,8,True,4.2,True,27.4,1,No
CX00084,46,Fitness,App Store,Smart TV,49,Month-to-month,Standard,4,True,18.75,886.3,UPI / Instant transfer,False,3,6,13.3,True,13,5.2,1.1,3,33.2,6.7,7,False,10.9,False,0.0,1,No
CX00085,35,News & Media,Influencer,Desktop,2,Month-to-month,Plus,6,False,28.45,51.13,Credit card,True,1,4,13.5,True,19,4.3,1.4,20,68.0,7.5,8,False,13.8,False,0.0,0,Yes
CX00086,33,Gaming,Referral,Mobile,10,Annual,Standard,5,True,17.29,171.82,Credit card,True,0,5,16.8,True,22,7.6,2.8,15,45.3,7.1,8,False,0.5,False,0.0,0,No
CX00087,54,Fitness,App Store,Smart TV,21,Month-to-month,Standard,1,True,12.53,262.63,Credit card,True,0,2,22.8,True,12,4.8,1.0,12,57.1,9.4,10,True,1.7,True,17.3,3,Yes
CX00088,40,Cloud Storage,Organic Search,Mobile,38,Annual,Plus,4,True,26.07,964.97,Credit card,False,2,6,18.9,False,7,4.1,0.5,2,29.0,5.5,6,True,7.4,True,13.5,0,No
CX00089,31,Streaming,Organic Search,Desktop,29,Annual,Standard,3,False,18.58,535.21,UPI / Instant transfer,False,1,2,24.5,True,15,27.1,6.8,3,33.0,5.8,6,False,4.2,False,0.0,0,Yes
CX00090,20,Cloud Storage,App Store,Mobile,47,Two year,Standard,5,False,19.54,816.56,Credit card,True,0,3,6.2,False,4,35.4,2.4,11,32.5,9.4,10,True,3.0,False,0.0,2,No
CX00091,26,Streaming,Organic Search,Desktop,15,Two year,Plus,2,False,23.02,308.79,Digital wallet,True,0,2,12.6,True,11,12.0,2.2,7,61.0,9.4,8,True,1.1,False,0.0,2,No
CX00092,31,Fitness,Influencer,Mobile,8,Month-to-month,Standard,2,True,20.02,143.23,Digital wallet,False,0,0,8.3,True,20,11.9,4.0,4,53.6,9.1,10,True,1.8,False,0.0,1,No
CX00093,19,Cloud Storage,Influencer,Mobile,51,Two year,Standard,7,False,41.52,2031.02,Debit card,True,0,3,9.8,True,16,10.2,2.7,37,64.0,9.6,8,True,2.6,True,3.6,1,Yes
CX00094,43,Streaming,Influencer,Mobile,14,Annual,Plus,5,False,33.29,442.07,Digital wallet,False,1,3,5.8,True,16,8.0,2.1,15,53.4,7.2,7,False,1.1,False,0.0,0,No
CX00095,40,Gaming,App Store,Mobile,53,Annual,Basic,1,True,7.71,391.77,Digital wallet,True,0,1,14.4,True,9,9.8,1.5,21,56.5,8.1,9,True,0.9,True,8.8,1,No
CX00096,23,Gaming,App Store,Desktop,34,Annual,Basic,2,False,7.46,244.08,Digital wallet,False,2,2,5.7,False,3,14.2,0.7,66,49.5,9.7,10,True,5.6,False,0.0,2,No
CX00097,27,Streaming,Organic Search,Mobile,45,Month-to-month,Standard,2,False,15.53,624.64,Bank transfer,False,0,1,6.4,True,20,45.6,15.2,11,47.4,7.9,7,True,7.6,True,20.1,2,No
CX00098,28,Fintech,Organic Search,Desktop,44,Two year,Plus,2,False,18.93,758.46,Credit card,True,0,3,20.7,True,15,25.2,6.3,9,33.2,8.1,8,True,6.6,False,0.0,1,No
CX00099,25,Productivity,Paid Social,Mobile,14,Month-to-month,Basic,1,False,7.62,99.0,UPI / Instant transfer,False,1,1,6.2,True,14,17.6,4.1,2,15.6,7.1,7,False,3.6,False,0.0,0,No
CX00100,25,Fintech,Organic Search,Desktop,13,Annual,Basic,2,False,10.34,120.28,Debit card,True,0,5,8.0,False,5,6.5,0.5,9,54.3,6.5,4,False,5.8,False,0.0,0,No
CX00101,30,Streaming,Organic Search,Mobile,14,Annual,Standard,1,False,16.58,217.16,Credit card,True,0,5,13.5,True,16,5.1,1.4,2,56.9,10.0,8,True,7.4,False,0.0,0,No
CX00102,52,Fitness,Referral,Desktop,12,Month-to-month,Basic,2,True,10.84,114.83,Digital wallet,True,0,2,12.1,True,10,12.8,2.1,19,55.2,7.3,7,False,1.0,False,0.0,1,No
CX00103,36,Fintech,App Store,Tablet,23,Annual,Plus,6,True,30.72,666.32,Credit card,True,0,6,2.7,True,23,16.7,6.4,1,31.8,9.5,10,True,6.3,False,0.0,0,No
CX00104,27,Streaming,Paid Social,Desktop,13,Month-to-month,Standard,3,False,19.69,242.37,Credit card,False,2,2,20.3,False,9,14.0,2.1,2,31.7,6.8,5,False,1.6,False,0.0,2,Yes
CX00105,36,Cloud Storage,App Store,Desktop,13,Annual,Plus,4,False,26.05,337.73,Digital wallet,True,0,1,4.5,True,18,7.0,2.1,17,72.0,9.8,10,True,2.8,False,0.0,3,No
CX00106,27,Cloud Storage,Influencer,Mobile,13,Month-to-month,Plus,4,False,23.28,276.89,Bank transfer,True,0,1,7.0,True,18,30.8,9.2,9,41.6,8.2,9,True,2.0,False,0.0,5,No
CX00107,19,Fintech,Influencer,Desktop,43,Annual,Plus,4,True,29.04,1239.06,Digital wallet,False,1,4,9.4,False,7,9.1,1.1,19,60.4,8.0,8,True,2.3,True,15.6,2,Yes
CX00108,25,Streaming,Organic Search,Tablet,8,Annual,Plus,4,False,28.98,214.91,Bank transfer,True,0,2,5.4,False,13,38.1,8.3,22,47.4,9.4,9,True,6.8,False,0.0,1,No
CX00109,59,Fitness,App Store,Mobile,27,Annual,Standard,3,False,19.22,505.69,UPI / Instant transfer,False,1,4,14.0,True,15,32.0,8.0,1,30.5,7.7,9,True,2.7,False,0.0,3,No
CX00110,38,Fintech,Influencer,Mobile,22,Month-to-month,Standard,5,False,20.71,441.5,Debit card,True,0,3,8.2,True,21,41.9,14.7,2,47.5,8.3,10,True,3.0,False,0.0,1,Yes
CX00111,41,Gaming,Organic Search,Mobile,14,Annual,Premium,1,False,25.02,344.14,Credit card,True,0,3,1.9,False,6,15.7,1.6,12,59.4,8.4,7,True,5.1,True,18.2,1,Yes
CX00112,43,News & Media,Organic Search,Desktop,45,Month-to-month,Standard,4,True,18.83,819.38,Credit card,False,0,2,10.0,True,16,7.5,2.0,3,45.5,9.3,10,False,1.5,True,20.1,1,No
CX00113,46,Fitness,Referral,Tablet,34,Annual,Plus,3,False,20.82,685.38,Credit card,True,0,2,8.7,False,7,6.6,0.8,1,46.9,9.4,10,False,7.6,False,0.0,1,No
CX00114,38,Cloud Storage,App Store,Smart TV,10,Month-to-month,Standard,4,True,22.64,219.88,Credit card,False,1,3,15.4,True,20,21.7,7.2,2,47.3,7.4,5,False,2.3,False,0.0,1,No
CX00115,36,Streaming,Email Campaign,Desktop,3,Month-to-month,Plus,3,False,18.78,50.62,Bank transfer,False,1,4,22.3,False,10,8.1,1.4,7,59.1,5.3,3,True,1.9,False,0.0,0,No
CX00116,43,Gaming,Email Campaign,Tablet,8,Month-to-month,Plus,4,False,23.83,172.34,Credit card,True,0,0,11.6,True,27,7.0,3.2,4,55.4,10.0,10,False,4.3,False,0.0,2,No
CX00117,38,News & Media,Organic Search,Desktop,19,Month-to-month,Standard,2,False,17.9,305.08,Debit card,False,0,0,13.9,False,4,23.9,1.6,3,31.7,6.5,6,True,0.2,True,16.5,1,No
CX00118,59,Fintech,Organic Search,Desktop,12,Annual,Standard,4,False,20.35,227.54,Buy now pay later,False,0,1,13.5,False,4,7.8,0.5,10,58.3,7.6,6,False,4.2,False,0.0,1,No
CX00119,29,Productivity,Email Campaign,Desktop,9,Month-to-month,Plus,3,False,29.86,239.31,Bank transfer,False,1,3,6.4,True,14,14.8,3.5,2,38.4,10.0,10,False,1.4,False,0.0,4,Yes
CX00120,32,Streaming,App Store,Mobile,23,Month-to-month,Basic,4,False,19.17,423.18,Credit card,True,1,2,2.9,True,15,16.9,4.2,4,38.2,7.8,8,True,2.4,False,0.0,2,No
CX00121,36,Streaming,Organic Search,Mobile,21,Annual,Premium,5,True,39.38,794.04,Digital wallet,True,0,2,3.8,True,16,28.6,7.6,28,36.3,10.0,10,False,6.4,False,0.0,1,No
CX00122,34,Fintech,Organic Search,Desktop,9,Two year,Basic,1,False,9.66,77.74,Bank transfer,True,0,2,19.5,False,8,13.6,1.8,4,60.5,9.1,9,False,0.4,False,0.0,1,No
CX00123,49,News & Media,Influencer,Mobile,27,Month-to-month,Standard,3,False,17.33,451.22,Credit card,False,2,3,8.8,True,18,7.6,2.3,12,60.0,6.0,5,True,11.2,False,0.0,0,Yes
CX00124,67,Productivity,Paid Social,Tablet,17,Month-to-month,Plus,3,True,27.39,421.14,Credit card,True,0,2,16.1,True,16,20.1,5.4,6,46.8,7.6,6,False,6.4,False,0.0,0,No
CX00125,35,Productivity,Paid Social,Mobile,36,Month-to-month,Basic,2,False,12.57,419.21,UPI / Instant transfer,False,2,2,19.4,True,16,57.1,15.2,3,32.4,8.5,9,False,7.3,True,8.3,3,No
CX00126,46,Cloud Storage,Paid Social,Desktop,10,Month-to-month,Standard,7,False,32.04,307.99,Digital wallet,True,0,3,18.3,False,2,1.1,0.0,92,58.7,8.3,8,False,1.1,True,11.4,1,Yes
CX00127,29,Productivity,App Store,Smart TV,6,Annual,Standard,2,False,17.65,97.34,Bank transfer,True,0,5,5.3,False,6,4.1,0.4,6,49.5,9.0,8,False,2.2,False,0.0,0,No
CX00128,26,Productivity,Paid Social,Desktop,15,Annual,Standard,4,False,19.69,264.96,Debit card,True,0,3,18.6,True,12,63.5,12.7,13,41.4,8.8,7,True,5.5,False,0.0,0,Yes
CX00129,31,Fitness,Referral,Desktop,3,Month-to-month,Standard,4,False,30.3,80.26,Credit card,True,0,3,9.1,True,26,9.0,3.9,16,46.2,7.4,7,False,3.4,False,0.0,0,No
CX00130,58,Streaming,Paid Social,Mobile,30,Annual,Basic,3,True,15.97,432.04,Buy now pay later,True,0,1,5.1,True,13,12.7,2.8,10,60.3,10.0,8,False,1.3,True,8.5,5,No
CX00131,48,Fitness,Referral,Smart TV,36,Two year,Basic,3,True,18.8,609.1,Credit card,True,0,4,29.3,True,15,21.1,5.3,4,70.0,7.7,9,True,5.7,False,0.0,0,No
CX00132,51,Streaming,Referral,Desktop,21,Annual,Standard,3,False,17.61,367.22,Digital wallet,False,2,3,17.3,True,17,24.0,6.8,3,40.0,5.8,7,False,5.7,True,15.7,1,No
CX00133,48,Streaming,Email Campaign,Desktop,37,Annual,Premium,4,False,33.24,1161.86,Bank transfer,True,0,3,8.1,False,12,6.4,1.3,8,47.8,8.1,8,False,8.2,False,0.0,1,No
CX00134,35,Fintech,Organic Search,Mobile,37,Two year,Standard,3,False,17.29,596.73,UPI / Instant transfer,True,1,4,14.0,True,14,17.2,4.0,1,63.4,7.4,9,True,1.9,False,0.0,1,No
CX00135,29,Streaming,Organic Search,Mobile,6,Month-to-month,Basic,4,False,17.21,91.33,UPI / Instant transfer,False,1,1,15.6,True,13,45.0,9.8,5,53.5,8.6,9,False,1.5,False,0.0,1,Yes
CX00136,26,Gaming,Referral,Tablet,19,Annual,Basic,2,False,11.77,205.14,Credit card,True,0,5,23.8,True,16,10.7,2.9,2,34.2,7.1,4,False,0.4,False,0.0,0,Yes
CX00137,47,Cloud Storage,App Store,Mobile,36,Annual,Basic,5,False,15.84,567.1,Credit card,True,0,2,18.2,True,16,10.5,2.8,5,47.0,8.4,9,False,0.4,True,24.7,1,No
CX00138,28,Productivity,Influencer,Mobile,20,Annual,Premium,5,True,43.66,771.36,Credit card,True,2,3,46.3,True,24,13.5,5.4,10,34.8,7.6,9,True,3.9,False,0.0,1,Yes
CX00139,42,Productivity,Influencer,Smart TV,10,Month-to-month,Plus,2,False,20.1,190.67,Digital wallet,True,0,1,11.4,False,14,16.7,3.9,3,58.4,9.9,10,True,10.3,False,0.0,0,Yes
CX00140,42,Fintech,App Store,Desktop,35,Annual,Standard,3,False,19.72,642.69,Credit card,False,0,1,19.0,False,8,49.1,6.5,9,44.6,7.9,10,True,1.5,False,0.0,4,Yes
CX00141,58,News & Media,Paid Social,Desktop,45,Annual,Basic,3,False,9.03,377.33,UPI / Instant transfer,True,0,2,16.1,False,4,3.3,0.2,11,71.8,7.3,7,True,11.0,True,17.5,0,No
CX00142,45,Streaming,Paid Social,Desktop,2,Month-to-month,Basic,2,False,11.46,20.73,UPI / Instant transfer,False,0,6,20.5,False,6,15.1,1.5,21,75.7,5.1,5,True,7.6,False,0.0,0,Yes
CX00143,28,Fintech,Paid Social,Mobile,50,Month-to-month,Basic,1,False,11.34,536.47,Bank transfer,False,0,3,7.9,True,17,13.1,3.7,11,43.6,9.7,9,True,0.9,False,0.0,2,No
CX00144,36,Fintech,Paid Social,Mobile,12,Month-to-month,Premium,5,True,37.31,424.07,UPI / Instant transfer,False,1,2,5.3,True,21,9.2,3.2,2,37.9,8.6,8,False,4.6,False,0.0,4,No
CX00145,38,News & Media,Paid Social,Mobile,47,Two year,Basic,2,False,12.37,559.99,UPI / Instant transfer,True,0,2,9.8,False,4,6.4,0.4,41,56.2,9.1,10,False,2.3,False,0.0,2,No
CX00146,24,Fitness,Organic Search,Smart TV,1,Month-to-month,Standard,1,True,13.65,13.24,Digital wallet,False,1,6,3.0,False,8,6.1,0.8,3,55.7,5.4,5,False,9.0,False,0.0,0,Yes
CX00147,18,Fintech,Referral,Desktop,14,Month-to-month,Basic,2,False,16.04,197.63,Credit card,True,0,2,26.5,True,16,20.1,5.4,11,48.6,9.4,9,True,10.2,True,7.8,2,Yes
CX00148,38,Streaming,Organic Search,Tablet,13,Month-to-month,Standard,2,False,15.1,174.78,UPI / Instant transfer,False,2,1,7.4,True,20,35.7,11.9,7,24.0,8.0,6,True,8.6,False,0.0,2,No
CX00149,26,Productivity,Organic Search,Mobile,43,Month-to-month,Plus,5,False,24.14,994.01,Credit card,False,2,5,16.4,True,22,36.9,13.5,4,52.0,8.0,7,False,3.5,False,0.0,1,Yes
CX00150,29,Fintech,Organic Search,Smart TV,2,Month-to-month,Standard,4,True,17.02,32.46,Credit card,False,1,4,1.6,True,21,7.1,2.5,4,48.2,7.5,8,False,0.4,False,0.0,0,No
CX00151,27,Fintech,Email Campaign,Desktop,36,Two year,Basic,2,False,10.1,323.27,Buy now pay later,False,0,0,8.0,False,1,21.8,0.4,84,39.5,7.2,6,True,1.2,False,0.0,3,No
CX00152,29,Fintech,Influencer,Smart TV,2,Month-to-month,Standard,4,False,19.49,34.86,Debit card,True,0,2,18.9,True,11,16.9,3.1,25,61.4,10.0,10,True,8.0,True,6.7,6,No
CX00153,39,Productivity,Influencer,Mobile,2,Annual,Plus,7,True,58.57,109.97,Debit card,False,0,3,32.0,True,28,5.0,2.3,1,46.4,6.5,5,False,4.4,False,0.0,1,No
CX00154,38,Fintech,Paid Social,Mobile,22,Month-to-month,Basic,2,False,11.79,241.39,Credit card,True,0,1,4.7,True,21,6.7,2.3,0,59.2,10.0,10,True,6.0,True,20.0,6,No
CX00155,25,Fintech,Organic Search,Mobile,39,Annual,Basic,1,False,12.41,483.43,Credit card,False,1,2,39.8,True,24,26.7,10.7,3,30.9,7.1,9,False,5.0,False,0.0,0,No
CX00156,48,Fintech,Organic Search,Mobile,9,Month-to-month,Standard,6,False,32.84,271.98,Bank transfer,True,0,3,7.4,True,13,28.0,6.1,10,37.6,8.3,8,False,2.9,False,0.0,3,No
CX00157,36,Cloud Storage,Referral,Tablet,33,Annual,Standard,2,True,12.95,378.89,Bank transfer,True,0,1,26.3,True,22,14.1,5.2,4,54.9,7.7,8,False,3.8,False,0.0,2,No
CX00158,29,Streaming,Referral,Mobile,7,Month-to-month,Basic,1,False,7.42,50.81,UPI / Instant transfer,False,3,0,23.4,False,4,13.0,0.9,3,51.1,8.6,9,False,5.3,False,0.0,1,No
CX00159,34,News & Media,Organic Search,Mobile,26,Month-to-month,Plus,2,False,26.41,641.85,Credit card,True,0,4,6.2,True,20,42.7,14.2,1,50.5,8.7,9,False,0.6,False,0.0,0,No
CX00160,46,Fintech,Organic Search,Mobile,8,Annual,Basic,1,False,9.09,66.03,Buy now pay later,True,0,2,8.7,False,10,6.0,1.0,9,50.2,9.6,10,False,7.7,True,10.7,2,No
CX00161,23,Fintech,Organic Search,Smart TV,9,Annual,Basic,1,False,8.49,72.12,Digital wallet,True,2,1,11.1,False,5,16.7,1.4,2,33.1,8.2,8,False,1.4,False,0.0,2,No
CX00162,22,Productivity,App Store,Tablet,16,Month-to-month,Plus,3,False,19.41,294.52,Credit card,False,3,1,1.7,True,24,5.7,2.3,4,44.2,8.2,9,True,13.9,True,12.6,0,Yes
CX00163,18,Cloud Storage,Paid Social,Desktop,18,Month-to-month,Standard,4,True,18.64,321.59,UPI / Instant transfer,False,0,3,6.6,True,20,9.2,3.1,16,55.9,7.2,7,False,3.4,False,0.0,1,No
CX00164,49,Streaming,Organic Search,Desktop,63,Annual,Standard,6,False,44.35,2674.51,Debit card,True,0,3,8.9,False,10,13.6,2.3,11,32.8,7.5,7,False,8.3,False,0.0,0,Yes
CX00165,41,Gaming,Influencer,Mobile,34,Month-to-month,Basic,3,False,8.65,268.0,Credit card,True,0,2,7.5,True,14,18.9,4.4,17,46.2,9.1,8,False,11.8,False,0.0,3,No
CX00166,26,Streaming,Paid Social,Desktop,12,Month-to-month,Standard,4,True,21.96,240.81,Credit card,False,2,6,15.0,True,21,19.4,6.8,4,60.7,7.8,5,False,5.8,False,0.0,0,Yes
CX00167,31,Fintech,Organic Search,Desktop,27,Two year,Plus,4,False,27.91,725.09,UPI / Instant transfer,True,0,1,11.3,False,12,9.0,1.8,0,34.6,8.1,8,False,4.4,True,17.5,0,No
CX00168,45,News & Media,Email Campaign,Mobile,25,Month-to-month,Basic,4,True,20.69,469.66,UPI / Instant transfer,True,0,3,3.4,True,15,10.8,2.7,3,50.6,10.0,9,False,7.9,False,0.0,2,No
CX00169,28,Streaming,Influencer,Mobile,3,Month-to-month,Premium,4,False,23.89,67.81,Buy now pay later,True,0,2,11.6,True,29,12.6,6.1,5,53.0,9.0,10,False,11.6,False,0.0,1,No
CX00170,32,Fitness,Email Campaign,Tablet,21,Month-to-month,Standard,2,False,13.28,255.77,Debit card,True,0,2,5.7,True,19,4.7,1.5,7,51.8,8.1,7,False,2.7,False,0.0,0,Yes
CX00171,38,Streaming,Organic Search,Mobile,33,Month-to-month,Plus,5,True,25.36,832.13,Debit card,True,0,4,25.7,True,24,15.3,6.1,6,26.3,7.2,7,False,3.2,True,6.6,0,No
CX00172,25,Fintech,App Store,Desktop,54,Month-to-month,Basic,3,False,16.92,870.06,Bank transfer,True,0,3,8.0,True,15,12.9,3.2,17,33.9,8.6,10,True,6.0,False,0.0,2,No
CX00173,49,Fintech,Email Campaign,Smart TV,40,Annual,Standard,4,False,19.38,693.82,UPI / Instant transfer,False,3,3,6.0,True,17,4.1,1.2,1,44.6,8.5,6,True,4.2,True,12.5,3,No
CX00174,31,Cloud Storage,App Store,Desktop,56,Two year,Basic,2,False,12.25,646.32,UPI / Instant transfer,True,0,1,2.9,False,7,22.3,2.6,10,62.6,9.1,10,True,9.0,True,24.8,3,No
CX00175,41,Productivity,Organic Search,Mobile,33,Two year,Standard,2,False,19.85,647.61,Credit card,True,1,1,33.9,False,5,7.0,0.6,8,38.5,7.0,5,False,9.1,False,0.0,0,No
CX00176,29,Streaming,Organic Search,Mobile,7,Month-to-month,Premium,5,False,34.99,222.77,Digital wallet,False,0,0,7.9,True,17,16.1,4.6,13,38.4,6.0,5,False,8.3,False,0.0,2,No
CX00177,29,Fintech,Paid Social,Desktop,30,Annual,Basic,1,False,10.64,307.97,Digital wallet,False,2,2,33.1,True,16,12.5,3.3,14,44.1,8.8,10,False,0.2,False,0.0,1,No
CX00178,51,News & Media,App Store,Tablet,38,Month-to-month,Basic,1,False,7.12,238.14,UPI / Instant transfer,False,1,2,10.5,True,19,3.1,1.0,16,55.2,9.3,10,True,1.1,False,0.0,2,No
CX00179,43,Gaming,Organic Search,Desktop,40,Annual,Basic,2,False,11.64,424.11,Debit card,True,0,1,5.5,False,3,18.2,0.9,22,54.6,7.7,9,False,6.0,False,0.0,1,No
CX00180,43,Fitness,Organic Search,Desktop,53,Month-to-month,Standard,3,False,18.93,994.09,UPI / Instant transfer,True,0,2,0.5,True,21,5.4,1.9,12,57.6,9.8,9,False,5.2,False,0.0,3,No
CX00181,41,Gaming,Referral,Mobile,32,Annual,Basic,2,False,14.09,432.26,Digital wallet,False,0,1,17.2,True,13,4.5,1.0,4,56.5,6.7,6,False,8.0,False,0.0,0,No
CX00182,26,Fintech,App Store,Mobile,32,Annual,Basic,3,False,20.04,619.73,UPI / Instant transfer,False,2,0,5.8,True,10,15.0,2.5,2,67.4,5.6,5,False,15.3,False,0.0,0,No
CX00183,41,Streaming,Influencer,Desktop,18,Annual,Basic,1,False,8.19,142.73,Bank transfer,False,0,2,12.3,False,9,6.9,1.0,25,43.8,7.3,7,True,7.0,True,9.7,1,No
CX00184,36,Streaming,Email Campaign,Tablet,19,Two year,Standard,3,True,17.06,318.5,Debit card,False,1,7,0.6,False,9,18.8,2.8,16,52.4,7.5,6,True,2.2,False,0.0,0,No
CX00185,35,Streaming,Organic Search,Tablet,9,Month-to-month,Basic,5,False,15.26,123.79,UPI / Instant transfer,True,0,3,8.7,False,7,41.9,4.9,3,42.1,10.0,10,True,5.5,False,0.0,3,Yes
CX00186,35,Cloud Storage,Organic Search,Mobile,17,Annual,Basic,2,False,16.07,257.12,UPI / Instant transfer,True,1,2,2.8,True,17,49.0,13.9,5,64.5,8.8,10,True,2.3,False,0.0,2,No
CX00187,37,Productivity,Organic Search,Mobile,34,Annual,Standard,5,False,31.17,1012.8,UPI / Instant transfer,True,2,1,7.3,True,20,38.9,13.0,19,79.4,6.9,9,True,6.3,False,0.0,1,No
CX00188,26,Productivity,Organic Search,Desktop,8,Month-to-month,Premium,6,False,32.0,244.8,UPI / Instant transfer,True,0,3,3.6,True,24,30.3,12.1,7,40.1,10.0,9,True,2.7,False,0.0,4,No
CX00189,41,Gaming,Email Campaign,Desktop,9,Annual,Plus,3,True,25.01,215.87,UPI / Instant transfer,False,3,2,1.6,False,8,11.7,1.6,9,34.8,7.6,6,False,1.4,False,0.0,1,No
CX00190,32,Streaming,Paid Social,Desktop,28,Month-to-month,Plus,2,False,26.09,675.14,Debit card,True,0,1,6.3,False,13,24.6,5.3,6,67.0,9.8,10,False,7.3,False,0.0,3,No
CX00191,31,Streaming,Referral,Mobile,11,Month-to-month,Standard,5,False,23.43,243.26,UPI / Instant transfer,True,0,2,29.7,False,6,16.9,1.7,24,34.7,5.8,8,False,5.1,False,0.0,0,No
CX00192,41,Streaming,App Store,Mobile,15,Month-to-month,Plus,3,False,26.3,363.69,Credit card,True,0,2,8.6,True,13,11.8,2.6,4,77.7,8.9,9,True,0.5,False,0.0,1,No
CX00193,37,Streaming,Influencer,Mobile,15,Month-to-month,Plus,5,True,27.35,404.78,Bank transfer,True,0,3,15.0,True,16,20.7,5.5,9,47.2,6.6,7,False,2.4,True,3.0,1,No
CX00194,35,Streaming,Organic Search,Desktop,25,Annual,Basic,2,False,12.46,277.59,Debit card,True,1,2,10.9,False,8,11.3,1.5,11,53.9,8.1,7,False,7.3,False,0.0,2,No
CX00195,45,Productivity,App Store,Mobile,24,Annual,Plus,4,False,26.58,568.28,Bank transfer,True,0,4,3.1,True,12,13.2,2.6,1,47.2,9.7,10,True,3.9,False,0.0,1,No
CX00196,37,Fintech,Organic Search,Smart TV,20,Month-to-month,Standard,4,False,18.88,368.56,Digital wallet,True,1,4,4.3,False,9,7.0,1.0,6,66.7,7.9,10,False,9.2,True,6.4,0,No
CX00197,35,Fitness,App Store,Mobile,49,Two year,Standard,2,True,22.8,1080.6,Digital wallet,False,2,3,3.6,True,17,11.5,3.3,15,37.3,8.5,9,False,4.1,False,0.0,2,No
CX00198,37,Cloud Storage,App Store,Mobile,15,Month-to-month,Basic,3,True,13.7,189.46,UPI / Instant transfer,False,2,3,13.9,True,14,6.5,1.5,28,56.9,5.5,8,False,3.2,False,0.0,0,Yes
CX00199,38,News & Media,Referral,Desktop,12,Month-to-month,Basic,3,True,14.85,159.44,Digital wallet,True,2,3,10.1,True,15,12.8,3.2,2,23.5,7.9,8,False,0.7,False,0.0,3,No
CX00200,44,News & Media,App Store,Mobile,16,Month-to-month,Premium,7,False,47.58,749.25,Digital wallet,False,1,3,25.1,True,21,18.3,6.4,7,58.4,9.1,10,False,1.8,False,0.0,3,No
CX00201,55,Fintech,Paid Social,Mobile,33,Annual,Standard,1,False,16.07,529.3,UPI / Instant transfer,True,0,2,21.8,True,14,44.3,10.3,9,68.3,8.6,9,False,3.6,False,0.0,1,No
CX00202,47,Cloud Storage,App Store,Mobile,12,Annual,Basic,3,False,14.07,167.91,Credit card,True,1,5,5.6,True,16,6.0,1.6,1,50.7,9.5,10,False,7.2,False,0.0,2,No
CX00203,48,News & Media,App Store,Mobile,9,Month-to-month,Standard,5,False,21.39,185.29,Debit card,False,3,5,4.0,True,17,5.9,1.7,8,52.4,7.0,8,False,1.3,False,0.0,0,No
CX00204,30,Fintech,App Store,Smart TV,35,Annual,Plus,8,False,33.5,1087.36,Debit card,False,0,3,4.5,False,9,40.3,6.0,7,23.6,8.2,7,False,0.1,True,12.9,0,No
CX00205,18,Cloud Storage,Organic Search,Mobile,35,Annual,Basic,4,False,21.01,674.52,Buy now pay later,True,0,7,10.9,True,16,11.0,2.9,2,27.2,5.2,5,True,2.1,False,0.0,0,No
CX00206,34,Fitness,Paid Social,Desktop,44,Annual,Basic,1,False,10.71,468.77,Debit card,False,0,1,5.8,True,18,8.8,2.6,18,45.8,7.5,7,False,2.6,False,0.0,0,No
CX00207,37,Fitness,Referral,Mobile,7,Month-to-month,Premium,3,True,22.69,145.47,UPI / Instant transfer,True,1,2,6.3,True,22,6.7,2.5,7,37.0,6.1,4,True,12.2,True,9.3,0,No
CX00208,41,Fitness,Organic Search,Mobile,13,Month-to-month,Standard,3,False,18.97,220.24,Credit card,True,1,6,16.2,True,15,24.0,6.0,4,55.2,7.3,8,True,3.9,False,0.0,0,No
CX00209,38,Streaming,Referral,Tablet,39,Two year,Standard,3,False,17.11,597.59,Buy now pay later,True,0,4,30.5,True,15,7.4,1.8,11,46.3,6.8,8,True,9.4,False,0.0,1,No
CX00210,30,Streaming,Organic Search,Mobile,24,Two year,Standard,2,False,22.68,538.54,Buy now pay later,True,2,7,17.5,True,20,30.3,10.1,6,37.3,8.7,10,False,4.5,False,0.0,2,No
CX00211,56,Productivity,Organic Search,Mobile,18,Month-to-month,Plus,4,True,20.95,337.22,UPI / Instant transfer,False,2,1,12.3,True,18,6.6,2.0,3,41.2,9.3,10,False,2.6,False,0.0,1,No
CX00212,29,Productivity,Referral,Mobile,22,Annual,Basic,1,False,9.15,190.47,Buy now pay later,False,1,2,17.6,True,16,10.7,2.9,7,38.5,8.4,9,False,0.7,False,0.0,0,No
CX00213,20,Fintech,Referral,Mobile,9,Month-to-month,Standard,1,True,11.75,105.03,Debit card,True,0,2,10.3,True,22,6.9,2.5,4,80.6,9.0,10,True,6.1,False,0.0,3,No
CX00214,24,Fitness,App Store,Desktop,24,Month-to-month,Basic,2,False,11.49,267.32,Credit card,False,4,3,8.2,True,25,7.9,3.3,3,53.3,8.6,10,False,0.1,True,15.4,1,No
CX00215,43,Fintech,App Store,Mobile,80,Month-to-month,Standard,3,False,20.31,1608.93,Bank transfer,True,0,2,3.1,True,17,18.7,5.3,9,72.4,8.7,8,False,3.4,False,0.0,2,No
CX00216,54,Fitness,App Store,Desktop,19,Month-to-month,Standard,7,False,33.16,590.68,Credit card,False,2,4,7.8,True,26,17.8,7.7,20,53.0,9.0,9,True,4.1,False,0.0,1,No
CX00217,26,Productivity,Referral,Mobile,24,Month-to-month,Basic,2,True,9.23,212.68,UPI / Instant transfer,False,2,1,15.9,True,21,13.0,4.6,13,34.6,7.8,8,True,0.2,False,0.0,0,No
CX00218,50,Gaming,Organic Search,Mobile,34,Two year,Plus,2,True,26.78,857.42,Bank transfer,False,1,1,2.6,True,17,3.4,1.0,1,32.5,8.7,9,False,1.0,False,0.0,4,No
CX00219,33,Cloud Storage,Referral,Mobile,39,Annual,Basic,1,True,6.94,257.47,Credit card,True,0,2,14.1,True,10,12.0,2.0,15,40.7,8.5,7,False,6.9,False,0.0,3,No
CX00220,44,Productivity,Referral,Desktop,7,Month-to-month,Basic,2,False,8.55,58.09,UPI / Instant transfer,True,0,3,10.6,True,16,30.0,8.0,3,35.1,7.1,9,False,0.4,False,0.0,0,Yes
CX00221,46,News & Media,Paid Social,Mobile,5,Month-to-month,Basic,2,True,9.64,45.42,UPI / Instant transfer,False,2,5,13.5,True,11,17.5,3.2,0,53.2,6.7,4,False,2.0,False,0.0,1,Yes
CX00222,54,Fitness,Organic Search,Mobile,9,Month-to-month,Plus,5,False,22.75,186.33,UPI / Instant transfer,True,0,0,35.0,False,17,28.3,8.0,5,57.9,8.0,6,False,1.7,False,0.0,1,No
CX00223,33,Streaming,Organic Search,Desktop,14,Annual,Basic,2,False,9.5,131.3,UPI / Instant transfer,True,0,0,4.5,False,10,9.4,1.6,15,56.4,8.4,9,False,12.8,False,0.0,2,No
CX00224,29,Cloud Storage,Paid Social,Mobile,19,Month-to-month,Plus,1,False,20.22,361.15,Debit card,True,0,4,8.2,True,23,38.2,14.6,19,47.1,8.2,8,False,2.0,False,0.0,2,Yes
CX00225,21,Streaming,App Store,Desktop,16,Month-to-month,Standard,2,True,15.1,240.16,Debit card,True,0,3,10.3,False,3,17.5,0.9,25,59.6,8.7,7,True,1.6,True,15.9,1,Yes
CX00226,18,Streaming,Paid Social,Smart TV,16,Month-to-month,Standard,1,False,20.59,320.71,UPI / Instant transfer,False,1,2,2.5,False,8,28.8,3.8,11,59.9,7.4,6,True,2.9,False,0.0,2,No
CX00227,52,Productivity,App Store,Tablet,9,Annual,Standard,2,True,17.07,146.78,Bank transfer,True,1,0,16.0,True,17,10.9,3.1,1,52.8,7.9,9,True,0.9,False,0.0,1,No
CX00228,36,Streaming,Organic Search,Desktop,21,Two year,Standard,3,False,19.93,407.88,Bank transfer,True,2,1,7.9,False,7,9.4,1.1,5,44.1,8.1,7,True,0.3,False,0.0,1,No
CX00229,25,Fintech,Email Campaign,Mobile,18,Annual,Plus,2,True,25.78,445.8,Debit card,True,0,3,2.8,True,21,16.0,5.6,5,58.0,7.6,5,True,0.1,False,0.0,1,Yes
CX00230,18,News & Media,Organic Search,Mobile,30,Two year,Standard,5,False,27.55,759.35,Credit card,False,2,6,8.8,True,20,2.6,0.9,15,28.6,8.3,10,False,7.9,False,0.0,2,No
CX00231,18,News & Media,Influencer,Desktop,14,Month-to-month,Plus,3,False,20.49,269.28,UPI / Instant transfer,False,2,4,12.7,False,12,0.5,0.1,10,11.8,7.0,8,True,6.2,False,0.0,1,Yes
CX00232,31,News & Media,Organic Search,Mobile,18,Month-to-month,Standard,1,True,18.56,311.14,Digital wallet,False,0,0,15.0,True,17,16.5,4.7,8,57.9,8.5,8,True,6.6,True,8.1,3,No
CX00233,40,Fitness,App Store,Mobile,13,Two year,Standard,5,False,24.9,311.83,Digital wallet,True,2,4,12.5,True,20,3.7,1.2,12,45.0,8.0,9,True,6.4,False,0.0,1,No
CX00234,23,Gaming,Organic Search,Smart TV,29,Annual,Premium,5,True,41.56,1132.94,Credit card,True,1,1,2.2,False,5,24.8,2.1,2,63.8,7.4,7,True,9.1,True,6.8,2,No
CX00235,38,News & Media,Paid Social,Mobile,18,Month-to-month,Premium,2,False,24.99,398.95,Bank transfer,True,1,3,7.6,False,11,19.0,3.5,0,52.3,9.0,8,False,6.2,False,0.0,0,No
CX00236,25,Productivity,App Store,Mobile,5,Month-to-month,Premium,4,False,26.72,131.68,Debit card,True,0,3,1.9,True,26,19.3,8.4,23,55.1,9.1,8,False,3.5,False,0.0,1,No
CX00237,18,Cloud Storage,App Store,Mobile,39,Month-to-month,Standard,3,False,20.44,755.76,Credit card,True,0,3,1.6,True,11,20.7,3.8,1,26.1,5.8,3,False,0.8,False,0.0,0,No
CX00238,34,Streaming,Paid Social,Desktop,13,Annual,Plus,5,False,32.41,384.82,UPI / Instant transfer,True,2,6,15.3,True,13,20.8,4.5,22,50.7,8.5,8,False,6.7,False,0.0,0,No
CX00239,46,Cloud Storage,Organic Search,Smart TV,11,Month-to-month,Standard,2,False,15.86,155.27,Debit card,True,1,4,4.8,False,4,5.6,0.4,6,40.7,7.0,5,False,7.0,False,0.0,2,No
CX00240,21,Productivity,Organic Search,Mobile,13,Month-to-month,Basic,1,False,7.94,97.61,Digital wallet,True,1,1,5.6,True,19,5.8,1.8,5,53.9,8.6,7,False,10.5,False,0.0,4,No
CX00241,37,News & Media,Paid Social,Mobile,19,Annual,Basic,5,True,22.15,380.08,Digital wallet,True,0,4,19.4,True,21,3.6,1.3,20,58.8,7.6,6,True,11.4,True,8.0,2,No
CX00242,21,Productivity,Paid Social,Mobile,23,Two year,Standard,2,False,15.64,326.8,Bank transfer,True,1,4,21.9,True,18,17.8,5.3,9,27.8,7.3,6,True,7.2,False,0.0,1,No
CX00243,22,Fintech,Paid Social,Mobile,42,Two year,Basic,1,False,6.69,277.14,Digital wallet,True,2,4,2.7,True,15,2.3,0.6,2,56.5,9.0,7,False,4.1,False,0.0,2,No
CX00244,33,Productivity,Referral,Mobile,5,Month-to-month,Basic,2,False,10.95,48.74,Buy now pay later,False,0,2,18.8,True,19,25.8,8.2,7,34.4,7.6,4,False,2.7,False,0.0,3,Yes
CX00245,31,Fintech,App Store,Mobile,11,Month-to-month,Basic,1,False,8.0,84.03,Credit card,True,1,2,13.8,True,13,3.8,0.8,8,54.4,8.1,8,True,4.6,False,0.0,0,No
CX00246,18,Gaming,Referral,Mobile,17,Month-to-month,Basic,1,False,7.85,118.41,UPI / Instant transfer,False,0,1,6.5,True,18,11.6,3.5,3,23.7,10.0,10,False,6.4,False,0.0,4,No
CX00247,42,Cloud Storage,Referral,Desktop,6,Month-to-month,Plus,2,True,17.08,99.86,Debit card,False,2,1,14.4,True,15,1.2,0.3,7,45.6,8.5,6,True,8.6,False,0.0,1,No
CX00248,40,Streaming,Organic Search,Desktop,9,Month-to-month,Plus,4,False,36.08,287.71,Digital wallet,True,0,4,10.5,True,34,22.1,12.5,8,35.5,7.4,6,True,0.4,False,0.0,0,Yes
CX00249,26,Productivity,Organic Search,Mobile,4,Month-to-month,Standard,4,False,18.28,72.89,UPI / Instant transfer,True,0,4,6.8,True,25,23.7,9.9,5,45.4,7.8,9,False,7.8,True,21.2,1,No
CX00250,33,Productivity,Referral,Mobile,13,Month-to-month,Basic,1,False,8.45,108.43,Debit card,True,1,1,15.6,True,14,12.2,2.8,11,53.2,8.1,8,False,4.9,False,0.0,0,No
CX00251,58,Fintech,Organic Search,Tablet,37,Two year,Premium,2,False,24.7,882.89,Digital wallet,True,0,5,9.0,True,15,3.2,0.8,22,55.8,7.8,9,False,3.6,True,20.8,1,No
CX00252,36,Productivity,App Store,Mobile,12,Month-to-month,Basic,1,False,9.13,101.86,Debit card,True,0,2,16.2,True,16,3.7,1.0,3,60.2,8.0,8,True,1.3,True,21.3,0,Yes
CX00253,21,Streaming,Paid Social,Mobile,12,Month-to-month,Premium,5,True,28.41,306.73,Bank transfer,False,1,3,3.3,True,27,16.5,7.4,5,44.3,7.7,10,True,2.6,False,0.0,1,No
CX00254,25,Gaming,App Store,Mobile,21,Two year,Standard,5,True,25.39,499.06,Debit card,True,0,2,9.8,True,18,18.5,5.6,3,54.9,8.9,9,False,5.3,False,0.0,3,No
CX00255,31,Cloud Storage,Paid Social,Desktop,42,Annual,Standard,1,True,15.65,590.09,Debit card,True,0,1,24.0,True,16,16.7,4.5,5,27.0,8.7,9,False,4.1,False,0.0,0,No
CX00256,51,News & Media,Email Campaign,Mobile,8,Annual,Standard,3,True,18.36,132.01,UPI / Instant transfer,True,2,4,9.8,True,21,15.7,5.5,7,42.7,7.6,7,False,18.0,True,11.4,0,No
CX00257,61,Streaming,Email Campaign,Tablet,20,Month-to-month,Standard,1,False,14.84,275.37,Debit card,False,0,1,12.6,False,6,19.1,1.9,1,30.7,7.2,8,False,9.5,False,0.0,0,No
CX00258,51,Streaming,Paid Social,Tablet,18,Two year,Standard,3,True,23.59,391.58,Debit card,False,3,2,9.6,True,23,1.9,0.7,2,30.6,9.3,6,False,14.3,False,0.0,2,No
CX00259,53,Cloud Storage,Influencer,Mobile,75,Two year,Premium,7,False,34.18,2473.77,Digital wallet,True,1,3,13.4,True,20,18.7,6.2,1,43.6,7.8,7,False,9.1,False,0.0,2,No
CX00260,57,Fintech,Paid Social,Desktop,17,Annual,Standard,4,False,18.97,284.33,Debit card,True,2,2,4.8,True,13,23.3,5.0,8,34.0,9.2,10,True,1.8,True,14.6,1,No
CX00261,37,Cloud Storage,App Store,Mobile,48,Two year,Standard,2,False,16.15,727.39,UPI / Instant transfer,False,1,2,23.4,True,20,6.7,2.2,14,57.8,9.2,10,False,5.9,True,26.0,2,No
CX00262,46,Productivity,App Store,Tablet,19,Month-to-month,Standard,4,True,24.85,435.54,Credit card,True,0,3,4.8,True,17,11.8,3.3,5,44.4,8.8,10,False,6.6,False,0.0,0,No
CX00263,21,News & Media,Organic Search,Smart TV,30,Month-to-month,Basic,2,False,10.51,309.28,Digital wallet,True,1,0,8.3,False,3,20.2,1.0,24,73.2,7.9,8,False,0.6,False,0.0,0,Yes
CX00264,22,Streaming,App Store,Smart TV,18,Annual,Basic,1,True,7.56,130.9,Buy now pay later,True,0,6,25.9,False,5,23.2,1.9,1,47.5,7.0,7,True,3.3,False,0.0,0,Yes
CX00265,31,Fitness,App Store,Desktop,23,Annual,Standard,1,False,14.32,291.61,Digital wallet,True,1,1,10.7,False,15,32.3,8.1,7,51.8,8.1,9,False,2.3,False,0.0,0,No
CX00266,45,Fintech,Paid Social,Mobile,22,Month-to-month,Plus,3,False,24.13,483.94,Bank transfer,True,1,0,6.6,False,10,1.0,0.2,19,34.4,9.2,10,False,12.7,True,25.0,1,No
CX00267,18,Streaming,App Store,Mobile,7,Month-to-month,Basic,1,False,9.51,66.36,Debit card,True,1,2,13.5,True,9,6.9,1.0,5,48.3,7.4,5,False,17.7,False,0.0,1,Yes
CX00268,29,Productivity,Email Campaign,Mobile,9,Month-to-month,Plus,2,False,20.32,172.71,Bank transfer,True,0,0,7.5,True,23,13.5,5.2,15,75.3,9.4,9,True,2.2,False,0.0,1,No
CX00269,35,Streaming,Organic Search,Mobile,73,Two year,Basic,2,False,9.75,707.64,Credit card,True,1,2,6.2,True,15,8.0,2.0,1,55.3,8.6,8,False,5.6,False,0.0,0,No
CX00270,18,Gaming,App Store,Desktop,3,Month-to-month,Basic,2,False,13.48,39.52,Buy now pay later,True,0,5,10.1,True,24,9.3,3.7,5,39.2,7.5,8,True,0.5,False,0.0,1,No
CX00271,46,Streaming,Organic Search,Mobile,10,Month-to-month,Standard,1,False,12.54,124.64,Bank transfer,True,0,2,11.4,False,7,4.1,0.5,10,23.3,6.6,8,False,1.5,False,0.0,0,No
CX00272,43,Cloud Storage,Organic Search,Smart TV,18,Two year,Plus,8,False,54.69,902.92,Buy now pay later,False,1,4,7.1,True,22,17.8,6.5,4,41.0,8.2,8,False,0.8,False,0.0,0,No
CX00273,29,Fintech,App Store,Mobile,45,Two year,Plus,3,False,26.21,1070.3,Debit card,True,0,3,17.6,True,22,15.6,5.7,33,40.0,7.5,7,True,1.4,False,0.0,0,No
CX00274,25,Fitness,Organic Search,Desktop,16,Annual,Plus,4,False,19.63,288.44,Credit card,False,1,3,12.8,True,20,23.3,7.8,6,46.4,7.2,9,True,11.2,True,23.3,0,Yes
CX00275,36,News & Media,Organic Search,Mobile,19,Month-to-month,Premium,2,False,20.88,351.46,Digital wallet,True,0,3,7.6,True,24,21.6,8.6,20,54.5,9.0,8,False,1.7,False,0.0,0,No
CX00276,34,Streaming,Organic Search,Mobile,11,Annual,Plus,8,True,31.4,318.5,Credit card,True,0,7,7.1,True,15,15.9,4.0,8,47.5,7.8,8,False,3.4,False,0.0,1,No
CX00277,32,Productivity,Organic Search,Mobile,8,Month-to-month,Premium,4,False,31.46,232.57,Digital wallet,False,0,6,12.2,True,26,11.5,5.0,7,69.9,7.2,8,False,2.8,False,0.0,2,No
CX00278,36,Cloud Storage,Organic Search,Mobile,37,Month-to-month,Premium,3,False,29.53,1074.47,Debit card,True,0,1,4.1,True,21,15.1,5.3,3,67.6,8.7,8,True,3.3,True,8.9,2,No
CX00279,28,Streaming,Paid Social,Smart TV,10,Month-to-month,Premium,8,True,43.32,419.14,Credit card,True,0,3,14.3,False,13,7.7,1.7,8,37.1,8.5,10,False,6.4,False,0.0,2,Yes
CX00280,24,Fitness,Organic Search,Desktop,26,Month-to-month,Standard,1,False,13.56,317.93,Debit card,True,0,0,15.0,True,17,14.7,4.2,7,54.4,9.3,8,False,1.3,False,0.0,2,No
CX00281,18,Gaming,Influencer,Tablet,40,Annual,Basic,1,False,10.54,384.77,Credit card,False,1,2,7.8,False,4,33.7,2.2,19,62.5,8.1,9,False,0.5,False,0.0,1,No
CX00282,39,Cloud Storage,Paid Social,Desktop,13,Month-to-month,Standard,1,False,11.62,137.24,UPI / Instant transfer,True,0,2,15.0,False,7,8.6,1.0,1,55.1,6.8,8,False,5.0,False,0.0,0,No
CX00283,25,Fintech,Paid Social,Mobile,14,Month-to-month,Premium,5,False,29.67,396.42,Credit card,False,0,2,8.1,True,16,13.3,3.5,7,43.0,7.5,8,True,5.1,True,11.7,0,Yes
CX00284,29,Productivity,Organic Search,Tablet,37,Annual,Basic,2,False,11.0,360.29,Credit card,True,2,4,29.7,False,4,4.6,0.3,19,40.1,7.9,6,False,6.6,False,0.0,2,No
CX00285,42,Gaming,Organic Search,Mobile,44,Two year,Standard,3,True,19.57,846.7,Credit card,True,0,2,14.5,True,19,20.9,6.6,3,79.9,10.0,10,False,1.0,True,9.4,3,No
CX00286,39,Streaming,Paid Social,Mobile,21,Two year,Standard,3,True,14.1,271.4,Digital wallet,True,0,2,13.1,True,22,4.8,1.8,27,52.8,8.1,10,False,9.7,True,15.2,2,No
CX00287,42,Fintech,Paid Social,Desktop,52,Annual,Basic,3,False,12.18,566.55,Digital wallet,True,0,0,7.0,False,2,15.7,0.5,1,54.8,10.0,9,False,17.0,False,0.0,2,No
CX00288,35,Fintech,Referral,Mobile,22,Two year,Basic,1,True,9.17,186.49,UPI / Instant transfer,True,0,1,5.1,True,13,21.8,4.7,4,44.4,8.0,7,True,2.2,False,0.0,0,Yes
CX00289,36,News & Media,Organic Search,Mobile,28,Month-to-month,Plus,1,False,19.35,496.54,UPI / Instant transfer,True,1,3,14.6,True,24,8.7,3.5,9,56.8,7.0,6,False,4.6,False,0.0,0,No
CX00290,35,Streaming,Referral,Smart TV,21,Annual,Plus,3,False,19.05,386.58,Digital wallet,False,0,2,9.4,True,18,42.1,12.6,5,47.2,7.5,5,False,2.6,False,0.0,1,No
CX00291,49,Streaming,Referral,Desktop,6,Month-to-month,Basic,2,False,8.63,46.22,Buy now pay later,False,2,4,3.4,True,13,16.3,3.5,18,53.7,9.0,10,True,8.3,True,8.2,4,Yes
CX00292,53,Fintech,Organic Search,Mobile,45,Month-to-month,Plus,3,False,19.06,795.99,Digital wallet,False,1,1,13.4,True,28,6.0,2.8,6,32.9,6.8,7,True,2.4,True,15.5,0,No
CX00293,44,Productivity,Organic Search,Tablet,79,Two year,Premium,7,True,39.9,3060.4,UPI / Instant transfer,True,0,1,10.4,True,14,34.2,8.0,10,64.6,10.0,10,True,6.6,True,27.3,1,No
CX00294,28,Streaming,Influencer,Mobile,3,Month-to-month,Basic,2,False,10.38,27.56,Bank transfer,True,1,2,18.5,True,19,5.1,1.6,2,68.2,9.1,8,True,5.1,False,0.0,2,No
CX00295,42,Productivity,Referral,Mobile,28,Annual,Plus,6,True,26.47,704.93,UPI / Instant transfer,True,0,5,3.5,True,15,3.6,0.9,2,32.1,6.0,5,True,11.1,False,0.0,0,Yes
CX00296,46,Fitness,Influencer,Desktop,17,Month-to-month,Premium,6,False,37.27,616.62,Debit card,True,0,4,1.9,True,32,0.8,0.4,1,47.3,8.1,7,True,3.6,False,0.0,2,Yes
CX00297,18,Gaming,Organic Search,Tablet,10,Month-to-month,Standard,6,True,33.51,298.44,Digital wallet,True,0,1,13.6,True,17,5.2,1.5,6,44.8,9.1,10,False,5.0,False,0.0,1,No
CX00298,42,Streaming,Paid Social,Tablet,5,Month-to-month,Basic,2,True,15.3,69.3,UPI / Instant transfer,False,1,2,4.0,True,15,14.0,3.5,13,47.9,7.9,9,False,3.8,False,0.0,3,No
CX00299,18,Fintech,Referral,Mobile,5,Month-to-month,Standard,6,False,31.94,147.37,Buy now pay later,True,0,1,4.6,True,14,6.7,1.6,6,63.2,9.6,10,False,0.9,True,10.2,4,No
CX00300,56,Fintech,Referral,Mobile,11,Annual,Standard,4,False,20.17,199.36,UPI / Instant transfer,True,0,2,6.0,True,18,9.1,2.7,12,63.4,8.4,7,True,0.7,False,0.0,1,No
CX00301,27,Fintech,Paid Social,Mobile,21,Annual,Premium,3,False,26.42,512.86,Debit card,False,0,2,0.9,True,15,5.9,1.5,1,56.7,8.1,8,False,1.4,False,0.0,0,No
CX00302,32,Streaming,App Store,Mobile,18,Month-to-month,Basic,2,False,14.43,256.29,Credit card,True,0,1,8.1,True,13,17.0,3.7,10,57.9,9.2,8,False,2.5,False,0.0,2,No
CX00303,47,Cloud Storage,App Store,Desktop,29,Month-to-month,Basic,3,True,11.14,295.62,UPI / Instant transfer,True,0,0,12.6,True,16,10.3,2.7,8,17.6,8.5,8,True,6.9,False,0.0,2,No
CX00304,25,Gaming,App Store,Mobile,13,Month-to-month,Basic,2,True,16.08,206.22,Credit card,True,1,2,10.6,True,21,12.2,4.3,5,53.9,8.3,8,True,3.4,True,14.0,1,No
CX00305,37,Fintech,App Store,Smart TV,3,Month-to-month,Basic,4,False,15.35,44.17,Digital wallet,True,0,1,13.6,False,4,11.3,0.8,2,57.7,9.1,10,False,15.6,False,0.0,2,No
CX00306,34,Fintech,Influencer,Mobile,12,Month-to-month,Premium,5,False,36.15,420.67,Bank transfer,True,0,2,7.5,True,29,14.2,6.9,20,66.9,10.0,10,False,8.9,False,0.0,2,No
CX00307,38,Streaming,Organic Search,Tablet,10,Annual,Plus,4,False,18.95,177.43,Bank transfer,False,0,3,5.4,False,6,10.9,1.1,8,41.2,8.1,9,False,1.7,False,0.0,1,No
CX00308,54,Fitness,Influencer,Mobile,20,Month-to-month,Plus,5,False,41.16,754.86,Credit card,True,0,4,16.6,True,21,4.6,1.6,1,53.1,7.8,8,False,1.2,False,0.0,0,No
CX00309,22,Productivity,Referral,Mobile,2,Month-to-month,Standard,5,False,25.2,46.82,UPI / Instant transfer,False,0,6,20.0,True,11,19.2,3.5,14,45.0,8.1,9,False,8.8,False,0.0,0,Yes
CX00310,43,Cloud Storage,App Store,Mobile,35,Month-to-month,Plus,3,False,29.61,985.37,UPI / Instant transfer,False,0,3,10.6,True,23,10.4,4.0,10,46.7,6.1,6,True,2.5,False,0.0,0,No
CX00311,47,Streaming,Referral,Mobile,9,Month-to-month,Standard,2,False,13.46,106.76,Credit card,True,1,4,4.1,True,26,6.5,2.8,19,60.9,9.7,10,False,15.9,False,0.0,3,No
CX00312,32,Gaming,Influencer,Smart TV,45,Annual,Standard,2,True,19.33,860.81,UPI / Instant transfer,False,0,3,19.3,False,7,1.3,0.2,20,31.7,7.2,8,False,6.8,True,6.7,1,Yes
CX00313,48,Fitness,Organic Search,Smart TV,8,Month-to-month,Premium,8,False,55.91,439.35,UPI / Instant transfer,False,1,7,7.3,False,9,18.5,2.8,9,49.1,7.7,9,False,5.6,True,3.0,1,No
CX00314,49,Streaming,Paid Social,Mobile,55,Two year,Basic,1,True,9.16,446.1,Credit card,True,1,4,21.3,True,23,14.2,5.4,24,34.0,8.2,7,False,9.0,False,0.0,1,No
CX00315,46,News & Media,Organic Search,Mobile,6,Annual,Plus,7,False,35.64,213.36,Debit card,True,0,3,3.4,True,25,20.2,8.4,2,42.8,8.6,8,True,5.7,True,3.0,3,No
CX00316,45,Cloud Storage,Paid Social,Desktop,17,Month-to-month,Standard,1,True,14.87,242.68,Digital wallet,True,1,1,6.7,True,12,16.0,3.2,15,53.7,10.0,10,False,5.7,False,0.0,4,No
CX00317,35,Fintech,App Store,Mobile,17,Month-to-month,Basic,1,False,9.02,153.1,Credit card,True,0,3,7.3,True,13,19.0,4.1,11,35.2,7.0,7,False,5.5,False,0.0,1,Yes
CX00318,52,Streaming,Referral,Mobile,24,Month-to-month,Basic,1,False,8.55,193.17,Buy now pay later,True,0,3,4.1,True,19,26.9,8.5,11,48.8,9.4,10,False,5.3,False,0.0,3,No
CX00319,44,Cloud Storage,App Store,Mobile,14,Month-to-month,Basic,2,False,12.67,171.19,UPI / Instant transfer,False,2,1,3.4,True,21,5.9,2.1,3,24.1,8.9,10,False,5.5,False,0.0,3,Yes
CX00320,51,Fitness,Paid Social,Mobile,23,Month-to-month,Standard,2,True,16.06,369.04,Buy now pay later,False,0,3,9.1,True,15,6.8,1.7,9,42.2,9.2,9,True,12.3,False,0.0,1,No
CX00321,47,Fintech,Organic Search,Desktop,35,Annual,Plus,2,False,30.35,1050.94,UPI / Instant transfer,False,0,1,10.9,True,23,7.9,3.0,6,59.1,9.9,10,False,4.6,False,0.0,1,No
CX00322,33,Fintech,Organic Search,Mobile,17,Annual,Basic,1,False,8.95,140.78,Digital wallet,True,0,2,11.9,True,18,47.5,14.2,6,56.2,9.9,8,False,6.1,False,0.0,3,No
CX00323,31,Productivity,App Store,Tablet,13,Month-to-month,Standard,4,True,17.29,221.13,Digital wallet,False,0,1,16.4,False,7,12.1,1.4,9,59.8,7.0,4,True,2.7,False,0.0,2,Yes
CX00324,38,Fintech,Paid Social,Mobile,7,Annual,Standard,1,False,11.15,70.46,Credit card,True,0,0,8.9,True,24,32.4,13.0,4,57.3,9.0,10,True,5.6,False,0.0,2,No
CX00325,27,Streaming,Paid Social,Mobile,33,Month-to-month,Plus,2,False,17.2,552.75,Bank transfer,True,0,5,31.9,True,24,9.2,3.7,6,38.6,7.6,5,False,6.8,False,0.0,0,No
CX00326,32,Streaming,Paid Social,Tablet,18,Annual,Standard,5,False,31.06,544.55,Credit card,True,0,1,5.2,False,6,7.7,0.8,12,43.8,8.7,9,True,6.3,True,9.8,2,No
CX00327,23,Gaming,Paid Social,Mobile,14,Month-to-month,Standard,2,True,17.27,223.53,Digital wallet,True,0,1,4.7,True,21,12.7,4.4,5,67.8,6.3,6,True,1.0,False,0.0,0,Yes
CX00328,42,Cloud Storage,Paid Social,Mobile,38,Month-to-month,Plus,3,False,19.16,673.75,UPI / Instant transfer,True,0,2,6.2,True,28,11.7,5.5,15,58.3,8.6,8,True,4.1,True,9.9,2,No
CX00329,45,Fitness,Organic Search,Mobile,41,Two year,Standard,3,False,23.92,971.35,Bank transfer,True,0,4,8.7,True,25,18.3,7.6,8,60.4,8.0,7,True,0.1,False,0.0,3,No
CX00330,42,Fintech,Referral,Mobile,67,Annual,Premium,4,True,29.61,1934.66,UPI / Instant transfer,True,0,3,8.4,True,20,19.3,6.4,6,52.4,9.4,8,False,4.6,False,0.0,3,No
CX00331,22,Cloud Storage,Influencer,Mobile,11,Month-to-month,Premium,5,False,30.13,321.88,Digital wallet,False,1,5,13.8,True,17,9.3,2.6,1,57.1,8.0,10,True,11.8,False,0.0,1,No
CX00332,31,News & Media,Paid Social,Desktop,12,Two year,Plus,5,False,48.49,553.25,Debit card,True,0,3,5.7,True,18,12.0,3.6,21,31.7,7.2,7,False,2.8,False,0.0,0,No
CX00333,23,Productivity,App Store,Tablet,6,Month-to-month,Standard,3,False,20.83,115.43,Debit card,False,2,3,7.5,True,23,21.2,8.1,7,64.7,9.1,9,False,3.4,False,0.0,2,No
CX00334,18,Productivity,Organic Search,Mobile,19,Annual,Plus,3,False,20.88,371.6,Digital wallet,False,2,0,35.1,True,33,9.8,5.4,6,65.3,9.2,7,False,3.4,False,0.0,0,Yes
CX00335,63,Streaming,Email Campaign,Mobile,14,Annual,Standard,2,False,13.78,178.87,Credit card,True,0,2,7.9,True,10,11.7,2.0,40,36.8,5.3,3,False,1.0,False,0.0,0,Yes
CX00336,47,Fintech,Paid Social,Mobile,15,Month-to-month,Premium,7,True,47.32,684.87,Credit card,True,0,5,6.8,True,30,5.4,2.7,19,46.7,8.5,9,False,3.8,False,0.0,0,No
CX00337,29,Fintech,Paid Social,Tablet,30,Annual,Plus,7,False,28.87,853.21,UPI / Instant transfer,True,1,3,13.2,False,9,8.4,1.3,2,36.0,9.2,9,True,14.9,False,0.0,2,No
CX00338,29,Streaming,Referral,Mobile,20,Month-to-month,Plus,2,False,21.96,421.37,Digital wallet,True,1,2,21.6,True,21,15.1,5.3,11,50.8,9.1,9,False,0.8,False,0.0,2,No
CX00339,34,Streaming,Referral,Desktop,45,Two year,Standard,2,True,14.76,618.96,UPI / Instant transfer,True,0,3,7.7,True,18,10.3,3.1,10,61.5,7.8,8,True,6.8,False,0.0,0,No
CX00340,37,Streaming,Paid Social,Mobile,39,Two year,Basic,1,True,7.53,282.98,Credit card,True,1,0,4.5,True,8,7.8,1.0,4,64.7,9.3,8,True,5.9,False,0.0,2,No
CX00341,54,Fintech,Paid Social,Mobile,43,Two year,Basic,2,True,14.25,562.27,Bank transfer,False,1,3,2.5,True,17,12.1,3.4,5,61.4,10.0,10,False,5.3,False,0.0,5,No
CX00342,48,Fintech,Referral,Tablet,15,Two year,Premium,4,False,36.7,516.67,Debit card,False,1,1,1.6,False,8,17.6,2.3,8,35.0,7.4,7,False,4.8,False,0.0,0,No
CX00343,25,Productivity,Paid Social,Mobile,41,Month-to-month,Premium,2,False,23.72,945.51,Credit card,True,1,1,17.4,True,21,3.1,1.1,21,30.5,7.5,7,False,3.1,False,0.0,0,No
CX00344,37,News & Media,Referral,Tablet,36,Annual,Basic,4,True,15.35,540.68,Digital wallet,False,1,0,8.1,True,15,37.3,9.3,1,45.6,9.9,9,False,5.8,True,26.4,3,No
CX00345,41,Streaming,App Store,Desktop,10,Annual,Plus,6,True,27.56,270.27,Digital wallet,False,1,6,14.1,False,6,11.2,1.1,3,80.7,7.6,8,True,3.4,True,3.0,1,No
CX00346,36,Cloud Storage,Paid Social,Mobile,31,Month-to-month,Plus,2,False,17.39,536.63,Credit card,True,0,1,10.6,True,17,6.8,1.9,14,41.2,6.9,9,False,13.6,False,0.0,2,No
CX00347,40,Streaming,App Store,Mobile,9,Month-to-month,Standard,2,False,19.31,156.56,Digital wallet,True,1,5,6.9,True,29,8.2,4.0,17,52.5,9.4,10,False,7.4,False,0.0,3,No
CX00348,35,Streaming,App Store,Smart TV,16,Month-to-month,Basic,3,True,11.88,171.96,Debit card,True,0,2,1.2,True,16,12.9,3.4,11,57.3,8.8,9,False,3.7,True,10.6,2,No
CX00349,27,News & Media,Referral,Mobile,34,Month-to-month,Basic,3,True,14.04,475.09,Debit card,True,0,2,4.7,True,15,11.2,2.8,19,33.9,8.3,7,False,22.5,False,0.0,1,No
CX00350,53,Streaming,Organic Search,Mobile,21,Annual,Premium,5,False,26.48,510.16,UPI / Instant transfer,True,0,0,14.0,True,18,7.6,2.3,0,63.9,9.1,9,False,2.0,False,0.0,1,No
CX00351,36,Streaming,Influencer,Mobile,9,Month-to-month,Plus,4,False,23.58,194.87,UPI / Instant transfer,True,0,3,11.0,True,15,6.9,1.7,3,58.4,7.2,7,True,1.6,True,10.9,0,No
CX00352,18,Streaming,Referral,Mobile,13,Annual,Basic,1,False,9.39,121.42,Digital wallet,False,0,1,2.8,True,16,6.2,1.7,12,15.5,10.0,8,False,4.1,False,0.0,1,No
CX00353,32,Productivity,Influencer,Smart TV,12,Month-to-month,Standard,3,False,24.41,265.16,Buy now pay later,True,0,0,3.4,False,4,13.0,0.9,26,50.1,10.0,10,False,5.1,True,7.3,1,No
CX00354,19,Fintech,App Store,Desktop,1,Month-to-month,Standard,5,False,26.25,26.19,Credit card,False,0,1,7.6,True,15,26.1,6.5,17,40.0,7.1,6,False,4.7,True,3.0,1,No
CX00355,43,Streaming,Referral,Mobile,25,Month-to-month,Plus,4,False,21.14,487.69,Credit card,False,1,2,16.3,True,15,5.8,1.4,2,32.3,8.8,8,True,0.6,False,0.0,3,No
CX00356,47,Streaming,App Store,Mobile,20,Annual,Standard,5,False,23.47,445.97,Digital wallet,True,0,3,12.2,True,17,2.2,0.6,22,38.1,8.7,7,False,0.8,False,0.0,1,No
CX00357,25,Fintech,Influencer,Mobile,44,Month-to-month,Plus,2,True,23.16,930.43,Digital wallet,True,0,6,3.9,True,20,15.5,5.2,4,48.9,9.6,9,True,2.7,False,0.0,6,No
CX00358,35,Fintech,Influencer,Desktop,11,Month-to-month,Plus,4,True,26.35,285.64,Credit card,True,0,2,12.8,True,17,19.3,5.5,9,76.7,6.5,7,True,5.8,False,0.0,1,Yes
CX00359,32,Fintech,App Store,Desktop,11,Month-to-month,Premium,6,False,29.34,296.65,Debit card,True,1,8,4.2,True,27,11.2,5.0,4,51.4,7.2,9,False,1.5,False,0.0,0,No
CX00360,52,Productivity,Paid Social,Desktop,9,Month-to-month,Basic,1,False,9.79,82.74,UPI / Instant transfer,True,1,2,18.9,True,16,1.9,0.5,5,43.3,8.5,8,False,6.5,False,0.0,4,No
CX00361,38,Productivity,App Store,Desktop,48,Annual,Premium,5,True,32.06,1463.38,Bank transfer,True,0,4,2.6,True,32,15.2,8.1,2,35.3,9.3,10,False,4.3,False,0.0,2,No
CX00362,45,Fintech,Paid Social,Mobile,8,Month-to-month,Premium,4,True,39.43,314.15,Digital wallet,True,0,1,28.0,True,16,3.4,0.9,8,42.7,9.9,10,False,2.1,False,0.0,1,No
CX00363,42,News & Media,App Store,Mobile,10,Annual,Standard,2,False,18.73,178.95,Buy now pay later,True,0,3,7.4,True,25,2.8,1.2,1,42.9,8.4,7,True,3.0,False,0.0,4,No
CX00364,44,Streaming,Paid Social,Mobile,10,Annual,Standard,5,False,28.22,271.53,Debit card,True,0,4,2.6,True,25,13.8,5.8,8,44.6,8.9,10,True,5.7,False,0.0,3,No
CX00365,28,Streaming,Email Campaign,Mobile,51,Two year,Standard,2,False,14.68,736.61,Digital wallet,True,0,4,6.8,True,16,2.2,0.6,4,48.8,8.2,6,False,2.5,False,0.0,3,No
CX00366,39,Streaming,App Store,Mobile,2,Month-to-month,Standard,3,False,15.75,31.23,Bank transfer,True,1,1,2.6,True,14,7.8,1.8,4,41.2,9.0,8,False,4.1,True,33.6,0,No
CX00367,49,Productivity,Influencer,Mobile,41,Two year,Standard,2,False,20.51,832.33,Debit card,True,0,2,8.6,True,15,21.8,5.4,5,78.9,9.7,10,False,5.1,False,0.0,2,No
CX00368,21,Streaming,Referral,Tablet,8,Month-to-month,Plus,4,False,21.57,158.82,Bank transfer,True,0,2,13.1,False,8,9.0,1.2,8,47.3,8.5,6,False,4.8,True,20.4,1,No
CX00369,23,Fintech,App Store,Smart TV,72,Two year,Basic,4,False,17.9,1164.72,Debit card,True,0,4,8.9,True,9,28.1,4.2,8,53.9,8.6,10,True,1.9,True,14.1,0,No
CX00370,36,Fintech,App Store,Smart TV,1,Month-to-month,Standard,2,False,18.02,15.9,Debit card,True,1,2,12.4,False,9,25.4,3.8,13,48.7,7.3,4,True,9.0,True,25.3,0,No
CX00371,54,News & Media,Paid Social,Desktop,4,Month-to-month,Standard,4,True,28.27,103.42,Credit card,True,0,0,5.7,False,4,12.8,0.9,21,47.4,6.4,5,True,2.2,False,0.0,0,No
CX00372,24,Cloud Storage,App Store,Mobile,7,Month-to-month,Standard,5,True,24.82,162.93,Credit card,True,1,2,2.4,True,18,30.8,9.2,10,50.1,9.5,9,False,19.5,True,22.7,1,Yes
CX00373,35,Streaming,Referral,Mobile,36,Annual,Basic,5,False,20.22,641.83,UPI / Instant transfer,True,0,2,3.4,True,14,14.0,3.3,1,59.6,9.1,7,False,1.2,True,22.3,2,No
CX00374,18,News & Media,Influencer,Mobile,11,Month-to-month,Premium,8,False,32.18,348.19,Digital wallet,False,0,2,15.3,True,17,11.9,3.4,4,43.7,9.0,10,True,2.3,False,0.0,0,No
CX00375,47,Streaming,App Store,Smart TV,50,Two year,Basic,2,False,11.22,541.15,Digital wallet,True,0,4,16.3,True,22,14.4,5.3,17,58.3,7.9,8,False,4.7,True,15.6,1,No
CX00376,52,Fitness,Paid Social,Mobile,6,Month-to-month,Premium,7,False,36.59,199.28,Bank transfer,False,3,2,20.0,True,17,18.3,5.2,1,42.2,8.7,10,True,5.1,False,0.0,3,Yes
CX00377,41,Fitness,Paid Social,Mobile,73,Two year,Basic,1,False,7.46,482.32,Credit card,True,1,1,16.0,False,1,34.6,0.6,13,41.0,7.2,6,False,3.2,False,0.0,0,No
CX00378,31,Streaming,Organic Search,Mobile,16,Month-to-month,Premium,6,False,30.19,451.84,Digital wallet,True,0,3,9.2,True,23,5.2,2.0,3,48.6,7.3,10,False,6.3,False,0.0,0,No
CX00379,46,Cloud Storage,App Store,Mobile,17,Month-to-month,Premium,4,False,53.03,888.39,Digital wallet,False,1,4,9.1,True,22,12.2,4.5,6,36.0,6.6,7,False,4.5,False,0.0,1,No
CX00380,39,Streaming,Organic Search,Smart TV,35,Annual,Standard,3,False,25.16,844.54,Bank transfer,False,0,1,17.3,False,7,4.6,0.5,9,53.0,7.9,6,True,4.6,False,0.0,1,No
CX00381,24,Productivity,Organic Search,Mobile,6,Month-to-month,Premium,7,False,53.16,314.94,Credit card,False,1,0,12.4,True,18,5.3,1.6,6,55.5,8.2,8,True,6.2,False,0.0,0,No
CX00382,20,Productivity,Email Campaign,Tablet,6,Month-to-month,Basic,2,False,13.6,75.88,Debit card,False,1,3,7.8,True,15,28.0,7.0,0,31.7,8.9,10,False,5.5,False,0.0,2,Yes
CX00383,22,Gaming,App Store,Mobile,7,Month-to-month,Plus,2,False,14.91,94.3,Credit card,True,0,4,30.4,True,19,15.2,4.8,8,69.0,8.5,9,True,3.1,False,0.0,2,Yes
CX00384,19,Fintech,Influencer,Desktop,14,Month-to-month,Standard,6,True,26.29,365.65,Credit card,True,0,6,25.3,True,23,8.5,3.3,3,53.6,9.7,9,False,6.3,True,20.3,3,No
CX00385,41,Fintech,Influencer,Mobile,6,Month-to-month,Standard,2,False,12.45,68.07,UPI / Instant transfer,False,1,2,9.3,True,19,14.0,4.4,8,84.6,7.9,7,False,10.1,False,0.0,1,Yes
CX00386,47,Fitness,Paid Social,Desktop,26,Month-to-month,Standard,1,False,16.03,376.27,UPI / Instant transfer,False,5,1,16.6,False,10,17.8,3.0,5,54.9,8.0,10,False,1.5,False,0.0,1,Yes
CX00387,19,Streaming,Influencer,Smart TV,8,Month-to-month,Basic,1,False,9.28,68.54,Digital wallet,False,1,1,24.4,False,5,4.6,0.4,44,49.8,6.6,8,False,1.5,False,0.0,0,No
CX00388,46,Fitness,App Store,Tablet,52,Two year,Plus,2,True,20.97,1063.3,Buy now pay later,False,1,3,7.4,False,10,10.0,1.7,7,49.0,8.1,8,True,2.8,False,0.0,2,Yes
CX00389,32,Streaming,Organic Search,Tablet,28,Annual,Plus,5,False,25.52,653.63,Credit card,True,0,3,16.6,False,5,4.7,0.4,12,50.6,8.2,8,True,4.8,False,0.0,3,No
CX00390,26,News & Media,Paid Social,Smart TV,10,Month-to-month,Basic,4,False,18.31,171.14,Credit card,True,0,3,9.2,False,9,7.8,1.2,5,69.2,9.2,10,True,7.5,False,0.0,1,Yes
CX00391,28,Streaming,Paid Social,Mobile,22,Annual,Standard,2,False,18.64,379.51,UPI / Instant transfer,True,2,1,16.2,True,17,5.8,1.6,16,54.0,7.4,9,False,3.1,False,0.0,0,No
CX00392,46,Cloud Storage,Referral,Mobile,6,Month-to-month,Plus,4,False,23.41,136.12,Buy now pay later,True,0,1,16.1,True,25,3.7,1.5,1,46.4,8.7,9,False,3.1,True,13.9,1,No
CX00393,34,Streaming,Organic Search,Mobile,41,Annual,Standard,3,False,18.89,733.88,Buy now pay later,True,0,1,11.8,True,16,15.8,4.2,8,36.9,6.7,8,True,11.0,True,16.1,1,No
CX00394,40,Streaming,Organic Search,Mobile,12,Month-to-month,Basic,3,False,12.17,143.66,Credit card,True,0,1,31.9,True,27,13.2,5.9,6,35.6,7.1,6,False,8.3,False,0.0,0,Yes
CX00395,28,Gaming,Influencer,Mobile,12,Annual,Standard,4,False,24.3,275.98,Credit card,True,2,3,3.6,True,26,3.5,1.5,7,29.5,7.4,5,True,16.3,True,20.5,0,No
CX00396,26,Streaming,App Store,Mobile,13,Annual,Plus,3,True,26.65,307.07,UPI / Instant transfer,False,1,0,46.5,True,21,12.6,4.4,7,22.2,7.9,6,False,3.6,False,0.0,3,No
CX00397,22,Productivity,Email Campaign,Desktop,24,Month-to-month,Basic,2,False,14.81,328.32,Digital wallet,True,0,4,19.7,False,3,14.8,0.7,31,23.8,7.0,7,True,3.2,False,0.0,1,No
CX00398,30,Gaming,Paid Social,Smart TV,28,Annual,Standard,2,True,16.89,462.09,Digital wallet,False,0,1,1.9,True,22,42.6,15.6,4,36.3,7.8,9,True,2.3,False,0.0,2,No
CX00399,18,Productivity,App Store,Mobile,18,Annual,Premium,4,False,28.29,485.72,Credit card,True,0,3,9.0,True,20,13.6,4.5,8,41.7,8.5,10,False,6.6,False,0.0,1,No
CX00400,44,Fitness,Paid Social,Mobile,13,Annual,Standard,1,True,12.14,144.34,Debit card,True,0,1,10.5,True,19,11.3,3.6,21,40.3,8.4,10,False,11.8,False,0.0,2,No
CX00401,39,Streaming,Referral,Desktop,53,Month-to-month,Plus,6,False,37.65,1987.16,Credit card,True,0,2,16.9,False,10,23.7,4.0,17,40.2,9.6,9,False,3.7,False,0.0,0,Yes
CX00402,32,Streaming,App Store,Smart TV,12,Month-to-month,Plus,1,True,18.49,213.67,Buy now pay later,False,0,0,5.5,True,20,9.9,3.3,19,66.7,9.5,9,True,8.0,False,0.0,2,No
CX00403,25,Streaming,Email Campaign,Desktop,9,Month-to-month,Standard,4,True,26.37,220.15,Credit card,True,0,3,11.4,True,16,5.9,1.6,4,25.5,9.9,9,True,5.3,False,0.0,2,No
CX00404,18,Gaming,Referral,Tablet,19,Month-to-month,Plus,6,False,34.09,579.68,Debit card,True,0,0,19.3,False,12,31.6,6.3,9,49.2,9.7,10,False,21.3,False,0.0,3,No
CX00405,28,Gaming,Organic Search,Mobile,22,Month-to-month,Basic,2,False,11.9,242.38,Buy now pay later,False,1,0,10.1,True,13,26.2,5.7,3,56.8,10.0,10,True,7.2,True,16.6,0,No
CX00406,18,Productivity,Influencer,Mobile,17,Annual,Basic,1,False,9.12,146.18,UPI / Instant transfer,False,2,0,14.8,True,17,3.0,0.8,3,52.0,9.1,8,False,4.1,True,16.3,4,No
CX00407,41,Fintech,App Store,Mobile,7,Month-to-month,Plus,3,False,21.89,151.08,Credit card,True,0,4,2.4,True,33,15.1,8.3,4,37.2,10.0,10,True,5.8,False,0.0,0,No
CX00408,39,Gaming,Paid Social,Mobile,19,Annual,Basic,1,False,11.36,212.07,Credit card,True,0,3,20.7,True,15,11.3,2.8,13,48.9,9.4,10,True,3.1,False,0.0,2,No
CX00409,38,Fintech,Paid Social,Tablet,6,Month-to-month,Premium,3,False,29.48,175.81,Bank transfer,True,1,2,8.8,False,8,11.1,1.5,2,37.8,8.9,10,False,5.0,False,0.0,1,No
CX00410,18,Fintech,Organic Search,Desktop,9,Annual,Premium,5,False,35.57,305.92,UPI / Instant transfer,True,0,5,14.9,True,18,19.3,5.8,22,60.6,5.6,7,True,0.2,False,0.0,0,No
CX00411,42,Streaming,Paid Social,Mobile,20,Month-to-month,Basic,2,True,13.8,269.12,Buy now pay later,True,1,1,28.1,True,19,8.3,2.6,6,34.0,9.6,8,False,1.5,False,0.0,2,No
CX00412,29,Streaming,App Store,Desktop,39,Two year,Standard,2,True,17.61,632.84,Bank transfer,True,1,4,4.2,False,8,3.1,0.4,5,67.4,9.1,8,True,2.7,False,0.0,3,No
CX00413,44,Fitness,Paid Social,Desktop,18,Two year,Standard,4,False,19.07,321.67,Credit card,True,0,2,7.1,True,16,10.9,2.9,14,60.0,9.5,10,True,4.9,True,4.7,1,No
CX00414,18,Cloud Storage,Paid Social,Mobile,9,Annual,Plus,3,False,36.35,306.53,Debit card,True,1,0,40.3,True,11,23.0,4.2,4,34.0,8.0,6,True,4.5,False,0.0,3,No
CX00415,39,Productivity,Paid Social,Mobile,25,Month-to-month,Basic,1,False,9.1,217.05,UPI / Instant transfer,False,0,3,3.5,True,19,22.7,7.2,21,69.7,10.0,9,True,2.8,False,0.0,1,No
CX00416,37,Fintech,Organic Search,Mobile,9,Month-to-month,Premium,1,True,24.22,204.01,Credit card,True,1,0,18.6,True,15,10.4,2.6,6,52.7,8.2,9,False,5.3,False,0.0,0,No
CX00417,44,Streaming,Paid Social,Mobile,28,Annual,Basic,3,False,17.07,423.9,Debit card,True,0,1,1.5,True,13,3.0,0.6,5,49.6,8.8,8,True,3.2,True,11.2,0,No
CX00418,29,Fitness,Organic Search,Tablet,15,Annual,Plus,2,False,23.82,337.76,Buy now pay later,False,2,1,2.6,True,19,24.2,7.7,3,55.5,8.9,8,False,4.9,True,22.4,0,No
CX00419,30,Fintech,Referral,Mobile,16,Month-to-month,Basic,1,True,6.82,101.99,UPI / Instant transfer,True,2,4,15.4,True,10,12.2,2.0,1,53.6,9.7,9,False,4.0,False,0.0,3,Yes
CX00420,18,News & Media,Referral,Mobile,58,Annual,Premium,3,True,40.48,2222.1,Bank transfer,False,2,6,3.6,True,21,6.3,2.2,8,53.4,8.5,9,False,1.0,False,0.0,1,No
CX00421,18,Streaming,Email Campaign,Desktop,11,Month-to-month,Basic,1,True,6.19,66.92,Debit card,True,1,2,22.7,True,13,14.5,3.1,15,51.0,7.6,6,True,0.7,False,0.0,0,Yes
CX00422,18,Productivity,Paid Social,Mobile,15,Month-to-month,Standard,3,True,20.46,290.78,Bank transfer,True,0,2,4.1,True,18,8.1,2.4,21,54.0,8.7,9,False,4.1,False,0.0,0,Yes
CX00423,50,Fitness,Organic Search,Desktop,11,Annual,Basic,2,False,12.52,127.84,Debit card,True,0,2,1.9,False,6,9.0,0.9,3,48.2,6.7,6,False,6.3,False,0.0,1,No
CX00424,34,Cloud Storage,Organic Search,Mobile,26,Annual,Plus,5,False,30.0,688.57,UPI / Instant transfer,True,2,0,5.0,True,23,23.1,8.9,7,43.7,10.0,8,True,0.9,True,32.3,1,No
CX00425,28,Fitness,Referral,Mobile,20,Month-to-month,Standard,3,True,19.89,381.31,Digital wallet,False,2,2,11.0,True,20,15.4,5.1,5,46.6,9.1,8,False,14.8,True,12.1,2,No
CX00426,27,Fintech,Referral,Tablet,27,Month-to-month,Premium,4,False,40.98,1028.33,Credit card,True,0,2,14.9,True,26,2.0,0.9,10,35.8,7.2,4,False,5.9,False,0.0,1,No
CX00427,18,Fintech,Organic Search,Mobile,19,Month-to-month,Premium,5,False,41.12,762.97,UPI / Instant transfer,False,1,3,13.6,True,20,32.5,10.8,6,58.2,8.7,9,True,7.1,False,0.0,0,No
CX00428,32,Fitness,App Store,Desktop,3,Month-to-month,Premium,5,False,46.02,122.02,Bank transfer,True,2,3,11.0,True,20,5.6,1.9,5,38.1,10.0,10,False,10.7,False,0.0,4,No
CX00429,44,Fitness,Paid Social,Mobile,32,Two year,Basic,3,False,11.81,347.85,Digital wallet,True,1,3,22.9,True,14,12.5,2.9,16,46.6,8.5,9,False,6.7,False,0.0,1,No
CX00430,18,Productivity,Organic Search,Mobile,27,Two year,Plus,3,False,32.41,809.35,Credit card,True,0,1,12.4,True,20,19.9,6.6,1,30.9,8.4,9,False,7.4,True,12.5,2,No
CX00431,45,Productivity,Referral,Smart TV,34,Annual,Standard,2,True,16.82,527.3,Credit card,True,0,2,4.2,True,14,9.1,2.1,11,55.2,9.8,6,True,2.7,False,0.0,3,No
CX00432,52,Productivity,Influencer,Mobile,20,Month-to-month,Standard,3,True,16.16,291.76,Credit card,False,1,0,4.3,True,12,17.1,3.4,6,41.8,6.8,5,False,4.3,False,0.0,0,No
CX00433,32,News & Media,Paid Social,Mobile,3,Month-to-month,Standard,2,False,14.82,39.41,Bank transfer,False,1,0,10.9,True,15,11.3,2.8,11,74.2,9.3,9,False,1.8,False,0.0,0,No
CX00434,40,Streaming,Email Campaign,Mobile,34,Two year,Standard,1,False,17.13,517.03,Credit card,False,3,1,8.8,True,17,19.3,5.5,8,52.6,7.5,9,True,1.0,True,19.3,0,No
CX00435,34,Cloud Storage,Organic Search,Mobile,10,Month-to-month,Basic,1,False,9.96,88.95,Credit card,False,1,3,12.5,True,16,17.6,4.7,11,35.9,8.4,7,False,8.6,False,0.0,3,No
CX00436,53,Productivity,App Store,Mobile,16,Month-to-month,Standard,3,True,20.32,302.14,Credit card,True,1,4,8.3,True,15,6.4,1.6,2,36.8,8.7,9,True,2.5,True,16.2,2,No
CX00437,40,Fintech,Referral,Mobile,49,Annual,Plus,2,True,22.45,1068.6,Credit card,True,0,2,0.7,True,23,14.7,5.6,14,64.8,10.0,10,True,8.2,False,0.0,1,No
CX00438,29,Productivity,Referral,Desktop,3,Month-to-month,Basic,1,False,8.43,23.51,Credit card,True,1,2,13.2,False,4,7.8,0.5,4,15.5,7.9,7,True,3.8,True,16.7,2,No
CX00439,48,Fitness,App Store,Smart TV,6,Month-to-month,Premium,4,False,31.82,188.93,Credit card,True,1,4,2.5,False,11,6.9,1.3,17,50.0,8.7,8,True,8.3,True,19.7,2,Yes
CX00440,27,Fintech,Organic Search,Desktop,14,Month-to-month,Premium,6,True,29.97,407.45,Debit card,True,2,6,22.8,False,7,11.4,1.3,10,41.9,7.5,9,True,3.9,False,0.0,1,No
CX00441,29,Fintech,Paid Social,Smart TV,53,Annual,Premium,5,False,39.89,2019.31,Digital wallet,False,3,1,9.6,False,11,38.0,7.0,3,38.3,8.8,10,False,1.2,False,0.0,3,No
CX00442,18,Streaming,Organic Search,Mobile,39,Month-to-month,Basic,3,False,10.91,424.77,Digital wallet,True,1,1,5.5,True,18,14.6,4.4,2,41.1,7.0,8,True,4.8,False,0.0,0,Yes
CX00443,21,Cloud Storage,Influencer,Desktop,41,Annual,Premium,4,False,24.67,935.17,UPI / Instant transfer,True,1,0,7.1,False,8,19.9,2.7,16,70.7,10.0,10,False,5.4,False,0.0,2,No
CX00444,34,Fintech,Referral,Mobile,23,Month-to-month,Standard,4,True,19.66,409.9,Credit card,False,1,3,28.2,True,25,18.4,7.7,28,29.3,6.1,8,False,1.3,False,0.0,0,Yes
CX00445,18,Productivity,Referral,Smart TV,28,Month-to-month,Premium,4,False,38.43,1050.77,Buy now pay later,True,1,1,12.9,True,36,6.9,4.1,8,63.9,8.2,8,False,8.3,True,14.5,2,No
CX00446,31,Productivity,Referral,Desktop,20,Month-to-month,Plus,5,True,41.42,729.46,UPI / Instant transfer,True,1,2,5.2,False,5,4.5,0.4,8,53.9,9.0,8,False,1.8,False,0.0,1,No
CX00447,35,Fintech,Organic Search,Mobile,23,Annual,Basic,1,False,9.93,223.33,Credit card,True,3,2,10.2,True,15,3.4,0.8,1,27.2,7.5,6,True,3.7,False,0.0,0,No
CX00448,30,Cloud Storage,Paid Social,Mobile,11,Month-to-month,Basic,1,False,7.84,79.38,UPI / Instant transfer,True,0,4,22.7,True,22,26.6,9.8,4,49.7,7.1,6,False,0.6,False,0.0,1,No
CX00449,20,Streaming,Referral,Mobile,22,Annual,Standard,3,True,18.71,408.37,Buy now pay later,True,1,1,43.6,True,21,11.9,4.2,7,54.8,7.3,7,False,1.0,False,0.0,1,No
CX00450,45,Productivity,Organic Search,Smart TV,27,Annual,Basic,3,False,16.79,441.29,Bank transfer,True,1,4,16.5,False,3,12.0,0.6,71,45.0,8.9,10,True,0.9,False,0.0,1,No
CX00451,32,Streaming,Paid Social,Desktop,30,Two year,Premium,3,False,25.17,685.1,Debit card,True,1,1,4.7,True,30,10.2,5.1,3,26.7,8.6,10,False,2.1,False,0.0,3,No
CX00452,37,News & Media,App Store,Mobile,1,Month-to-month,Standard,4,False,23.73,22.07,Credit card,True,0,1,8.4,False,12,17.3,3.5,25,32.0,8.3,10,True,12.2,False,0.0,0,No
CX00453,36,Streaming,Organic Search,Mobile,10,Month-to-month,Premium,4,False,31.98,283.87,Bank transfer,True,1,3,14.7,True,21,25.9,9.1,10,44.0,9.4,7,False,3.2,False,0.0,0,No
CX00454,18,Streaming,App Store,Desktop,24,Annual,Plus,2,False,21.76,466.34,UPI / Instant transfer,True,0,3,4.8,False,12,14.1,2.8,2,28.8,8.3,9,True,0.4,False,0.0,0,No
CX00455,18,News & Media,Organic Search,Mobile,10,Month-to-month,Premium,6,False,39.27,377.08,Bank transfer,True,2,5,15.3,True,23,16.1,6.2,15,43.8,8.8,8,False,12.8,False,0.0,3,No
CX00456,36,News & Media,Organic Search,Mobile,11,Month-to-month,Plus,5,False,31.94,336.89,Digital wallet,False,1,5,8.0,False,11,11.7,2.1,10,48.5,8.3,8,False,2.9,False,0.0,1,No
CX00457,57,Streaming,Organic Search,Mobile,38,Two year,Premium,3,True,37.31,1315.21,Digital wallet,True,0,2,24.1,True,26,4.9,2.1,19,56.9,7.0,8,False,4.2,False,0.0,1,No
CX00458,39,Cloud Storage,Organic Search,Mobile,17,Annual,Basic,1,False,12.13,188.95,Bank transfer,True,1,0,9.5,True,28,12.8,6.0,20,51.7,10.0,10,False,3.6,False,0.0,2,No
CX00459,53,Fintech,Organic Search,Mobile,7,Month-to-month,Standard,4,True,22.71,150.9,Bank transfer,True,0,1,8.8,True,18,2.4,0.7,7,51.7,8.4,8,False,2.2,False,0.0,2,No
CX00460,20,Fitness,Organic Search,Smart TV,26,Month-to-month,Basic,1,False,9.99,238.63,Buy now pay later,False,1,2,13.3,False,5,10.1,0.8,6,19.9,7.1,7,False,0.5,False,0.0,0,Yes
CX00461,43,Fitness,App Store,Mobile,10,Annual,Basic,1,False,8.03,74.9,Credit card,True,1,1,6.3,False,2,11.7,0.4,53,66.0,9.1,8,False,0.2,False,0.0,2,No
CX00462,45,Fintech,Referral,Desktop,12,Annual,Basic,2,False,10.12,117.25,Digital wallet,True,0,4,5.3,True,10,3.2,0.5,2,45.5,7.9,5,False,17.7,False,0.0,2,No
CX00463,19,Gaming,Paid Social,Smart TV,6,Two year,Standard,2,False,12.65,71.03,Credit card,True,0,4,2.2,True,9,12.2,1.8,13,49.8,6.9,7,False,3.4,True,27.2,1,No
CX00464,45,Productivity,Paid Social,Desktop,22,Month-to-month,Plus,2,False,22.57,469.94,Bank transfer,False,1,1,1.5,False,11,10.4,1.9,4,53.3,7.7,9,True,1.4,True,19.1,2,Yes
CX00465,43,Cloud Storage,Email Campaign,Smart TV,3,Month-to-month,Standard,1,False,14.95,42.69,UPI / Instant transfer,True,0,2,6.8,True,17,4.6,1.3,23,41.5,6.7,10,False,1.7,False,0.0,1,Yes
CX00466,19,Fintech,Paid Social,Mobile,9,Month-to-month,Standard,3,False,22.13,193.74,UPI / Instant transfer,False,1,1,4.6,True,30,2.3,1.2,9,48.6,9.2,10,True,12.5,True,15.8,2,Yes
CX00467,40,Streaming,Paid Social,Desktop,23,Month-to-month,Premium,8,True,40.42,886.61,Credit card,False,1,6,13.8,False,11,11.5,2.1,16,58.3,7.9,9,False,9.8,False,0.0,2,Yes
CX00468,54,Streaming,Referral,Smart TV,13,Annual,Plus,6,False,26.2,336.8,Debit card,False,0,5,26.2,True,8,16.1,2.1,9,43.4,7.6,8,False,4.8,False,0.0,1,No
CX00469,33,News & Media,Organic Search,Mobile,20,Month-to-month,Basic,3,False,13.43,254.2,Credit card,False,0,3,6.8,True,15,11.8,3.0,11,73.8,7.1,9,True,6.6,True,21.9,2,No
CX00470,19,News & Media,Paid Social,Desktop,21,Month-to-month,Standard,2,True,19.98,388.05,Bank transfer,True,0,0,5.6,False,11,42.6,7.8,12,50.8,9.1,8,False,19.1,False,0.0,1,No
CX00471,22,Fintech,Organic Search,Desktop,11,Month-to-month,Standard,3,False,17.56,191.34,UPI / Instant transfer,False,0,1,7.2,False,8,16.3,2.2,1,20.1,7.5,7,True,2.5,True,14.8,1,Yes
CX00472,39,Productivity,Organic Search,Mobile,9,Annual,Plus,5,False,25.48,208.61,Credit card,False,2,2,13.0,True,15,9.2,2.3,11,38.8,7.3,9,True,15.9,False,0.0,1,No
CX00473,28,Fintech,Paid Social,Desktop,19,Month-to-month,Standard,2,False,18.28,319.32,Debit card,False,2,2,7.6,True,17,15.6,4.4,7,53.0,8.4,8,True,3.0,False,0.0,1,Yes
CX00474,29,Fintech,Organic Search,Mobile,18,Two year,Standard,3,False,16.86,287.53,Credit card,True,0,0,7.9,True,17,9.9,2.8,8,60.1,8.9,9,False,6.0,True,19.7,3,No
CX00475,18,Fintech,Organic Search,Mobile,8,Month-to-month,Standard,2,True,17.92,134.2,Digital wallet,True,1,0,24.3,True,23,11.8,4.5,9,61.4,9.7,10,False,1.7,False,0.0,0,No
CX00476,50,News & Media,Paid Social,Mobile,27,Annual,Plus,4,False,26.57,636.84,Digital wallet,True,0,4,22.4,True,18,18.0,5.4,1,45.3,7.8,7,False,2.6,False,0.0,3,No
CX00477,34,Productivity,App Store,Mobile,5,Annual,Basic,2,False,12.67,61.52,Credit card,True,0,4,12.4,True,16,4.1,1.1,8,35.0,8.4,8,False,5.8,False,0.0,0,Yes
CX00478,56,Streaming,Organic Search,Desktop,16,Two year,Basic,1,True,10.58,167.18,Debit card,True,0,2,15.8,True,19,10.9,3.5,2,40.7,9.1,8,False,6.5,False,0.0,1,No
CX00479,27,Gaming,Referral,Desktop,13,Month-to-month,Basic,2,True,9.61,122.72,Credit card,False,1,1,7.5,False,10,12.7,2.1,18,57.7,8.6,8,True,6.0,True,22.8,1,No
CX00480,28,Fitness,Organic Search,Desktop,7,Annual,Standard,4,False,17.84,111.72,UPI / Instant transfer,True,0,5,9.1,True,21,6.8,2.4,3,44.7,6.8,6,False,2.9,False,0.0,0,No
CX00481,29,Streaming,Email Campaign,Desktop,6,Month-to-month,Basic,3,False,14.54,77.33,Debit card,True,1,2,14.1,True,23,13.3,5.1,11,52.0,8.4,9,False,7.6,False,0.0,0,No
CX00482,37,Productivity,App Store,Mobile,6,Month-to-month,Standard,6,False,28.66,162.48,Credit card,True,0,7,19.5,True,24,25.6,10.2,4,41.3,7.7,8,True,4.2,False,0.0,1,Yes
CX00483,24,Streaming,Paid Social,Desktop,21,Month-to-month,Premium,7,False,36.2,731.34,Credit card,False,0,5,2.7,True,23,22.7,8.7,17,56.8,8.2,7,False,4.6,False,0.0,3,Yes
CX00484,37,Streaming,App Store,Mobile,10,Month-to-month,Basic,5,False,17.0,151.59,Digital wallet,True,0,2,24.0,True,18,33.9,10.2,11,47.6,10.0,10,True,4.0,False,0.0,2,No
CX00485,40,Cloud Storage,Paid Social,Desktop,46,Month-to-month,Premium,4,True,25.98,1131.29,Buy now pay later,True,0,2,22.3,True,24,6.5,2.6,6,38.5,6.9,7,False,3.7,True,18.0,0,Yes
CX00486,29,Streaming,Organic Search,Desktop,35,Two year,Standard,1,False,13.17,413.41,Credit card,False,1,3,1.1,True,22,20.9,7.7,18,35.3,7.8,5,False,2.9,False,0.0,2,No
CX00487,48,Productivity,Email Campaign,Mobile,11,Month-to-month,Plus,3,False,26.61,281.0,Bank transfer,False,1,0,19.1,True,22,23.4,8.6,7,44.9,8.5,8,False,2.1,False,0.0,1,No
CX00488,32,Streaming,App Store,Smart TV,15,Month-to-month,Basic,1,False,8.77,118.64,UPI / Instant transfer,True,0,1,25.1,False,7,8.2,1.0,0,34.0,8.5,8,True,3.3,False,0.0,0,Yes
CX00489,47,Streaming,Referral,Smart TV,26,Annual,Plus,3,False,25.5,600.08,UPI / Instant transfer,True,0,1,28.7,False,10,10.8,1.8,13,56.7,9.7,10,True,4.9,True,12.3,3,Yes
CX00490,37,Productivity,App Store,Mobile,23,Month-to-month,Basic,1,True,8.75,189.02,Digital wallet,True,0,1,17.1,True,17,6.4,1.8,13,45.5,8.3,8,True,1.4,False,0.0,0,Yes
CX00491,18,Productivity,Influencer,Desktop,40,Annual,Premium,5,True,34.16,1213.09,Credit card,True,0,5,16.5,True,27,10.8,4.9,0,41.7,8.6,9,False,5.8,False,0.0,0,No
CX00492,49,News & Media,Organic Search,Mobile,12,Month-to-month,Plus,8,False,41.64,497.56,Credit card,True,0,3,7.6,True,13,12.9,2.8,2,67.7,8.3,8,False,1.5,False,0.0,1,Yes
CX00493,48,Cloud Storage,Paid Social,Desktop,24,Annual,Basic,2,False,10.66,251.78,Credit card,False,0,3,27.1,True,13,8.7,1.9,19,49.4,9.5,10,False,10.3,True,15.7,3,No
CX00494,35,Gaming,Paid Social,Tablet,20,Annual,Plus,5,False,26.14,509.38,Digital wallet,True,0,1,5.2,True,22,23.8,8.7,15,50.1,10.0,10,False,2.7,True,17.7,1,No
CX00495,63,Streaming,Paid Social,Desktop,29,Annual,Premium,3,False,30.84,842.32,Credit card,True,0,1,17.5,True,20,17.4,5.8,13,59.8,6.2,5,False,2.5,True,13.0,0,No
CX00496,30,Cloud Storage,Paid Social,Desktop,10,Annual,Plus,6,False,37.45,340.09,Digital wallet,True,1,3,7.9,True,17,33.9,9.6,3,44.6,7.6,6,False,1.9,False,0.0,0,No
CX00497,41,Fintech,App Store,Tablet,20,Annual,Basic,2,False,12.49,226.57,UPI / Instant transfer,False,0,4,13.3,True,13,35.4,7.7,8,50.7,7.7,9,True,1.7,True,12.0,0,No
CX00498,53,Productivity,Influencer,Mobile,7,Month-to-month,Standard,5,False,24.01,161.93,UPI / Instant transfer,False,1,2,8.3,True,21,18.9,6.6,5,29.8,9.5,10,True,3.6,False,0.0,4,No
CX00499,53,News & Media,Email Campaign,Desktop,15,Month-to-month,Premium,4,False,27.51,394.98,Credit card,True,0,4,4.8,True,23,8.7,3.3,2,46.6,8.4,6,False,7.7,False,0.0,1,No
CX00500,30,Productivity,Organic Search,Mobile,22,Month-to-month,Plus,2,False,21.45,464.01,Digital wallet,False,3,0,9.4,True,25,7.9,3.3,11,25.3,8.9,8,False,6.1,False,0.0,0,No
CX00501,27,Fitness,Paid Social,Mobile,11,Two year,Plus,2,False,21.93,222.02,UPI / Instant transfer,True,0,2,18.4,False,8,4.8,0.6,2,61.7,7.7,6,False,1.2,False,0.0,1,No
CX00502,27,Streaming,Paid Social,Mobile,19,Month-to-month,Basic,3,True,10.67,184.1,Digital wallet,True,1,3,17.6,True,24,7.5,3.0,10,56.0,7.5,8,True,3.3,False,0.0,0,No
CX00503,34,Fintech,Referral,Mobile,60,Two year,Standard,5,True,20.99,1127.18,Debit card,False,0,2,3.4,True,12,27.5,5.5,2,57.0,8.3,6,False,2.4,False,0.0,1,No
CX00504,24,Productivity,Organic Search,Desktop,13,Month-to-month,Basic,2,False,13.93,162.35,UPI / Instant transfer,True,1,3,7.4,True,18,8.2,2.5,15,50.9,9.4,10,False,5.3,True,21.8,2,No
CX00505,26,Streaming,App Store,Smart TV,5,Month-to-month,Plus,3,True,29.81,140.3,Credit card,False,4,2,7.4,True,16,10.3,2.7,1,42.0,9.6,10,False,5.4,False,0.0,1,No
CX00506,20,Streaming,App Store,Mobile,3,Month-to-month,Standard,3,False,14.9,40.63,Debit card,False,0,1,9.5,True,18,46.0,13.8,26,34.6,8.0,8,False,3.4,False,0.0,0,No
CX00507,23,Streaming,Organic Search,Mobile,4,Month-to-month,Premium,8,True,45.62,171.78,Debit card,True,0,3,21.0,True,17,9.0,2.6,2,48.1,10.0,10,False,4.0,False,0.0,4,No
CX00508,26,Productivity,Influencer,Desktop,7,Month-to-month,Standard,6,True,38.93,267.29,Bank transfer,True,0,2,5.3,False,5,7.3,0.6,2,36.0,8.9,9,True,2.7,True,9.5,1,Yes
CX00509,38,Fintech,App Store,Mobile,25,Month-to-month,Basic,3,False,13.72,337.34,Digital wallet,False,1,4,24.3,True,20,9.0,3.0,3,40.1,7.0,7,False,5.0,True,21.4,0,No
CX00510,22,Fintech,Paid Social,Smart TV,5,Annual,Plus,6,False,34.0,160.85,Buy now pay later,False,1,1,7.8,False,6,4.6,0.5,4,56.0,9.8,10,False,3.8,False,0.0,6,No
CX00511,22,News & Media,Organic Search,Mobile,2,Month-to-month,Basic,2,True,11.26,20.34,Debit card,False,0,3,16.0,True,19,28.0,8.9,5,38.9,9.3,10,False,12.1,True,25.6,2,Yes
CX00512,21,Streaming,Referral,Tablet,8,Month-to-month,Basic,1,False,7.27,52.62,Credit card,False,2,1,19.1,True,19,2.5,0.8,3,55.2,8.1,7,True,7.0,False,0.0,0,Yes
CX00513,18,News & Media,Paid Social,Mobile,68,Two year,Standard,1,True,15.83,1061.44,UPI / Instant transfer,True,0,2,21.7,False,6,25.9,2.6,5,39.9,7.4,7,False,0.3,False,0.0,0,No
CX00514,39,Cloud Storage,App Store,Mobile,28,Month-to-month,Basic,3,True,14.47,358.92,UPI / Instant transfer,False,0,2,5.1,True,13,17.4,3.8,7,65.9,7.2,6,False,4.4,False,0.0,0,Yes
CX00515,27,Cloud Storage,Paid Social,Mobile,13,Month-to-month,Plus,5,True,20.21,255.16,Credit card,True,0,3,13.7,True,19,1.3,0.4,3,50.9,8.7,9,False,0.7,False,0.0,1,No
CX00516,21,Streaming,Referral,Mobile,37,Two year,Plus,4,False,21.62,736.84,UPI / Instant transfer,False,1,1,30.9,True,24,17.9,7.2,3,44.3,7.3,8,False,2.3,True,22.6,0,No
CX00517,47,Streaming,App Store,Desktop,11,Month-to-month,Premium,3,False,29.66,302.28,Credit card,False,1,2,11.1,True,23,42.8,16.4,6,64.4,8.5,9,True,2.7,False,0.0,0,No
CX00518,33,Streaming,Referral,Mobile,21,Annual,Basic,3,True,17.12,350.2,Bank transfer,True,0,3,4.7,True,10,6.4,1.1,10,24.7,9.5,9,False,2.4,True,31.0,3,No
CX00519,30,Fitness,Influencer,Tablet,2,Month-to-month,Standard,4,False,20.96,41.36,Credit card,True,1,1,7.8,True,22,8.8,3.2,8,37.7,10.0,10,False,6.4,True,16.4,3,No
CX00520,36,Fitness,Email Campaign,Smart TV,16,Month-to-month,Premium,3,True,22.99,351.42,Bank transfer,True,0,1,9.2,True,28,25.0,11.7,1,42.4,8.5,7,False,0.9,False,0.0,1,No
CX00521,44,Streaming,Paid Social,Desktop,26,Annual,Standard,3,False,19.56,459.03,UPI / Instant transfer,True,0,3,4.2,True,13,8.6,1.9,11,48.8,8.4,9,False,10.1,True,15.2,0,No
CX00522,24,Fitness,Referral,Desktop,40,Two year,Standard,2,True,12.03,468.7,UPI / Instant transfer,True,0,1,23.3,True,21,15.0,5.2,2,54.1,9.5,9,False,6.3,False,0.0,2,No
CX00523,47,News & Media,Organic Search,Mobile,15,Two year,Standard,2,False,13.01,175.42,UPI / Instant transfer,True,0,3,3.3,True,23,9.7,3.7,8,38.1,8.2,8,True,1.7,False,0.0,0,No
CX00524,56,News & Media,App Store,Mobile,22,Annual,Standard,5,True,29.57,583.33,Credit card,True,0,6,4.2,True,21,16.4,5.7,5,39.9,8.1,9,False,0.4,False,0.0,1,No
CX00525,34,Fitness,Referral,Smart TV,11,Month-to-month,Basic,1,False,8.98,98.66,UPI / Instant transfer,True,3,2,2.6,True,20,4.7,1.6,7,61.5,9.4,9,True,0.8,False,0.0,6,No
CX00526,50,Streaming,Organic Search,Tablet,32,Annual,Plus,6,False,33.49,1007.76,UPI / Instant transfer,True,0,0,20.6,True,23,7.3,2.8,12,50.6,8.1,10,True,5.2,False,0.0,1,No
CX00527,55,Productivity,App Store,Desktop,36,Two year,Plus,5,True,23.49,768.24,Credit card,True,0,3,6.8,False,9,28.1,4.2,3,28.2,9.7,10,True,0.9,True,6.0,0,No
CX00528,37,Streaming,Organic Search,Mobile,24,Two year,Premium,5,False,39.32,905.21,Digital wallet,True,0,3,18.4,True,13,30.8,6.7,16,52.7,8.0,6,True,7.3,False,0.0,1,Yes
CX00529,41,Productivity,Paid Social,Desktop,16,Month-to-month,Premium,7,False,46.69,709.36,Buy now pay later,False,2,0,25.9,False,8,14.1,1.9,13,30.6,6.9,7,False,8.7,False,0.0,0,No
CX00530,24,Productivity,Organic Search,Mobile,37,Two year,Basic,4,False,12.04,408.98,Debit card,False,3,0,18.6,False,5,20.4,1.7,17,27.8,9.1,9,False,0.9,True,32.4,2,No
CX00531,27,Fintech,App Store,Mobile,15,Annual,Plus,4,True,29.92,397.67,Digital wallet,True,0,3,13.1,True,19,26.9,8.5,1,54.5,9.0,7,False,7.2,False,0.0,3,No
CX00532,44,Productivity,App Store,Desktop,36,Two year,Basic,3,False,11.11,394.68,Credit card,True,0,0,5.3,True,18,6.1,1.8,3,50.7,9.6,8,False,4.4,False,0.0,1,No
CX00533,41,Fintech,Paid Social,Desktop,5,Month-to-month,Standard,2,False,16.69,77.65,Debit card,True,1,1,17.1,True,16,26.8,7.1,2,27.9,7.1,6,False,2.7,False,0.0,0,No
CX00534,33,Gaming,Paid Social,Mobile,64,Two year,Plus,3,False,27.47,1671.12,Bank transfer,True,0,0,8.7,True,26,6.7,2.9,12,74.1,9.3,10,False,3.4,False,0.0,2,No
CX00535,48,Gaming,Organic Search,Mobile,18,Annual,Standard,5,False,23.53,402.34,Debit card,False,3,4,2.9,True,18,2.6,0.8,20,26.4,8.5,9,False,2.5,False,0.0,1,No
CX00536,34,Streaming,Referral,Mobile,8,Month-to-month,Standard,3,False,20.11,158.07,UPI / Instant transfer,False,2,3,14.9,True,15,33.3,8.3,13,43.2,8.1,7,False,6.7,False,0.0,1,Yes
CX00537,39,Productivity,Referral,Desktop,43,Month-to-month,Standard,2,False,14.5,555.82,Credit card,True,0,2,6.2,True,12,9.8,2.0,1,52.1,8.4,8,False,1.2,False,0.0,1,No
CX00538,51,Productivity,App Store,Mobile,7,Month-to-month,Basic,3,False,12.57,78.51,Bank transfer,True,2,3,3.5,True,13,33.4,7.2,5,47.9,9.0,10,False,9.6,False,0.0,1,No
CX00539,56,Fitness,Organic Search,Desktop,36,Annual,Standard,3,False,13.81,494.28,UPI / Instant transfer,False,2,1,19.1,True,29,9.3,4.5,2,41.7,7.5,9,False,3.3,False,0.0,0,No
CX00540,41,Gaming,Paid Social,Mobile,23,Annual,Standard,2,False,15.46,331.08,Credit card,True,0,2,11.8,True,15,26.2,6.6,2,59.9,6.6,6,False,0.0,False,0.0,1,No
CX00541,48,Streaming,Paid Social,Smart TV,23,Annual,Basic,2,True,9.76,221.74,UPI / Instant transfer,True,0,4,3.3,False,4,38.0,2.5,13,63.6,8.8,9,False,0.2,False,0.0,2,No
CX00542,38,News & Media,Influencer,Mobile,60,Annual,Standard,2,False,12.62,671.43,Buy now pay later,True,1,1,15.2,True,14,29.2,6.8,16,26.5,8.0,9,True,6.2,True,17.0,2,No
CX00543,63,Productivity,Organic Search,Mobile,31,Annual,Basic,1,False,8.13,249.42,Credit card,True,0,7,18.3,True,12,17.2,3.4,4,54.2,7.0,6,True,9.1,True,31.0,0,No
CX00544,47,Cloud Storage,Paid Social,Mobile,12,Month-to-month,Premium,7,False,50.0,576.48,Credit card,False,1,2,6.4,True,25,11.3,4.7,5,59.2,7.9,8,False,11.6,False,0.0,3,No
CX00545,32,Productivity,Organic Search,Tablet,24,Annual,Standard,2,True,22.26,533.25,Credit card,True,1,0,2.8,False,8,22.1,2.9,7,35.8,10.0,10,True,3.0,False,0.0,2,No
CX00546,32,News & Media,Influencer,Smart TV,8,Month-to-month,Standard,2,False,18.72,133.9,Credit card,True,0,3,12.0,True,16,21.0,5.6,1,53.8,10.0,8,True,11.6,False,0.0,5,No
CX00547,18,Streaming,Influencer,Mobile,1,Month-to-month,Premium,7,True,36.56,35.55,Digital wallet,True,2,2,5.9,True,21,13.9,4.9,19,35.0,9.3,10,True,10.9,False,0.0,4,No
CX00548,43,Fintech,Organic Search,Desktop,28,Month-to-month,Standard,2,False,17.17,459.05,Digital wallet,True,0,3,29.3,True,13,5.9,1.3,5,41.9,9.3,9,False,5.6,False,0.0,2,No
CX00549,18,Productivity,App Store,Mobile,4,Month-to-month,Basic,1,False,10.65,40.81,Credit card,False,1,3,37.7,True,19,9.7,3.1,15,42.3,6.1,6,True,2.9,True,4.9,0,Yes
CX00550,27,Fintech,Referral,Mobile,15,Annual,Basic,1,False,8.82,116.81,Bank transfer,False,2,1,11.2,False,3,12.1,0.6,10,50.7,7.7,6,True,1.5,False,0.0,0,No
CX00551,28,Streaming,Paid Social,Mobile,44,Two year,Plus,4,False,34.06,1487.03,Debit card,True,1,2,6.5,True,18,12.0,3.6,21,42.3,7.4,10,False,9.7,False,0.0,2,No
CX00552,40,Fintech,Referral,Mobile,3,Month-to-month,Standard,1,False,14.79,43.4,Bank transfer,False,1,1,12.9,True,26,7.3,3.2,7,56.0,8.0,8,False,2.0,True,13.6,1,No
CX00553,18,Fitness,App Store,Tablet,17,Month-to-month,Plus,6,False,28.01,469.58,Buy now pay later,False,1,2,6.6,True,21,7.5,2.6,3,68.0,8.8,8,False,1.0,True,17.3,3,No
CX00554,32,Streaming,Paid Social,Desktop,20,Annual,Basic,4,False,17.13,342.5,Debit card,True,0,4,1.3,False,6,10.4,1.0,23,42.7,7.4,7,False,7.0,False,0.0,0,Yes
CX00555,36,Fintech,Paid Social,Smart TV,69,Annual,Basic,2,True,15.53,943.55,UPI / Instant transfer,True,1,2,11.5,False,6,48.4,4.8,1,55.7,8.8,10,False,5.3,True,14.4,3,Yes
CX00556,30,Cloud Storage,Organic Search,Mobile,13,Annual,Plus,4,False,28.71,361.48,Credit card,False,0,3,33.9,True,21,12.1,4.2,21,22.0,8.2,10,False,5.7,True,17.7,0,No
CX00557,34,Cloud Storage,Organic Search,Tablet,42,Annual,Standard,1,False,14.26,542.11,Bank transfer,True,1,2,19.5,True,11,10.6,1.9,6,66.1,8.5,9,False,5.1,False,0.0,0,No
CX00558,33,Streaming,Organic Search,Mobile,8,Month-to-month,Plus,3,False,22.09,160.73,Bank transfer,False,1,1,2.9,True,28,8.5,4.0,8,56.5,7.6,7,False,3.1,True,18.7,2,No
CX00559,56,Gaming,Email Campaign,Desktop,13,Month-to-month,Standard,4,False,19.9,258.18,Credit card,True,0,0,12.8,False,3,21.3,1.1,12,25.2,7.4,7,False,6.3,False,0.0,0,No
CX00560,35,Streaming,Influencer,Desktop,18,Month-to-month,Basic,3,True,14.72,263.12,Bank transfer,True,0,0,10.8,False,2,9.8,0.3,1,55.2,9.5,9,True,2.1,True,3.0,1,No
CX00561,41,Productivity,Paid Social,Desktop,36,Two year,Standard,1,False,12.04,423.61,Debit card,True,0,2,10.7,False,8,15.1,2.0,10,55.2,8.5,7,True,1.7,False,0.0,0,No
CX00562,40,Cloud Storage,Referral,Desktop,9,Month-to-month,Basic,3,False,13.66,118.82,Digital wallet,True,0,2,4.7,True,18,26.2,7.9,9,49.4,6.6,4,False,1.3,False,0.0,1,Yes
CX00563,31,News & Media,Organic Search,Desktop,13,Month-to-month,Premium,3,False,32.28,374.79,UPI / Instant transfer,True,1,4,4.4,True,20,9.3,3.1,8,56.5,9.2,10,True,5.0,False,0.0,3,No
CX00564,40,Fitness,Paid Social,Mobile,15,Annual,Basic,2,True,7.12,95.49,Credit card,False,2,0,8.4,True,16,4.4,1.2,5,21.7,6.4,4,True,6.7,True,5.0,0,No
CX00565,69,Gaming,Referral,Tablet,14,Month-to-month,Premium,2,True,22.74,293.08,UPI / Instant transfer,True,0,2,15.8,False,10,5.7,1.0,4,49.9,6.5,7,False,4.0,True,11.0,0,No
CX00566,36,Gaming,App Store,Mobile,24,Month-to-month,Basic,3,True,17.41,373.04,Digital wallet,True,0,3,6.8,True,11,5.0,0.9,3,22.7,8.7,9,True,1.6,False,0.0,0,No
CX00567,49,Streaming,Paid Social,Mobile,32,Two year,Basic,3,False,14.94,444.0,Bank transfer,True,0,2,32.2,True,17,4.0,1.1,5,54.0,6.5,6,False,4.6,False,0.0,0,No
CX00568,18,Fintech,App Store,Mobile,27,Annual,Standard,5,False,17.34,425.42,Digital wallet,True,0,3,13.4,True,26,6.9,3.0,1,68.8,9.9,9,False,2.8,False,0.0,2,No
CX00569,40,Streaming,Referral,Mobile,29,Annual,Standard,2,False,17.57,450.84,Bank transfer,False,0,3,16.9,True,18,17.5,5.2,3,30.7,6.7,6,False,5.9,True,19.7,1,No
CX00570,37,Cloud Storage,Email Campaign,Mobile,29,Two year,Premium,7,False,37.81,1083.8,Credit card,True,0,3,15.1,True,17,5.2,1.5,9,42.2,8.7,10,False,5.1,False,0.0,1,No
CX00571,44,Streaming,Organic Search,Desktop,18,Annual,Standard,3,False,22.26,399.16,Debit card,True,0,2,10.8,False,8,15.5,2.1,6,17.0,8.0,9,False,8.6,False,0.0,2,No
CX00572,38,Cloud Storage,Organic Search,Desktop,18,Two year,Basic,1,False,10.04,160.77,Digital wallet,False,1,1,15.9,False,10,9.2,1.5,7,50.7,6.8,7,False,3.8,False,0.0,0,Yes
CX00573,62,Productivity,Paid Social,Desktop,37,Annual,Premium,2,False,30.01,1104.43,Digital wallet,False,0,1,11.5,True,26,32.5,14.1,3,53.5,8.6,10,False,3.0,False,0.0,2,No
CX00574,24,Streaming,Paid Social,Mobile,17,Annual,Plus,6,False,27.37,436.89,Debit card,True,0,1,4.1,True,10,14.8,2.5,46,41.5,5.6,5,True,4.3,False,0.0,0,Yes
CX00575,30,Streaming,App Store,Tablet,3,Month-to-month,Plus,3,False,29.33,86.67,Debit card,True,1,0,12.0,True,27,23.8,10.7,8,47.3,9.1,6,False,8.4,False,0.0,2,Yes
CX00576,22,Fintech,App Store,Mobile,6,Month-to-month,Basic,2,False,13.12,70.58,Credit card,True,0,2,9.6,True,10,25.1,4.2,3,31.4,9.1,10,False,4.0,True,12.7,1,No
CX00577,24,News & Media,App Store,Desktop,5,Month-to-month,Basic,1,False,7.9,39.08,Digital wallet,True,0,2,7.0,True,15,8.6,2.2,2,59.8,9.4,9,True,3.3,True,13.5,0,No
CX00578,47,Streaming,Referral,Desktop,41,Month-to-month,Premium,4,False,28.16,1049.96,Credit card,False,0,3,14.6,True,11,24.9,4.6,12,54.3,8.3,7,False,8.3,False,0.0,0,No
CX00579,23,Streaming,Organic Search,Mobile,13,Month-to-month,Basic,1,False,8.67,104.47,UPI / Instant transfer,False,1,1,14.6,True,15,13.8,3.4,0,53.3,8.6,6,False,1.6,True,6.0,1,No
CX00580,37,Cloud Storage,Influencer,Smart TV,7,Annual,Standard,1,True,16.58,107.96,Digital wallet,False,0,1,13.1,False,10,22.7,3.8,5,53.0,10.0,9,False,0.9,False,0.0,2,No
CX00581,42,Streaming,Email Campaign,Mobile,8,Annual,Standard,4,False,17.93,142.44,UPI / Instant transfer,True,0,3,9.7,False,3,5.7,0.3,20,47.7,8.0,8,False,5.1,False,0.0,0,No
CX00582,23,Gaming,Organic Search,Tablet,23,Month-to-month,Premium,3,False,28.61,596.11,Debit card,True,1,0,20.4,True,20,10.3,3.4,8,70.1,9.5,8,False,6.0,True,28.3,5,No
CX00583,39,Fitness,Influencer,Desktop,13,Month-to-month,Basic,1,False,8.66,106.26,Credit card,True,0,1,19.2,False,2,34.9,1.2,37,45.4,7.1,6,False,2.6,False,0.0,0,Yes
CX00584,18,Fitness,Paid Social,Tablet,33,Annual,Standard,2,True,15.45,468.49,Digital wallet,False,1,1,9.5,False,8,10.0,1.3,12,45.5,5.8,5,False,1.1,False,0.0,0,No
CX00585,37,Streaming,Paid Social,Mobile,13,Month-to-month,Plus,5,False,28.84,354.67,Digital wallet,True,0,1,1.8,True,14,24.1,5.6,10,38.4,8.0,7,False,5.4,False,0.0,1,No
CX00586,26,Productivity,Paid Social,Mobile,45,Annual,Basic,2,False,12.73,566.99,Debit card,True,0,2,22.5,True,11,4.9,0.9,6,48.9,6.6,5,False,2.3,False,0.0,1,No
CX00587,38,Streaming,Referral,Smart TV,32,Month-to-month,Basic,1,False,8.54,262.41,Debit card,True,0,1,4.8,False,3,10.0,0.5,24,40.3,8.8,10,False,7.6,False,0.0,2,No
CX00588,41,Fintech,Email Campaign,Mobile,67,Two year,Premium,3,False,22.67,1497.29,UPI / Instant transfer,True,1,1,18.6,True,17,30.0,8.5,9,39.0,8.3,10,True,1.7,True,16.0,2,No
CX00589,30,Fintech,Organic Search,Smart TV,1,Month-to-month,Plus,6,False,39.81,35.25,Credit card,True,0,6,9.8,True,17,24.8,7.0,5,59.9,7.1,9,False,7.6,False,0.0,0,Yes
CX00590,29,Cloud Storage,Organic Search,Mobile,9,Month-to-month,Basic,2,False,13.91,120.6,Credit card,True,1,3,3.5,True,15,5.5,1.4,13,54.4,9.1,9,False,10.4,False,0.0,0,No
CX00591,34,Gaming,App Store,Mobile,9,Month-to-month,Plus,3,False,27.08,234.56,Credit card,False,1,1,2.6,True,27,17.1,7.7,8,48.0,9.3,9,False,1.4,False,0.0,1,No
CX00592,49,Fintech,App Store,Desktop,38,Annual,Basic,1,False,8.62,312.36,Digital wallet,False,1,1,7.2,True,8,9.9,1.3,5,38.7,9.2,8,False,4.5,False,0.0,0,No
CX00593,45,News & Media,Referral,Mobile,51,Two year,Basic,3,False,13.14,642.64,Digital wallet,False,0,1,10.5,True,15,7.4,1.8,7,39.2,9.5,9,True,0.2,True,7.8,1,No
CX00594,18,Cloud Storage,Referral,Desktop,9,Month-to-month,Plus,5,False,35.33,303.36,Debit card,False,2,3,4.2,True,18,28.1,8.4,4,53.6,9.5,10,False,15.0,False,0.0,2,No
CX00595,24,Productivity,Referral,Tablet,11,Month-to-month,Standard,3,False,31.96,317.43,Credit card,False,1,4,17.8,True,15,44.3,11.1,13,35.7,7.8,9,False,11.3,False,0.0,2,Yes
CX00596,30,Fintech,Email Campaign,Tablet,23,Month-to-month,Premium,6,False,39.9,854.21,Digital wallet,True,0,2,0.9,True,21,5.1,1.8,6,35.9,7.6,9,True,8.3,False,0.0,0,No
CX00597,32,Productivity,Paid Social,Mobile,32,Annual,Plus,4,False,25.12,736.92,UPI / Instant transfer,False,3,0,16.4,True,20,8.3,2.8,2,31.3,9.8,10,False,3.7,False,0.0,2,No
CX00598,33,Productivity,Organic Search,Mobile,13,Month-to-month,Basic,3,False,11.41,142.27,UPI / Instant transfer,True,0,4,3.2,True,22,21.2,7.8,0,51.2,8.4,7,True,2.6,True,21.8,3,No
CX00599,33,Cloud Storage,App Store,Mobile,77,Two year,Standard,4,True,18.05,1277.35,Digital wallet,False,1,4,1.4,True,21,27.0,9.4,22,31.4,7.8,10,True,3.8,True,12.9,1,Yes
CX00600,35,Fitness,Email Campaign,Mobile,14,Month-to-month,Plus,3,False,28.81,396.75,UPI / Instant transfer,False,2,0,14.5,True,15,39.4,9.8,4,54.9,8.5,8,True,5.9,False,0.0,0,Yes
CX00601,30,Streaming,Organic Search,Mobile,13,Month-to-month,Standard,6,False,21.5,264.58,Credit card,True,0,4,5.5,True,17,9.0,2.6,11,47.7,8.9,10,False,10.5,False,0.0,1,No
CX00602,23,Fitness,Organic Search,Mobile,25,Annual,Premium,3,False,36.23,823.7,Debit card,True,1,5,4.4,True,14,7.6,1.8,4,45.4,10.0,8,True,5.0,False,0.0,0,No
CX00603,40,Productivity,Organic Search,Mobile,6,Month-to-month,Premium,8,False,33.4,189.23,Debit card,True,0,4,12.6,True,21,7.9,2.8,13,31.2,8.7,10,True,2.2,True,8.4,3,No
CX00604,37,Cloud Storage,Referral,Mobile,3,Month-to-month,Plus,5,False,37.03,98.37,Bank transfer,True,0,0,5.0,True,14,5.7,1.3,8,63.3,10.0,10,False,2.7,True,23.2,0,No
CX00605,47,Productivity,Paid Social,Desktop,33,Annual,Standard,3,False,21.88,710.87,Credit card,False,0,1,8.7,True,14,6.2,1.4,15,58.4,6.3,5,False,3.7,True,18.6,0,Yes
CX00606,31,Streaming,Organic Search,Mobile,19,Month-to-month,Standard,2,False,11.41,214.53,UPI / Instant transfer,False,0,1,12.0,True,14,14.1,3.3,22,39.4,7.0,7,False,1.9,False,0.0,1,No
CX00607,23,Streaming,Paid Social,Desktop,19,Two year,Standard,3,False,22.45,387.99,Credit card,True,2,3,17.8,False,9,8.3,1.2,7,25.8,7.9,5,False,4.0,False,0.0,1,No
CX00608,35,Fintech,Organic Search,Desktop,4,Month-to-month,Premium,5,False,27.85,103.32,Debit card,True,1,3,16.3,True,20,21.1,7.0,3,70.7,9.7,10,False,4.0,True,13.5,2,No
CX00609,60,Streaming,Influencer,Mobile,19,Annual,Basic,6,False,19.22,357.97,Debit card,True,0,6,11.9,True,20,3.5,1.2,5,28.8,8.5,7,True,4.9,False,0.0,0,Yes
CX00610,50,News & Media,Email Campaign,Desktop,10,Annual,Standard,1,False,19.17,186.8,UPI / Instant transfer,True,0,1,4.7,True,14,20.1,4.7,6,41.2,9.5,10,False,0.9,True,11.9,1,No
CX00611,35,Streaming,Organic Search,Desktop,19,Two year,Standard,5,False,16.31,297.03,Buy now pay later,True,0,2,8.3,True,14,4.8,1.1,24,31.7,8.8,6,False,5.9,False,0.0,1,No
CX00612,32,Gaming,App Store,Desktop,3,Month-to-month,Plus,4,False,27.18,75.82,Credit card,False,1,4,5.2,False,10,3.7,0.6,21,45.2,9.5,10,True,3.6,False,0.0,3,Yes
CX00613,36,Cloud Storage,Organic Search,Mobile,27,Annual,Basic,1,False,9.35,222.19,UPI / Instant transfer,False,1,1,16.0,True,14,17.1,4.0,21,36.6,8.9,10,True,4.8,True,9.0,0,No
CX00614,20,Streaming,Organic Search,Mobile,9,Annual,Premium,7,False,33.66,278.0,Bank transfer,False,1,6,37.8,True,25,21.9,9.1,1,56.5,8.5,9,False,1.0,True,11.3,2,No
CX00615,40,Streaming,Referral,Mobile,48,Two year,Premium,2,True,29.22,1296.39,Digital wallet,False,4,1,23.8,True,22,18.7,6.9,2,34.0,6.2,9,False,2.8,False,0.0,0,No
CX00616,31,Streaming,Influencer,Mobile,19,Annual,Standard,3,False,19.95,348.92,Debit card,True,1,2,9.6,True,21,13.9,4.9,10,37.4,7.9,8,False,4.4,False,0.0,2,Yes
CX00617,32,Streaming,Organic Search,Mobile,18,Month-to-month,Basic,2,False,14.64,234.66,Digital wallet,False,2,1,8.6,True,12,10.1,2.0,1,55.9,9.5,10,True,8.0,False,0.0,2,No
CX00618,24,Fintech,Email Campaign,Mobile,23,Annual,Basic,2,False,10.54,219.43,Digital wallet,False,0,2,3.3,True,21,17.5,6.1,4,52.0,9.3,10,True,12.7,True,16.7,4,No
CX00619,22,Productivity,Paid Social,Mobile,16,Month-to-month,Plus,3,False,20.8,315.04,Debit card,True,1,3,8.5,True,17,6.9,2.0,4,59.6,7.5,6,False,4.8,True,7.6,2,No
CX00620,43,Streaming,App Store,Smart TV,11,Month-to-month,Basic,1,False,7.13,76.69,Credit card,True,2,2,15.9,True,11,28.1,5.2,4,51.0,6.3,7,True,2.2,False,0.0,0,Yes
CX00621,27,Fitness,Organic Search,Mobile,22,Annual,Basic,1,False,8.3,172.89,UPI / Instant transfer,True,1,0,15.4,True,13,21.5,4.7,22,54.7,10.0,9,False,7.5,False,0.0,1,No
CX00622,46,Streaming,App Store,Smart TV,16,Annual,Standard,1,False,15.76,251.78,Digital wallet,False,1,2,37.4,True,22,14.8,5.4,7,75.7,7.8,9,False,3.7,False,0.0,0,No
CX00623,34,Productivity,Organic Search,Mobile,65,Annual,Plus,4,False,33.27,2085.58,Debit card,True,0,1,11.6,True,17,7.3,2.1,13,48.9,10.0,10,True,3.7,True,17.1,1,No
CX00624,30,Fitness,Paid Social,Mobile,7,Month-to-month,Plus,4,False,21.23,140.51,Bank transfer,False,3,3,14.3,True,22,15.2,5.6,10,75.4,6.1,6,True,0.5,False,0.0,0,Yes
CX00625,60,News & Media,Paid Social,Mobile,32,Annual,Plus,3,False,38.48,1124.82,UPI / Instant transfer,False,0,1,15.8,False,4,2.5,0.2,7,40.2,9.6,10,False,4.3,False,0.0,2,No
CX00626,29,Productivity,Referral,Desktop,20,Annual,Standard,2,False,26.98,508.72,Debit card,True,0,2,15.5,True,13,13.0,2.8,9,24.6,7.5,8,False,2.7,True,19.5,1,No
CX00627,45,Cloud Storage,App Store,Desktop,6,Month-to-month,Standard,2,False,18.02,102.44,UPI / Instant transfer,False,2,1,2.0,True,19,8.8,2.8,9,37.1,8.6,9,False,5.9,False,0.0,3,No
CX00628,21,Fintech,App Store,Mobile,9,Annual,Standard,5,True,18.34,151.01,Debit card,True,0,1,5.6,True,9,29.0,4.4,9,49.4,9.9,9,False,8.8,False,0.0,3,No
CX00629,42,Streaming,Organic Search,Mobile,38,Two year,Plus,3,False,27.76,933.3,Credit card,True,1,1,5.3,True,18,35.1,10.5,3,37.5,8.1,6,False,4.9,False,0.0,0,No
CX00630,34,Productivity,Paid Social,Desktop,11,Month-to-month,Basic,3,False,13.2,142.53,Bank transfer,False,2,1,4.4,True,12,20.5,4.1,5,42.9,8.2,8,True,11.2,False,0.0,2,No
CX00631,33,Fintech,App Store,Desktop,4,Month-to-month,Plus,5,False,30.43,111.88,Credit card,True,1,2,13.7,True,20,27.5,9.2,12,41.6,7.5,8,False,7.9,False,0.0,1,Yes
CX00632,32,Productivity,Paid Social,Mobile,10,Annual,Standard,2,False,14.92,139.92,UPI / Instant transfer,True,0,5,14.8,True,26,13.1,5.7,17,35.8,6.2,7,False,2.2,False,0.0,0,No
CX00633,49,Fintech,Influencer,Desktop,28,Two year,Basic,2,True,10.87,282.57,Buy now pay later,True,1,3,20.8,False,9,12.0,1.8,11,42.1,7.5,7,False,6.3,False,0.0,1,No
CX00634,40,Streaming,Email Campaign,Tablet,68,Annual,Plus,2,False,30.31,1895.55,Credit card,True,0,2,6.6,True,15,11.1,2.8,17,34.4,8.3,8,False,7.8,True,16.6,1,No
CX00635,34,Fitness,Influencer,Desktop,27,Two year,Standard,4,False,20.29,490.36,Credit card,True,2,0,17.1,False,5,8.2,0.7,6,54.6,9.3,10,False,7.4,False,0.0,1,No
CX00636,52,Fitness,App Store,Mobile,34,Two year,Standard,2,False,16.98,509.82,Bank transfer,True,1,1,13.1,True,21,23.7,8.3,7,38.0,10.0,8,False,1.3,False,0.0,0,No
CX00637,37,Streaming,App Store,Mobile,11,Annual,Basic,4,False,12.74,139.42,Credit card,True,0,3,23.1,True,11,6.1,1.1,14,45.4,8.4,10,False,7.7,True,25.6,1,Yes
CX00638,27,Fintech,App Store,Tablet,23,Annual,Standard,3,False,20.93,449.19,UPI / Instant transfer,True,1,5,14.6,True,21,25.6,9.0,16,70.8,6.8,6,False,16.0,False,0.0,0,No
CX00639,70,Productivity,Organic Search,Mobile,7,Month-to-month,Standard,4,False,14.06,92.15,Buy now pay later,True,1,6,2.4,False,5,13.8,1.2,9,29.0,8.2,10,True,3.0,False,0.0,3,No
CX00640,48,Streaming,Organic Search,Mobile,31,Month-to-month,Basic,1,False,7.85,226.59,Credit card,True,0,1,14.5,True,12,9.9,2.0,2,60.4,6.6,8,True,5.4,True,11.4,0,No
CX00641,27,Streaming,Email Campaign,Desktop,21,Annual,Basic,3,False,14.23,276.04,Credit card,True,0,3,4.3,True,14,20.3,4.7,21,43.3,9.8,10,True,4.6,False,0.0,2,No
CX00642,26,Streaming,Referral,Mobile,1,Month-to-month,Premium,4,False,21.08,20.14,Credit card,False,3,1,5.5,True,12,15.7,3.1,10,24.8,10.0,10,False,8.4,False,0.0,3,Yes
CX00643,24,Streaming,App Store,Smart TV,27,Month-to-month,Standard,5,False,19.62,499.84,Credit card,False,1,2,9.5,False,5,4.9,0.4,7,28.5,7.3,5,True,3.6,True,17.8,0,Yes
CX00644,56,Streaming,Paid Social,Mobile,14,Month-to-month,Standard,1,False,10.35,141.67,Credit card,True,0,1,10.7,False,9,9.0,1.4,11,26.1,6.6,7,False,6.0,False,0.0,0,No
CX00645,38,Productivity,Organic Search,Desktop,17,Month-to-month,Plus,3,False,19.07,290.05,Debit card,False,2,3,32.0,True,21,3.1,1.1,3,51.3,7.3,9,True,2.5,False,0.0,0,No
CX00646,25,Cloud Storage,Organic Search,Mobile,16,Annual,Plus,4,False,35.23,511.16,Debit card,True,0,1,24.0,True,20,9.0,3.0,14,56.3,7.9,5,True,3.4,False,0.0,0,No
CX00647,58,Productivity,Referral,Mobile,55,Two year,Standard,2,False,16.54,876.26,Buy now pay later,True,0,2,5.9,True,21,38.4,13.4,4,56.2,9.5,10,False,2.0,True,24.6,4,No
CX00648,47,Fitness,Organic Search,Mobile,33,Month-to-month,Premium,4,False,42.59,1259.41,Bank transfer,True,1,4,4.2,True,23,14.7,5.6,20,43.4,8.8,8,False,1.6,True,21.9,0,No
CX00649,43,Fitness,Email Campaign,Mobile,11,Annual,Basic,3,False,15.39,163.78,Credit card,True,0,5,34.8,True,18,12.6,3.8,11,41.4,6.8,8,False,4.9,False,0.0,0,No
CX00650,40,Streaming,Organic Search,Tablet,18,Month-to-month,Standard,3,False,25.14,436.88,Debit card,False,0,2,9.3,True,15,9.2,2.3,6,54.9,7.9,6,False,7.2,False,0.0,1,Yes
CX00651,26,Streaming,Paid Social,Smart TV,8,Annual,Premium,8,False,42.95,318.49,Credit card,False,0,4,7.2,False,11,3.5,0.6,11,36.6,8.2,8,False,2.2,False,0.0,0,No
CX00652,40,Fitness,Referral,Mobile,62,Two year,Standard,3,False,22.57,1259.85,Debit card,True,0,3,12.2,True,18,2.2,0.7,19,45.5,7.5,4,False,10.3,False,0.0,0,No
CX00653,34,Productivity,Email Campaign,Mobile,18,Month-to-month,Plus,5,False,25.2,443.61,Debit card,True,0,3,4.8,True,16,10.8,2.9,22,62.5,10.0,10,False,5.4,False,0.0,1,No
CX00654,23,Streaming,App Store,Mobile,7,Month-to-month,Basic,3,False,14.09,87.78,UPI / Instant transfer,True,0,1,9.9,True,20,7.1,2.4,37,58.3,9.0,10,False,7.8,True,18.6,0,No
CX00655,41,Cloud Storage,Organic Search,Mobile,14,Two year,Premium,3,False,37.18,483.94,Credit card,True,1,2,17.9,True,18,25.2,7.6,13,53.6,9.1,9,True,2.6,False,0.0,2,No
CX00656,32,Fintech,Referral,Mobile,4,Month-to-month,Basic,2,False,9.15,32.55,Bank transfer,False,0,4,7.1,True,16,29.0,7.7,2,57.0,7.1,9,False,5.7,False,0.0,1,Yes
CX00657,33,Streaming,App Store,Mobile,12,Two year,Plus,7,False,42.82,490.15,UPI / Instant transfer,False,0,1,8.8,True,14,5.3,1.2,4,47.9,9.9,10,False,5.1,False,0.0,0,No
CX00658,43,Fitness,Organic Search,Mobile,20,Two year,Basic,2,False,12.11,223.42,Credit card,True,1,2,3.2,True,14,6.9,1.6,3,43.4,7.6,8,True,7.8,False,0.0,0,No
CX00659,40,Fitness,Email Campaign,Desktop,58,Two year,Standard,3,False,19.76,1063.43,Debit card,True,0,3,20.7,True,20,36.9,12.3,2,41.2,8.2,7,False,2.1,True,3.0,2,No
CX00660,52,Streaming,Referral,Desktop,43,Two year,Basic,2,False,9.3,384.06,Digital wallet,True,0,2,13.8,False,4,18.7,1.2,3,46.0,7.6,9,True,1.8,False,0.0,2,Yes
CX00661,37,Streaming,Referral,Mobile,11,Month-to-month,Basic,2,True,8.73,89.04,Debit card,False,1,6,19.5,True,24,15.4,6.2,2,34.3,6.5,5,True,6.2,False,0.0,0,Yes
CX00662,23,Fitness,Influencer,Tablet,20,Annual,Plus,5,False,32.8,650.5,UPI / Instant transfer,True,2,3,7.0,True,23,38.3,14.7,15,33.0,5.1,3,False,2.6,True,13.7,0,No
CX00663,32,Fintech,App Store,Mobile,32,Month-to-month,Basic,1,False,7.95,237.73,Digital wallet,True,1,2,8.8,True,15,3.0,0.8,10,47.6,7.4,5,True,1.2,False,0.0,2,Yes
CX00664,50,Productivity,App Store,Mobile,21,Month-to-month,Standard,2,False,15.24,302.62,Credit card,True,0,4,15.6,True,16,40.7,10.9,15,65.3,10.0,10,True,9.1,True,25.5,2,No
CX00665,21,Productivity,Paid Social,Mobile,15,Two year,Premium,5,False,35.11,466.0,Buy now pay later,True,1,1,32.5,True,27,5.5,2.5,3,33.0,7.4,8,False,11.4,False,0.0,1,No
CX00666,60,Productivity,Email Campaign,Desktop,35,Month-to-month,Standard,4,False,23.08,745.04,Buy now pay later,True,1,2,12.0,True,18,8.3,2.5,11,37.5,8.9,7,True,18.9,False,0.0,2,No
CX00667,39,Streaming,Email Campaign,Mobile,32,Month-to-month,Standard,1,False,15.13,471.01,Credit card,True,0,2,4.1,True,18,26.5,8.0,11,45.2,10.0,9,False,0.5,False,0.0,1,No
CX00668,46,Fitness,Paid Social,Mobile,15,Two year,Standard,5,False,22.18,318.41,Credit card,True,0,1,58.8,True,16,8.2,2.2,11,30.6,6.0,6,True,4.4,True,26.0,0,No
CX00669,18,Streaming,Organic Search,Mobile,22,Two year,Basic,3,False,10.67,214.83,UPI / Instant transfer,True,0,2,27.2,True,15,22.6,5.6,3,46.7,6.5,5,False,2.9,False,0.0,0,No
CX00670,30,Productivity,Referral,Mobile,15,Month-to-month,Standard,1,False,13.3,190.86,Bank transfer,False,1,4,17.9,True,19,18.0,5.7,4,43.6,8.3,7,False,0.9,False,0.0,1,No
CX00671,25,Streaming,Email Campaign,Desktop,9,Two year,Standard,2,True,14.21,117.1,Credit card,False,3,4,3.6,True,25,21.1,8.8,6,51.5,8.8,8,True,2.6,False,0.0,0,No
CX00672,42,Streaming,Influencer,Mobile,24,Annual,Basic,2,False,16.11,383.9,Debit card,True,1,1,22.7,True,14,22.4,5.2,3,51.2,7.8,9,False,0.9,False,0.0,0,No
CX00673,32,Gaming,Email Campaign,Mobile,20,Annual,Basic,2,False,11.65,222.47,Buy now pay later,True,0,2,3.0,True,16,15.5,4.1,15,32.5,9.0,10,True,6.9,True,25.8,0,No
CX00674,18,Fintech,Organic Search,Smart TV,20,Annual,Basic,1,False,8.76,171.69,Buy now pay later,True,0,2,1.6,False,0,8.4,0.0,15,57.3,6.9,6,False,1.8,False,0.0,1,No
CX00675,40,News & Media,Paid Social,Smart TV,30,Month-to-month,Plus,4,True,26.73,743.37,Digital wallet,True,1,3,5.9,True,19,20.5,6.5,20,61.9,9.2,9,False,4.8,False,0.0,1,No
CX00676,28,Streaming,Paid Social,Mobile,21,Month-to-month,Standard,3,True,22.07,427.51,Debit card,False,1,1,4.7,True,14,17.4,4.1,11,38.1,6.3,8,False,18.0,True,17.4,3,No
CX00677,27,Streaming,Paid Social,Tablet,26,Month-to-month,Standard,4,False,27.67,719.0,Credit card,False,5,3,25.8,True,21,14.7,5.1,34,48.7,8.0,6,True,13.7,False,0.0,3,No
CX00678,48,Streaming,Paid Social,Smart TV,47,Month-to-month,Standard,4,False,20.52,899.35,Buy now pay later,True,2,4,32.6,True,29,3.5,1.7,5,45.7,7.5,9,False,4.7,False,0.0,2,No
CX00679,28,Productivity,Paid Social,Mobile,44,Month-to-month,Plus,4,False,31.39,1373.33,UPI / Instant transfer,True,0,2,15.6,True,20,21.9,7.3,5,40.7,8.3,10,False,6.0,False,0.0,2,No
CX00680,55,Productivity,App Store,Desktop,11,Month-to-month,Basic,2,False,13.48,144.31,Bank transfer,False,1,0,2.1,False,11,22.3,4.1,21,28.9,10.0,10,False,5.9,True,18.9,0,No
CX00681,28,Gaming,App Store,Mobile,1,Month-to-month,Premium,5,False,35.7,32.41,Digital wallet,True,1,1,1.6,False,11,11.1,2.0,14,46.2,8.1,7,True,6.6,False,0.0,2,No
CX00682,49,News & Media,Organic Search,Mobile,22,Month-to-month,Basic,2,False,10.12,199.85,Debit card,False,1,3,20.3,True,15,11.6,2.9,14,50.9,8.3,8,False,1.0,False,0.0,0,No
CX00683,22,Streaming,App Store,Mobile,37,Annual,Standard,4,False,24.5,873.58,Credit card,True,0,6,6.5,True,11,10.9,2.0,3,66.9,8.4,8,False,1.6,False,0.0,0,No
CX00684,28,Fintech,App Store,Tablet,37,Annual,Premium,5,False,37.23,1377.47,Debit card,True,1,2,5.9,True,23,10.1,3.9,12,65.3,8.2,7,True,4.7,True,18.6,1,No
CX00685,34,Gaming,Email Campaign,Tablet,12,Month-to-month,Standard,5,False,23.67,259.02,Digital wallet,True,0,2,11.3,True,16,13.0,3.5,8,34.0,9.2,9,False,7.0,False,0.0,1,No
CX00686,31,Cloud Storage,Paid Social,Mobile,38,Annual,Premium,3,False,29.21,1043.14,Buy now pay later,False,1,0,2.9,True,16,33.5,8.9,29,42.0,8.5,10,False,16.7,False,0.0,2,No
CX00687,55,News & Media,App Store,Desktop,8,Annual,Plus,1,False,20.42,154.25,Debit card,False,0,4,15.5,False,9,3.4,0.5,14,48.8,9.3,9,False,1.1,False,0.0,1,No
CX00688,37,Cloud Storage,Paid Social,Desktop,56,Month-to-month,Standard,2,True,14.12,789.2,Bank transfer,False,2,3,4.8,True,8,15.1,2.0,14,47.4,10.0,10,True,6.4,False,0.0,2,No
CX00689,21,Streaming,Organic Search,Mobile,22,Annual,Basic,1,False,12.27,241.53,Credit card,True,2,1,8.7,True,16,12.8,3.4,7,36.8,8.8,9,False,6.3,False,0.0,0,No
CX00690,46,News & Media,Organic Search,Mobile,32,Two year,Standard,6,False,25.76,730.77,Bank transfer,True,1,0,16.1,True,14,38.1,8.9,1,31.7,9.0,7,False,1.2,False,0.0,0,No
CX00691,24,Fitness,Organic Search,Mobile,14,Month-to-month,Basic,2,False,14.01,176.54,Credit card,True,0,3,1.1,False,5,8.6,0.7,0,28.2,7.3,7,False,5.3,False,0.0,0,No
CX00692,18,Fintech,Paid Social,Desktop,21,Annual,Premium,6,False,31.76,610.96,Debit card,True,0,5,9.1,False,8,47.2,6.3,12,41.0,6.5,7,False,0.8,True,8.7,0,No
CX00693,38,Streaming,App Store,Desktop,31,Annual,Premium,4,True,31.13,956.09,Digital wallet,False,2,2,10.7,True,16,3.8,1.0,11,37.1,7.6,7,False,3.9,False,0.0,2,No
CX00694,29,Streaming,App Store,Mobile,48,Month-to-month,Standard,2,False,14.82,710.13,Digital wallet,True,0,1,15.0,True,28,6.8,3.2,1,68.6,8.6,9,True,2.0,True,19.9,2,No
CX00695,26,Cloud Storage,Email Campaign,Mobile,17,Annual,Standard,1,False,14.77,228.81,Credit card,True,0,3,8.9,True,13,29.5,6.4,9,36.3,6.4,9,False,13.2,False,0.0,1,No
CX00696,46,Streaming,Organic Search,Mobile,46,Annual,Basic,4,True,13.42,586.25,UPI / Instant transfer,False,0,1,20.9,True,13,15.4,3.3,6,38.6,7.9,7,False,11.5,False,0.0,2,No
CX00697,47,Productivity,Organic Search,Mobile,31,Annual,Standard,3,False,19.23,553.91,UPI / Instant transfer,False,4,0,18.9,True,19,18.6,5.9,5,61.7,7.7,8,False,6.0,True,10.3,1,No
CX00698,25,Productivity,Organic Search,Mobile,5,Month-to-month,Plus,2,True,21.09,103.52,Bank transfer,False,1,6,3.6,True,18,5.1,1.5,15,69.2,7.4,8,False,3.0,True,29.3,2,No
CX00699,36,Gaming,App Store,Mobile,43,Annual,Plus,8,False,41.59,1617.23,UPI / Instant transfer,False,1,5,8.1,True,26,13.0,5.6,5,46.5,9.4,7,False,1.2,False,0.0,3,No
CX00700,41,News & Media,Organic Search,Mobile,19,Annual,Basic,3,False,11.09,210.5,Credit card,False,0,3,7.1,True,21,7.8,2.7,5,43.3,7.3,6,False,13.4,False,0.0,1,No
CX00701,37,Fintech,Organic Search,Smart TV,5,Month-to-month,Basic,1,False,9.27,45.78,Credit card,False,2,1,12.2,True,12,19.7,3.9,9,51.4,9.0,9,False,6.2,True,12.8,3,No
CX00702,42,Fintech,App Store,Desktop,3,Month-to-month,Standard,2,False,14.77,40.51,Debit card,True,0,4,10.8,False,5,14.0,1.2,6,69.7,7.1,7,False,4.1,False,0.0,0,No
CX00703,50,Fitness,Referral,Desktop,50,Two year,Standard,2,True,18.91,853.8,Credit card,False,0,3,5.5,True,14,15.6,3.6,14,45.2,7.9,7,False,4.3,False,0.0,1,No
CX00704,58,Productivity,Referral,Mobile,1,Month-to-month,Standard,3,False,16.28,16.04,Bank transfer,False,0,1,5.8,False,11,11.2,2.1,20,37.4,9.2,8,False,7.4,False,0.0,1,Yes
CX00705,18,Fintech,App Store,Mobile,2,Month-to-month,Standard,2,False,14.74,26.24,Debit card,True,0,3,12.9,True,17,17.3,4.9,20,54.0,7.9,7,False,5.7,False,0.0,2,No
CX00706,63,Fintech,Email Campaign,Mobile,5,Month-to-month,Standard,2,False,15.02,74.29,UPI / Instant transfer,False,2,1,10.6,True,12,0.9,0.2,2,48.9,7.3,8,True,4.1,False,0.0,0,No
CX00707,51,Fitness,Paid Social,Mobile,7,Month-to-month,Plus,7,False,40.38,255.48,Credit card,True,0,2,19.1,True,20,18.6,6.2,3,50.5,7.5,9,True,7.7,True,8.5,0,Yes
CX00708,29,Fintech,App Store,Tablet,56,Annual,Standard,2,False,13.93,765.77,Digital wallet,False,1,4,21.9,True,19,12.0,3.8,8,46.1,7.3,6,True,20.1,False,0.0,2,No
CX00709,37,Fitness,Influencer,Desktop,6,Month-to-month,Basic,2,True,10.75,64.28,Digital wallet,True,1,2,12.3,False,5,3.6,0.3,4,21.2,6.9,6,False,7.3,False,0.0,0,No
CX00710,55,Streaming,Organic Search,Mobile,27,Month-to-month,Premium,6,False,37.94,924.39,Credit card,True,1,2,9.0,True,16,2.3,0.6,7,49.4,7.9,8,False,1.9,False,0.0,0,Yes
CX00711,28,Fitness,App Store,Mobile,4,Month-to-month,Premium,3,False,29.01,106.66,Bank transfer,False,1,1,12.2,True,25,15.4,6.4,11,41.8,7.4,6,False,8.2,False,0.0,0,No
CX00712,25,Fintech,Organic Search,Desktop,24,Two year,Premium,2,False,34.72,785.3,Debit card,True,0,3,13.8,True,21,19.7,6.9,6,52.7,8.9,9,False,2.5,False,0.0,1,No
CX00713,18,News & Media,Organic Search,Desktop,13,Month-to-month,Basic,1,False,8.0,92.59,Credit card,False,2,1,12.4,True,18,2.0,0.6,0,44.3,7.8,9,True,1.1,False,0.0,1,Yes
CX00714,21,Gaming,Referral,Mobile,45,Two year,Standard,5,True,26.13,1114.51,Credit card,True,0,4,4.0,True,22,2.1,0.8,3,49.2,8.7,8,False,2.3,False,0.0,1,No
CX00715,49,Fitness,Paid Social,Smart TV,5,Month-to-month,Basic,3,False,10.77,53.44,Digital wallet,False,0,1,6.4,True,12,12.5,2.5,14,24.7,6.2,6,False,9.3,True,17.7,0,No
CX00716,32,Fintech,Organic Search,Mobile,4,Month-to-month,Premium,5,False,26.14,100.85,Credit card,True,1,1,7.1,True,22,15.4,5.6,8,45.2,9.0,10,False,1.4,True,9.1,0,Yes
CX00717,18,Cloud Storage,App Store,Mobile,27,Annual,Standard,2,False,15.79,411.08,Digital wallet,True,0,3,18.4,True,11,17.7,3.2,1,37.9,6.9,10,False,9.0,True,21.1,1,No
CX00718,49,Fintech,Paid Social,Desktop,20,Annual,Premium,3,False,23.48,450.36,Digital wallet,True,0,0,31.9,True,18,14.3,4.3,17,46.0,6.5,10,False,3.5,False,0.0,0,No
CX00719,42,Streaming,Organic Search,Smart TV,15,Annual,Standard,2,False,14.11,201.19,Credit card,True,1,1,3.9,True,22,8.3,3.0,3,25.0,9.1,10,True,4.9,True,19.0,1,No
CX00720,18,Fintech,Paid Social,Smart TV,24,Month-to-month,Standard,3,False,19.47,423.13,Digital wallet,False,0,1,18.3,True,22,10.8,4.0,5,55.8,10.0,10,False,12.3,False,0.0,4,No
CX00721,39,Fintech,App Store,Tablet,84,Two year,Plus,5,False,18.94,1541.04,Digital wallet,False,0,4,15.6,True,19,2.4,0.8,2,27.1,7.7,6,True,2.0,False,0.0,1,No
CX00722,24,Fitness,Referral,Mobile,26,Annual,Basic,1,False,8.37,194.46,Debit card,True,1,4,17.6,True,14,24.4,5.7,11,32.8,6.3,8,True,2.8,True,12.1,0,Yes
CX00723,32,Cloud Storage,Organic Search,Desktop,40,Two year,Basic,5,False,18.96,686.7,Digital wallet,True,1,3,12.7,True,13,15.8,3.4,9,52.1,9.3,8,False,11.8,False,0.0,2,No
CX00724,43,Streaming,App Store,Mobile,84,Two year,Plus,5,True,26.13,2080.99,UPI / Instant transfer,True,0,4,25.4,True,20,12.4,4.1,13,41.7,7.4,6,False,3.3,False,0.0,0,No
CX00725,18,Productivity,Organic Search,Mobile,40,Annual,Standard,4,False,27.38,999.59,UPI / Instant transfer,True,0,1,9.4,True,17,7.6,2.2,1,64.1,9.1,8,True,2.1,False,0.0,2,No
CX00726,30,News & Media,Organic Search,Desktop,17,Annual,Standard,5,False,22.81,383.95,Credit card,False,1,3,10.4,True,16,27.1,7.2,6,47.3,7.2,9,False,1.7,False,0.0,0,No
CX00727,37,Fintech,Organic Search,Mobile,22,Two year,Basic,2,False,12.11,261.3,UPI / Instant transfer,True,0,0,9.0,True,23,31.7,12.2,5,59.3,9.9,10,True,0.0,True,11.6,0,No
CX00728,32,Streaming,Paid Social,Mobile,12,Annual,Premium,6,True,29.09,345.2,Credit card,True,0,4,1.0,True,20,18.2,6.1,15,53.4,8.3,8,True,5.9,False,0.0,3,No
CX00729,40,Productivity,Paid Social,Desktop,47,Annual,Standard,2,False,24.38,1015.02,Digital wallet,True,0,3,7.0,True,13,25.0,5.4,9,76.2,9.9,10,False,7.2,True,22.3,1,No
CX00730,30,Cloud Storage,Referral,Mobile,7,Month-to-month,Standard,1,False,11.79,75.64,Credit card,False,3,2,10.7,True,18,19.2,5.8,4,49.9,7.7,7,False,3.9,False,0.0,1,No
CX00731,40,Fitness,Influencer,Smart TV,14,Month-to-month,Plus,6,False,32.86,456.42,UPI / Instant transfer,False,2,4,4.5,True,18,9.9,3.0,1,59.3,10.0,10,False,4.6,False,0.0,3,No
CX00732,31,Cloud Storage,Influencer,Mobile,15,Annual,Standard,3,False,14.78,210.86,Digital wallet,True,0,2,14.3,True,14,5.7,1.3,13,52.4,8.1,9,False,1.6,True,13.0,2,No
CX00733,58,Productivity,Paid Social,Mobile,42,Annual,Standard,1,False,14.1,558.31,Bank transfer,False,1,1,7.3,True,19,15.3,4.8,2,29.3,8.5,9,False,6.2,False,0.0,0,No
CX00734,37,Streaming,Paid Social,Mobile,1,Month-to-month,Standard,3,False,13.63,12.39,UPI / Instant transfer,True,0,3,7.0,True,16,4.7,1.3,16,50.5,7.9,7,False,4.4,False,0.0,1,No
CX00735,35,Streaming,Organic Search,Desktop,9,Month-to-month,Basic,3,True,15.45,137.31,Debit card,False,3,2,8.0,True,15,14.6,3.6,10,28.9,8.6,9,True,1.3,True,15.6,1,No
CX00736,33,Gaming,App Store,Smart TV,11,Month-to-month,Premium,4,True,39.49,390.36,Debit card,True,0,3,9.6,False,10,5.6,0.9,1,39.3,10.0,10,True,2.2,False,0.0,2,No
CX00737,32,Productivity,Influencer,Desktop,26,Month-to-month,Standard,4,False,21.72,500.55,Bank transfer,False,1,4,6.7,True,15,25.4,6.4,11,38.6,7.1,5,True,11.8,True,10.4,0,Yes
CX00738,65,Productivity,Influencer,Mobile,22,Annual,Standard,1,True,13.4,292.14,Digital wallet,False,2,3,10.3,True,16,6.3,1.7,12,40.6,8.4,9,False,7.7,False,0.0,0,No
CX00739,23,Streaming,Paid Social,Mobile,49,Two year,Premium,5,True,34.3,1547.6,UPI / Instant transfer,True,0,3,2.8,True,20,10.6,3.5,3,44.1,7.0,6,False,1.5,False,0.0,0,No
CX00740,18,Cloud Storage,App Store,Desktop,36,Month-to-month,Plus,6,False,33.54,1150.77,Bank transfer,False,0,4,6.8,True,19,13.4,4.2,12,34.0,8.0,7,True,3.6,True,20.2,1,No
CX00741,37,Fitness,Organic Search,Mobile,8,Annual,Standard,1,False,11.08,78.7,Credit card,True,0,3,5.2,True,15,6.8,1.7,7,54.5,9.0,9,True,4.9,False,0.0,1,No
CX00742,52,Cloud Storage,Influencer,Desktop,25,Month-to-month,Basic,1,False,8.26,184.92,Credit card,True,0,1,4.1,True,17,14.2,4.0,7,56.1,10.0,10,False,4.9,True,13.4,0,No
CX00743,39,Cloud Storage,Organic Search,Mobile,39,Annual,Standard,4,False,18.63,645.62,Buy now pay later,True,1,2,9.5,False,5,21.4,1.8,3,38.1,6.3,4,True,2.7,False,0.0,0,No
CX00744,18,Streaming,Organic Search,Mobile,4,Month-to-month,Premium,7,False,40.57,143.91,Digital wallet,True,0,3,32.4,True,28,10.0,4.7,5,41.1,8.0,8,False,1.7,True,19.7,2,No
CX00745,35,Gaming,Organic Search,Smart TV,6,Annual,Standard,6,False,25.42,147.17,UPI / Instant transfer,True,0,7,7.4,True,22,1.4,0.5,17,50.8,7.5,8,True,2.2,True,16.9,1,No
CX00746,28,Streaming,App Store,Mobile,2,Month-to-month,Basic,4,False,17.18,32.25,Credit card,False,1,3,2.6,True,11,6.3,1.2,3,60.8,9.1,8,True,9.3,True,12.2,2,No
CX00747,41,Streaming,App Store,Desktop,27,Annual,Basic,2,False,9.57,256.35,UPI / Instant transfer,True,0,3,17.8,True,14,22.7,5.3,5,46.1,7.8,9,False,1.3,False,0.0,0,Yes
CX00748,36,Productivity,App Store,Desktop,2,Month-to-month,Plus,6,False,25.67,47.26,UPI / Instant transfer,True,1,4,13.2,True,19,64.2,20.3,2,32.8,9.9,10,False,7.0,False,0.0,0,No
CX00749,36,Fintech,Organic Search,Mobile,18,Month-to-month,Basic,1,False,13.54,226.66,Credit card,True,1,1,13.9,True,12,10.5,2.1,10,49.2,7.7,7,False,9.5,False,0.0,0,No
CX00750,43,Streaming,App Store,Desktop,24,Two year,Premium,3,False,32.35,710.01,Credit card,True,1,3,3.0,True,21,7.4,2.6,15,31.0,5.8,6,False,7.2,False,0.0,0,No
CX00751,41,Fintech,Referral,Desktop,44,Annual,Plus,3,True,16.55,710.84,Credit card,True,0,2,8.1,False,7,15.8,1.8,8,50.9,8.0,7,False,2.1,False,0.0,1,No
CX00752,21,Streaming,App Store,Mobile,29,Month-to-month,Plus,5,False,33.95,913.12,Bank transfer,True,0,2,19.9,True,18,3.4,1.0,6,61.2,8.8,8,False,9.5,False,0.0,3,No
CX00753,18,Productivity,Organic Search,Mobile,42,Annual,Plus,2,False,24.29,965.74,Credit card,False,0,4,7.4,True,19,20.2,6.4,19,26.7,7.0,5,False,3.0,False,0.0,0,Yes
CX00754,51,Productivity,App Store,Mobile,4,Month-to-month,Plus,4,True,28.45,108.4,Credit card,True,2,4,24.1,True,23,5.4,2.1,20,56.4,6.8,4,True,8.9,True,26.0,0,No
CX00755,49,Streaming,Influencer,Desktop,12,Month-to-month,Standard,3,False,14.27,165.4,Credit card,True,2,1,13.9,True,18,2.5,0.8,1,46.7,8.6,7,True,7.7,True,17.6,0,Yes
CX00756,39,Fitness,Paid Social,Mobile,3,Month-to-month,Plus,2,False,20.83,60.27,Debit card,True,0,2,5.9,True,23,6.4,2.5,6,43.4,8.6,9,True,4.4,True,11.5,0,Yes
CX00757,24,Productivity,Paid Social,Mobile,8,Annual,Basic,3,True,11.96,88.34,Debit card,True,0,3,2.9,True,9,12.4,1.9,13,62.7,8.5,9,False,7.4,False,0.0,2,No
CX00758,18,Fitness,Paid Social,Tablet,34,Annual,Premium,5,False,28.06,890.41,Debit card,True,0,3,14.0,True,18,26.2,7.9,3,69.7,9.1,9,False,2.4,False,0.0,4,No
CX00759,44,Fintech,App Store,Mobile,41,Two year,Basic,1,False,8.28,326.21,UPI / Instant transfer,True,0,3,19.0,True,13,14.5,3.1,13,36.9,7.8,6,False,6.6,False,0.0,1,Yes
CX00760,48,Cloud Storage,Email Campaign,Tablet,73,Annual,Standard,4,False,29.03,1889.29,Debit card,True,0,0,38.2,True,13,18.5,4.0,4,45.6,6.4,7,True,7.1,True,16.3,1,No
CX00761,33,Fitness,Referral,Tablet,30,Two year,Basic,2,True,11.32,304.2,UPI / Instant transfer,False,0,3,11.3,True,9,7.9,1.2,4,48.2,7.4,9,True,6.7,True,11.6,1,No
CX00762,18,Cloud Storage,Paid Social,Desktop,41,Two year,Standard,3,False,16.3,611.88,UPI / Instant transfer,True,0,3,8.3,False,9,16.4,2.5,6,52.4,10.0,10,False,19.6,True,20.3,1,No
CX00763,39,Cloud Storage,Referral,Mobile,11,Month-to-month,Basic,4,True,16.66,162.96,Debit card,False,2,3,17.4,True,14,16.1,3.8,11,24.0,8.4,8,True,1.6,True,10.0,0,Yes
CX00764,35,Fitness,App Store,Mobile,22,Annual,Plus,3,False,25.57,530.11,Credit card,False,1,4,18.6,True,20,13.8,4.6,9,41.6,9.0,9,False,4.9,True,21.3,1,No
CX00765,22,Streaming,App Store,Mobile,26,Two year,Standard,5,True,29.47,760.92,Credit card,True,1,1,5.5,True,19,2.8,0.9,6,53.2,9.5,8,False,3.6,False,0.0,4,No
CX00766,37,Fintech,App Store,Mobile,1,Month-to-month,Standard,5,False,15.26,14.73,Credit card,False,1,3,7.6,True,17,8.6,2.4,6,51.1,7.4,8,False,5.3,False,0.0,0,No
CX00767,34,Productivity,Email Campaign,Mobile,9,Month-to-month,Standard,1,True,15.15,127.53,Bank transfer,True,0,2,18.2,True,20,8.5,2.8,1,41.8,8.3,9,False,2.5,False,0.0,2,No
CX00768,18,Productivity,App Store,Mobile,18,Two year,Standard,5,False,19.56,321.99,Buy now pay later,True,0,1,4.7,True,27,39.6,17.8,1,59.9,7.6,9,False,0.6,False,0.0,1,No
CX00769,34,Cloud Storage,App Store,Mobile,1,Month-to-month,Standard,4,False,14.98,14.1,Credit card,True,0,6,21.6,True,16,9.2,2.5,9,35.2,6.4,8,True,0.8,False,0.0,1,No
CX00770,41,Fitness,Referral,Desktop,18,Annual,Plus,4,False,25.8,424.02,Bank transfer,False,0,0,15.6,True,19,20.2,6.4,5,69.5,8.4,7,False,0.6,False,0.0,1,No
CX00771,34,Gaming,Organic Search,Mobile,62,Two year,Premium,1,False,22.11,1310.12,Credit card,True,2,2,7.5,True,15,20.8,5.2,1,60.5,7.1,5,True,1.2,True,16.1,1,Yes
CX00772,23,Fintech,Paid Social,Desktop,29,Annual,Basic,3,False,16.16,433.68,Credit card,True,1,1,14.3,True,15,11.2,2.8,10,53.6,9.8,9,True,2.3,False,0.0,3,No
CX00773,34,Productivity,Referral,Tablet,19,Annual,Plus,1,False,19.45,348.28,Credit card,False,3,2,1.7,True,13,31.8,6.9,10,29.5,9.3,10,True,5.8,True,17.8,1,No
CX00774,44,Productivity,Paid Social,Mobile,3,Month-to-month,Basic,4,False,12.58,34.23,Credit card,False,2,4,14.8,True,13,0.7,0.2,1,31.7,6.5,9,True,5.1,False,0.0,1,Yes
CX00775,40,Fitness,Influencer,Mobile,17,Month-to-month,Basic,1,False,7.25,119.32,Credit card,True,0,3,38.3,True,9,28.8,4.3,6,29.9,7.4,5,False,1.6,False,0.0,3,No
CX00776,39,Productivity,Organic Search,Tablet,17,Annual,Standard,3,False,17.79,292.95,Credit card,True,0,1,17.6,True,19,7.3,2.3,6,35.4,8.9,10,False,1.5,False,0.0,2,No
CX00777,19,Fintech,Organic Search,Mobile,14,Annual,Plus,1,False,18.08,248.26,Buy now pay later,True,0,3,41.3,True,25,3.1,1.3,12,56.4,9.0,8,False,12.9,False,0.0,4,No
CX00778,52,Streaming,Email Campaign,Mobile,32,Annual,Plus,3,False,24.03,737.77,Bank transfer,True,0,1,6.1,True,19,2.5,0.8,6,42.8,8.6,6,True,2.1,False,0.0,2,No
CX00779,46,Fitness,Referral,Mobile,36,Annual,Basic,2,False,16.43,535.79,Digital wallet,True,1,1,8.9,True,16,12.6,3.4,4,53.0,10.0,8,False,0.5,False,0.0,0,No
CX00780,21,Streaming,Influencer,Mobile,84,Two year,Basic,2,False,9.43,730.53,Digital wallet,True,0,1,6.4,True,8,5.1,0.7,4,61.4,8.7,10,False,2.0,False,0.0,2,No
CX00781,18,Fintech,App Store,Mobile,10,Annual,Premium,6,False,32.78,296.68,Debit card,True,0,5,12.4,False,16,28.1,7.5,2,50.0,8.4,10,False,4.5,False,0.0,1,No
CX00782,39,Productivity,App Store,Tablet,16,Annual,Standard,2,True,19.02,268.13,Credit card,False,3,2,16.4,True,26,23.4,10.1,11,46.9,6.2,6,False,0.7,False,0.0,0,No
CX00783,36,News & Media,Organic Search,Desktop,59,Annual,Standard,4,False,20.33,1088.42,Debit card,True,2,2,15.8,True,16,14.7,3.9,8,32.4,9.5,8,True,7.8,False,0.0,3,No
CX00784,31,Fintech,Paid Social,Desktop,20,Annual,Basic,1,False,10.17,184.87,UPI / Instant transfer,False,0,3,13.9,True,14,12.2,2.8,1,55.1,5.6,4,True,3.8,False,0.0,0,Yes
CX00785,60,Fitness,Referral,Desktop,6,Month-to-month,Basic,3,False,15.02,86.7,UPI / Instant transfer,True,0,2,32.6,False,9,8.8,1.3,15,43.4,9.4,10,False,10.6,False,0.0,1,Yes
CX00786,48,Streaming,Organic Search,Desktop,3,Annual,Standard,2,False,17.99,53.16,UPI / Instant transfer,True,0,2,16.4,True,20,18.8,6.3,3,40.3,7.8,6,True,12.6,True,19.9,0,No
CX00787,27,Streaming,Paid Social,Mobile,14,Annual,Standard,3,True,18.58,245.56,Debit card,False,0,1,6.7,True,12,23.7,4.7,34,23.8,5.7,5,False,2.3,False,0.0,0,Yes
CX00788,59,Productivity,Paid Social,Tablet,18,Two year,Plus,4,False,30.15,507.24,Credit card,True,0,4,2.3,True,22,27.2,10.0,7,64.8,6.9,5,True,16.5,False,0.0,0,No
CX00789,27,Streaming,App Store,Mobile,13,Month-to-month,Standard,3,True,16.63,199.57,UPI / Instant transfer,True,3,3,3.2,True,15,3.8,1.0,11,53.1,9.8,10,False,2.2,False,0.0,2,No
CX00790,36,Fitness,Organic Search,Desktop,20,Month-to-month,Standard,3,False,19.26,378.48,Digital wallet,False,0,2,26.1,False,13,15.1,3.3,26,53.3,8.4,8,False,5.3,True,17.0,0,No
CX00791,18,Productivity,Organic Search,Desktop,22,Month-to-month,Standard,4,False,16.79,347.67,Buy now pay later,False,0,4,12.5,True,25,8.9,3.7,5,25.1,7.9,9,True,2.1,False,0.0,2,No
CX00792,23,Fintech,App Store,Mobile,27,Month-to-month,Basic,1,True,10.17,269.32,Digital wallet,True,0,1,1.3,True,6,10.2,1.0,22,49.3,7.1,8,False,3.6,True,11.7,0,Yes
CX00793,47,Fitness,Paid Social,Tablet,5,Month-to-month,Basic,5,False,20.21,89.67,UPI / Instant transfer,True,0,2,23.6,False,8,9.5,1.3,12,60.4,7.3,6,False,4.5,False,0.0,0,No
CX00794,33,Fintech,App Store,Tablet,8,Month-to-month,Standard,3,False,16.08,115.85,UPI / Instant transfer,False,1,1,58.5,True,16,9.7,2.6,7,31.2,5.5,3,False,6.4,False,0.0,0,No
CX00795,30,Streaming,Referral,Smart TV,24,Two year,Basic,2,False,7.77,184.11,Credit card,True,0,4,6.9,False,3,40.3,2.0,47,39.0,6.5,5,False,1.6,False,0.0,1,No
CX00796,33,Productivity,Paid Social,Smart TV,22,Annual,Basic,1,False,11.67,232.85,UPI / Instant transfer,True,0,1,8.2,False,5,19.4,1.6,10,56.5,8.9,10,True,13.7,False,0.0,1,No
CX00797,56,News & Media,Paid Social,Mobile,4,Month-to-month,Plus,2,False,23.41,82.79,Credit card,True,0,0,7.4,True,20,10.8,3.6,16,49.2,7.0,8,False,4.7,False,0.0,0,No
CX00798,18,Cloud Storage,Referral,Tablet,25,Annual,Basic,3,False,16.86,417.66,Debit card,True,0,3,10.5,False,1,7.3,0.1,15,80.0,9.0,10,True,5.5,False,0.0,1,No
CX00799,59,Fitness,Paid Social,Smart TV,39,Month-to-month,Standard,2,False,15.14,548.87,Credit card,True,0,1,4.2,False,4,5.8,0.4,10,20.8,7.3,7,False,6.4,False,0.0,0,No
CX00800,18,Streaming,Paid Social,Smart TV,21,Month-to-month,Plus,4,False,33.31,654.56,Buy now pay later,True,1,4,16.1,True,21,8.3,2.9,6,23.6,5.9,3,False,4.6,False,0.0,0,Yes
CX00801,49,Streaming,App Store,Smart TV,49,Annual,Plus,4,False,22.97,1044.14,Digital wallet,True,0,3,18.2,False,14,14.2,3.3,0,47.1,6.4,4,False,1.0,False,0.0,0,Yes
CX00802,46,Streaming,Paid Social,Desktop,34,Annual,Plus,3,False,23.63,727.69,Credit card,False,0,1,2.5,True,23,17.0,6.5,6,52.7,9.2,8,True,4.8,True,18.2,4,No
CX00803,41,Streaming,Organic Search,Smart TV,11,Annual,Premium,4,False,30.22,298.09,Digital wallet,False,0,2,2.3,True,20,34.0,11.3,2,37.9,9.0,9,False,5.2,True,18.3,4,No
CX00804,47,Streaming,Organic Search,Desktop,6,Month-to-month,Premium,5,False,33.62,199.04,Debit card,True,1,4,16.2,True,33,7.1,3.9,8,55.5,7.6,6,True,9.5,False,0.0,1,Yes
CX00805,39,Fintech,App Store,Desktop,13,Month-to-month,Basic,3,False,13.76,164.94,Debit card,True,2,4,14.5,True,13,24.7,5.4,8,48.7,4.8,4,True,5.4,True,6.7,0,Yes
CX00806,30,News & Media,Email Campaign,Mobile,11,Month-to-month,Premium,2,True,21.72,213.32,UPI / Instant transfer,True,0,1,20.5,True,24,33.0,13.2,8,24.5,7.3,8,False,8.9,False,0.0,2,No
CX00807,39,Fintech,Organic Search,Desktop,29,Annual,Plus,3,False,25.59,719.75,Credit card,False,2,3,9.9,True,30,23.2,11.6,9,27.8,7.6,7,False,3.2,False,0.0,1,No
CX00808,27,Streaming,App Store,Mobile,32,Annual,Basic,1,False,7.19,203.97,Credit card,False,5,1,3.6,True,23,22.1,8.5,17,31.5,9.3,10,True,9.9,False,0.0,2,Yes
CX00809,60,Cloud Storage,Influencer,Mobile,42,Two year,Standard,1,False,11.67,488.36,UPI / Instant transfer,True,1,3,11.1,False,9,20.9,3.1,7,48.5,8.0,8,False,3.7,False,0.0,1,No
CX00810,20,Fitness,Paid Social,Desktop,40,Two year,Premium,6,False,46.54,1764.56,Bank transfer,False,2,4,1.9,True,19,9.8,3.1,29,42.1,9.0,9,True,4.7,False,0.0,1,No
CX00811,42,News & Media,App Store,Mobile,10,Month-to-month,Standard,3,False,29.13,290.7,Credit card,True,1,2,5.4,True,19,16.1,5.1,7,61.1,9.3,10,False,0.7,False,0.0,3,No
CX00812,33,Fitness,Organic Search,Mobile,55,Annual,Standard,4,False,24.2,1280.73,Debit card,True,0,3,4.9,True,23,11.0,4.2,4,54.1,7.4,7,True,12.0,False,0.0,0,Yes
CX00813,27,Gaming,Organic Search,Mobile,38,Two year,Premium,4,False,36.16,1280.93,Credit card,True,0,1,11.0,True,13,20.1,4.4,4,37.4,7.6,7,True,2.9,False,0.0,1,No
CX00814,34,Gaming,Referral,Desktop,20,Month-to-month,Basic,1,False,7.23,134.24,Buy now pay later,True,0,0,8.0,True,17,32.6,9.2,3,52.3,7.7,9,False,0.5,False,0.0,1,No
CX00815,38,Fintech,App Store,Mobile,9,Month-to-month,Standard,3,True,15.84,126.35,Credit card,True,1,3,2.4,True,19,4.5,1.4,12,52.9,8.2,9,True,2.2,False,0.0,1,No
CX00816,18,Cloud Storage,Referral,Mobile,12,Month-to-month,Standard,2,False,14.29,167.6,Digital wallet,True,1,3,11.2,True,7,12.9,1.5,4,29.1,6.3,10,False,12.0,False,0.0,2,Yes
CX00817,41,Cloud Storage,App Store,Smart TV,6,Annual,Premium,6,False,40.15,235.0,Debit card,True,0,4,6.5,True,23,3.5,1.3,5,45.0,10.0,10,True,3.6,False,0.0,1,Yes
CX00818,29,Gaming,Paid Social,Mobile,14,Annual,Basic,1,False,9.33,116.79,Credit card,True,1,0,5.7,True,14,32.7,7.6,12,44.2,8.4,9,False,2.0,True,14.1,2,No
CX00819,18,Fintech,Paid Social,Mobile,33,Month-to-month,Premium,4,False,29.02,859.2,Bank transfer,False,1,3,6.9,True,22,3.3,1.2,3,58.7,8.2,8,False,9.5,False,0.0,2,Yes
CX00820,44,News & Media,Referral,Mobile,45,Two year,Standard,2,False,16.97,692.27,Credit card,True,0,2,10.1,True,21,10.3,3.6,3,44.0,8.7,8,False,11.8,True,3.0,2,No
CX00821,23,Streaming,Paid Social,Mobile,5,Month-to-month,Standard,2,False,13.26,61.1,Credit card,False,2,5,4.5,True,20,7.7,2.6,3,8.7,9.0,10,True,0.2,False,0.0,1,No
CX00822,28,Productivity,Influencer,Desktop,11,Annual,Premium,7,False,50.14,532.16,Debit card,True,0,8,2.2,True,17,14.6,4.1,12,61.5,8.9,10,False,0.5,False,0.0,1,No
CX00823,40,Fitness,Organic Search,Mobile,11,Month-to-month,Plus,5,False,36.08,377.7,Credit card,True,0,2,14.7,True,23,17.6,6.7,27,46.6,7.7,8,False,1.3,False,0.0,1,No
CX00824,52,Productivity,Paid Social,Mobile,7,Annual,Plus,2,False,31.76,209.48,Digital wallet,True,0,7,39.8,True,22,13.7,5.0,32,59.4,8.1,9,True,1.6,False,0.0,1,Yes
CX00825,52,Cloud Storage,Paid Social,Mobile,8,Month-to-month,Plus,4,False,23.39,176.8,Bank transfer,False,2,0,11.9,True,17,6.3,1.8,5,65.6,8.8,10,True,4.8,False,0.0,1,Yes
CX00826,32,Fitness,Paid Social,Tablet,45,Annual,Basic,1,False,11.77,509.46,Credit card,True,1,3,48.2,False,8,13.2,1.8,7,54.7,7.4,5,True,0.9,False,0.0,0,Yes
CX00827,37,Productivity,Influencer,Mobile,8,Month-to-month,Standard,3,True,23.43,181.16,Digital wallet,False,1,2,16.5,False,5,10.3,0.9,5,39.0,6.9,8,False,9.6,False,0.0,0,Yes
CX00828,59,Cloud Storage,Referral,Mobile,15,Annual,Basic,2,False,9.41,139.64,UPI / Instant transfer,True,0,2,7.0,True,14,13.2,3.1,3,53.0,9.9,10,True,6.0,False,0.0,0,No
CX00829,19,Gaming,Referral,Tablet,45,Two year,Premium,2,True,33.51,1507.14,Credit card,False,2,3,14.5,True,18,1.2,0.4,8,48.7,9.0,10,False,1.1,False,0.0,0,No
CX00830,41,Fitness,Referral,Mobile,4,Month-to-month,Plus,1,False,23.19,92.16,Debit card,True,2,1,15.3,True,20,9.2,3.1,10,30.2,8.2,10,False,12.4,False,0.0,0,No
CX00831,33,Productivity,Email Campaign,Desktop,22,Two year,Standard,5,True,29.85,604.92,UPI / Instant transfer,True,1,5,3.9,False,7,11.2,1.3,3,45.0,8.6,6,False,8.2,True,14.3,2,No
CX00832,21,Gaming,Organic Search,Desktop,9,Month-to-month,Basic,2,False,9.67,77.5,Credit card,True,1,2,6.9,False,6,8.8,0.9,6,54.8,8.5,7,True,6.9,True,8.8,0,Yes
CX00833,34,Fintech,Organic Search,Desktop,11,Month-to-month,Standard,3,False,23.52,244.7,Credit card,True,0,3,17.6,False,12,1.7,0.3,4,52.3,6.9,7,True,4.1,True,6.2,0,Yes
CX00834,31,Cloud Storage,App Store,Mobile,15,Month-to-month,Basic,4,True,16.99,248.63,UPI / Instant transfer,False,1,1,6.8,True,20,22.8,7.6,6,61.5,9.8,10,False,3.9,True,3.0,0,No
CX00835,20,Fitness,App Store,Desktop,19,Month-to-month,Basic,3,False,13.21,237.11,Digital wallet,False,3,5,6.8,True,22,4.0,1.5,9,45.4,7.7,4,False,0.7,False,0.0,1,Yes
CX00836,35,Gaming,App Store,Mobile,5,Month-to-month,Basic,6,False,13.69,62.6,Debit card,False,2,3,7.7,True,16,14.3,3.8,13,58.6,7.9,10,False,0.8,False,0.0,1,No
CX00837,28,Streaming,Influencer,Desktop,21,Annual,Basic,1,False,11.98,222.43,Credit card,True,1,3,11.0,True,18,2.6,0.8,5,49.5,7.6,10,True,5.1,False,0.0,1,No
CX00838,54,Productivity,Influencer,Mobile,10,Month-to-month,Basic,5,False,18.18,172.92,UPI / Instant transfer,False,0,2,15.7,False,6,12.5,1.2,7,49.0,8.3,9,True,11.6,True,15.8,0,No
CX00839,45,News & Media,Paid Social,Mobile,55,Annual,Plus,4,False,33.67,1757.85,Bank transfer,True,2,0,16.3,True,26,10.4,4.5,2,45.2,9.1,9,False,1.1,False,0.0,5,No
CX00840,44,Productivity,Organic Search,Mobile,18,Annual,Basic,2,False,14.79,243.49,Buy now pay later,True,0,2,21.2,True,17,29.4,8.3,3,48.9,7.4,8,True,5.0,False,0.0,0,No
CX00841,32,Fitness,Organic Search,Desktop,51,Annual,Standard,7,False,34.71,1577.19,Digital wallet,False,2,6,7.4,True,14,7.2,1.7,5,33.5,6.9,6,True,3.3,False,0.0,1,Yes
CX00842,26,Gaming,Organic Search,Desktop,35,Month-to-month,Standard,5,False,22.65,720.44,Credit card,True,1,0,6.2,False,7,32.7,3.8,4,51.5,10.0,10,False,6.5,False,0.0,0,No
CX00843,44,Fintech,Paid Social,Smart TV,14,Month-to-month,Plus,5,False,27.49,366.16,UPI / Instant transfer,True,1,3,7.4,True,27,1.4,0.6,20,52.1,10.0,10,False,5.7,False,0.0,1,No
CX00844,30,Streaming,Influencer,Desktop,12,Month-to-month,Standard,3,False,28.52,330.44,UPI / Instant transfer,False,1,1,4.1,True,29,5.8,2.8,7,28.4,8.5,8,False,4.6,False,0.0,0,No
CX00845,29,Productivity,Email Campaign,Desktop,80,Annual,Plus,3,True,19.38,1539.44,Credit card,True,0,3,33.5,True,15,14.9,3.7,5,47.3,7.9,8,True,10.0,True,16.2,1,No
CX00846,18,Streaming,Influencer,Tablet,7,Two year,Plus,3,False,24.18,155.9,Credit card,True,0,1,6.8,True,21,11.6,4.1,2,63.2,8.6,10,False,12.3,False,0.0,0,No
CX00847,38,News & Media,Paid Social,Mobile,7,Month-to-month,Premium,8,False,53.63,359.71,UPI / Instant transfer,False,1,1,10.6,True,23,16.0,6.1,12,50.0,8.5,9,True,2.0,True,19.7,1,No
CX00848,59,Streaming,Organic Search,Tablet,24,Month-to-month,Plus,2,False,20.22,474.28,Credit card,True,0,3,7.9,True,21,12.4,4.3,11,29.2,6.9,10,False,3.5,False,0.0,0,No
CX00849,48,Streaming,Influencer,Mobile,28,Annual,Standard,2,False,17.19,480.63,Bank transfer,False,0,1,10.1,True,18,3.5,1.0,1,60.4,10.0,10,False,9.6,False,0.0,1,No
CX00850,27,Fintech,Paid Social,Mobile,5,Month-to-month,Premium,6,True,55.64,260.17,Debit card,True,0,4,19.0,True,23,18.8,7.2,15,37.5,6.8,9,False,2.5,False,0.0,0,No
CX00851,45,News & Media,Email Campaign,Mobile,13,Annual,Basic,1,True,8.68,110.95,Credit card,True,1,4,1.9,False,6,7.4,0.7,8,42.7,6.7,5,True,2.1,False,0.0,0,No
CX00852,25,Productivity,Paid Social,Smart TV,18,Two year,Plus,3,False,23.94,414.64,Debit card,True,1,1,13.2,True,23,11.9,4.6,5,77.0,9.5,10,False,1.3,True,7.2,4,No
CX00853,29,Fintech,Referral,Mobile,58,Month-to-month,Premium,8,False,61.93,3410.54,UPI / Instant transfer,True,0,4,7.7,True,29,42.6,20.6,0,28.4,9.1,10,False,2.7,False,0.0,1,No
CX00854,40,Productivity,Paid Social,Mobile,6,Month-to-month,Standard,1,False,11.54,66.67,Credit card,False,1,3,3.6,True,14,13.8,3.2,5,40.1,9.6,10,True,7.1,False,0.0,0,No
CX00855,49,Fintech,Organic Search,Desktop,10,Month-to-month,Standard,7,False,26.59,241.09,Credit card,False,2,6,14.0,False,7,24.2,2.8,2,25.5,6.0,8,True,4.5,False,0.0,0,Yes
CX00856,20,Fitness,Referral,Mobile,20,Annual,Plus,4,False,19.35,371.31,Debit card,True,1,3,9.8,False,6,11.6,1.2,5,59.6,7.3,9,True,1.3,False,0.0,0,No
CX00857,38,Gaming,Influencer,Mobile,30,Two year,Basic,1,False,9.08,271.22,Credit card,True,0,4,18.2,True,24,17.4,7.0,7,31.6,7.2,9,True,13.8,True,9.3,2,No
CX00858,34,Cloud Storage,Organic Search,Desktop,45,Annual,Plus,4,False,30.28,1355.4,Credit card,True,0,1,28.9,False,7,12.6,1.5,34,41.8,6.5,5,True,2.2,False,0.0,1,No
CX00859,30,Fintech,Organic Search,Desktop,14,Month-to-month,Basic,2,False,12.38,168.76,Buy now pay later,False,1,1,12.3,False,6,3.4,0.3,2,41.1,7.6,5,True,3.1,False,0.0,0,Yes
CX00860,34,Productivity,Influencer,Mobile,31,Month-to-month,Basic,1,False,11.58,347.83,UPI / Instant transfer,False,0,2,17.7,True,18,1.9,0.6,1,47.9,7.9,8,False,13.0,False,0.0,0,No
CX00861,20,Fintech,App Store,Mobile,23,Annual,Standard,2,False,19.55,442.52,Digital wallet,False,1,2,8.6,True,15,15.5,3.9,7,36.7,9.5,9,False,1.3,True,18.9,1,No
CX00862,29,Streaming,Organic Search,Mobile,15,Annual,Premium,6,False,41.84,554.3,UPI / Instant transfer,True,0,0,30.8,True,19,17.8,5.6,9,44.0,6.7,6,False,1.2,True,20.8,1,No
CX00863,49,Fintech,Influencer,Mobile,12,Month-to-month,Basic,5,False,14.1,164.89,Credit card,True,0,3,18.4,True,20,32.5,10.8,2,45.7,8.7,8,False,5.0,False,0.0,4,No
CX00864,27,Streaming,Paid Social,Mobile,12,Annual,Premium,8,False,39.97,457.2,UPI / Instant transfer,False,0,1,10.2,True,19,14.9,4.7,9,50.8,9.8,10,False,3.7,False,0.0,2,No
CX00865,21,Streaming,Organic Search,Smart TV,76,Annual,Basic,1,False,11.3,778.88,UPI / Instant transfer,False,0,3,3.8,False,6,11.6,1.2,13,67.5,8.7,9,True,9.4,True,20.0,6,No
CX00866,36,Streaming,Paid Social,Mobile,10,Month-to-month,Premium,3,False,30.4,294.84,Credit card,False,0,4,16.0,True,24,14.3,5.7,2,46.1,5.7,5,False,0.3,False,0.0,0,Yes
CX00867,30,Cloud Storage,Organic Search,Desktop,24,Annual,Standard,2,False,16.51,384.21,Debit card,True,1,2,5.9,False,8,15.2,2.0,3,47.4,8.0,8,False,6.8,False,0.0,0,No
CX00868,39,Productivity,Influencer,Mobile,4,Month-to-month,Standard,2,False,12.34,43.61,Debit card,True,0,0,6.8,True,18,3.6,1.1,12,66.4,10.0,10,True,2.7,False,0.0,1,No
CX00869,35,Productivity,Influencer,Mobile,11,Month-to-month,Standard,3,False,13.89,150.36,Buy now pay later,False,1,1,25.0,True,21,13.1,4.6,13,21.5,6.4,8,False,5.4,False,0.0,1,No
CX00870,18,Productivity,Referral,Mobile,7,Annual,Standard,3,False,20.36,136.12,Digital wallet,False,2,2,44.8,True,21,5.3,1.9,10,27.0,6.7,7,False,6.8,False,0.0,1,No
CX00871,31,Fintech,Paid Social,Desktop,22,Annual,Plus,5,False,27.11,571.61,Credit card,True,1,3,13.8,True,15,4.9,1.2,12,49.6,7.1,6,False,1.6,False,0.0,1,No
CX00872,30,Gaming,Paid Social,Desktop,60,Annual,Premium,3,False,30.86,1652.1,Credit card,True,0,0,21.8,True,24,10.6,4.2,8,57.4,8.6,8,True,3.0,False,0.0,1,No
CX00873,47,Fintech,App Store,Desktop,34,Annual,Plus,3,False,24.15,737.97,UPI / Instant transfer,False,4,2,11.4,False,12,19.2,3.8,2,35.4,8.6,8,False,5.7,False,0.0,1,No
CX00874,35,News & Media,Organic Search,Mobile,45,Month-to-month,Premium,5,False,44.11,1755.82,Credit card,True,0,2,5.7,True,11,4.8,0.9,3,48.5,7.2,7,False,0.5,True,17.5,1,No
CX00875,28,Gaming,Paid Social,Desktop,45,Annual,Basic,1,False,8.42,364.46,Bank transfer,True,0,1,7.3,True,17,5.1,1.4,8,48.0,10.0,10,False,2.7,False,0.0,2,No
CX00876,18,Fintech,Paid Social,Mobile,1,Month-to-month,Standard,4,False,16.81,16.68,Buy now pay later,True,0,0,13.7,True,23,13.4,5.1,5,27.9,7.2,6,True,3.7,False,0.0,0,Yes
CX00877,58,Gaming,Paid Social,Mobile,9,Month-to-month,Premium,8,False,35.33,297.18,Debit card,False,3,4,13.3,True,23,51.2,19.6,13,71.6,7.8,6,True,7.5,False,0.0,0,Yes
CX00878,46,Fintech,Referral,Desktop,21,Annual,Standard,5,False,24.31,492.89,Credit card,True,2,2,17.5,False,3,11.6,0.6,19,44.6,7.5,6,True,8.4,True,16.1,0,Yes
CX00879,36,Streaming,Organic Search,Mobile,18,Month-to-month,Standard,4,False,21.97,367.42,UPI / Instant transfer,True,0,3,1.6,True,20,20.6,6.9,26,64.0,10.0,9,False,4.8,False,0.0,2,No
CX00880,28,News & Media,Email Campaign,Mobile,2,Month-to-month,Standard,3,False,16.44,31.62,Bank transfer,False,3,2,8.5,False,2,12.3,0.4,51,51.5,9.4,10,True,3.0,True,33.9,0,Yes
CX00881,29,Cloud Storage,Organic Search,Tablet,6,Month-to-month,Basic,3,False,13.46,72.68,UPI / Instant transfer,True,1,0,8.2,True,16,15.3,4.1,0,53.2,8.5,9,True,9.5,True,25.3,5,No
CX00882,22,Productivity,Email Campaign,Desktop,17,Annual,Standard,2,False,16.08,250.93,Digital wallet,False,1,2,18.4,True,23,21.9,8.4,9,69.9,8.2,9,True,3.6,False,0.0,1,No
CX00883,46,Productivity,Influencer,Mobile,34,Two year,Standard,2,False,10.2,337.9,Digital wallet,True,1,0,7.0,True,16,7.2,1.9,2,45.8,7.8,10,True,6.3,True,25.2,0,No
CX00884,43,Gaming,Paid Social,Desktop,38,Annual,Standard,6,True,27.85,944.49,Credit card,True,0,2,12.7,True,23,18.3,7.0,9,43.9,7.2,8,False,0.2,False,0.0,0,No
CX00885,45,Streaming,Organic Search,Desktop,8,Month-to-month,Premium,3,False,31.71,239.2,UPI / Instant transfer,False,2,1,5.8,True,13,26.9,5.8,1,39.6,7.8,9,False,11.0,False,0.0,1,No
CX00886,33,Fitness,Email Campaign,Mobile,5,Month-to-month,Plus,4,False,27.78,128.63,Debit card,True,0,1,12.1,True,18,8.6,2.6,12,57.8,8.6,9,False,18.3,False,0.0,1,No
CX00887,18,Fintech,Organic Search,Desktop,59,Month-to-month,Plus,7,True,27.91,1475.79,Buy now pay later,False,1,2,18.0,False,12,7.4,1.5,2,61.7,7.1,8,True,1.9,True,30.1,0,No
CX00888,29,News & Media,App Store,Mobile,3,Month-to-month,Plus,5,False,23.26,67.07,Digital wallet,False,1,3,2.8,False,6,11.6,1.2,20,45.3,8.1,9,False,4.8,False,0.0,1,Yes
CX00889,39,Cloud Storage,Paid Social,Mobile,30,Annual,Standard,3,False,15.91,422.56,Credit card,True,1,2,12.3,True,16,18.5,4.9,2,30.3,8.9,10,True,1.0,True,29.7,3,No
CX00890,32,Cloud Storage,App Store,Desktop,12,Month-to-month,Standard,3,True,18.42,199.54,Debit card,True,1,1,5.6,True,21,9.7,3.4,9,57.1,9.1,10,False,8.8,False,0.0,1,No
CX00891,25,Streaming,Paid Social,Tablet,32,Month-to-month,Plus,3,False,22.75,682.25,Debit card,True,0,2,24.7,False,10,6.2,1.0,7,75.3,8.7,8,False,4.1,True,17.6,1,No
CX00892,20,Gaming,Influencer,Mobile,25,Annual,Basic,3,True,9.67,227.0,Buy now pay later,False,1,2,11.5,True,18,1.2,0.4,10,36.4,8.5,5,True,7.2,False,0.0,2,No
CX00893,44,Gaming,Organic Search,Mobile,14,Month-to-month,Standard,2,False,21.16,285.69,Digital wallet,False,1,2,20.1,True,30,17.2,8.6,8,29.3,8.1,4,False,0.8,True,18.6,1,No
CX00894,37,Gaming,Influencer,Desktop,11,Annual,Standard,3,False,18.46,191.2,Digital wallet,True,1,1,15.0,False,4,8.7,0.6,2,30.8,7.5,8,True,3.6,True,9.2,0,No
CX00895,52,Fintech,Paid Social,Mobile,20,Annual,Premium,5,True,27.67,546.42,Credit card,True,0,2,7.7,True,20,12.2,4.1,10,36.8,9.5,9,False,1.8,False,0.0,3,No
CX00896,56,Fintech,Paid Social,Mobile,22,Annual,Standard,5,False,24.63,532.15,UPI / Instant transfer,True,2,2,9.8,True,16,5.4,1.4,8,57.0,9.6,10,False,5.0,True,22.2,1,No
CX00897,54,Fitness,Referral,Mobile,57,Two year,Basic,1,True,6.7,368.49,Digital wallet,False,1,1,14.6,True,14,15.0,3.5,8,65.3,7.1,9,False,0.2,True,27.8,0,No
CX00898,26,Fitness,Paid Social,Desktop,24,Annual,Standard,3,False,15.14,334.35,Credit card,True,0,0,2.5,True,15,21.1,5.3,5,32.6,10.0,9,True,1.7,True,14.2,1,No
CX00899,20,Streaming,App Store,Tablet,12,Annual,Standard,2,False,18.34,219.62,Bank transfer,True,0,1,13.5,False,10,45.5,7.6,12,40.9,6.9,9,False,8.4,False,0.0,1,Yes
CX00900,30,Streaming,App Store,Mobile,26,Annual,Plus,6,False,37.88,970.71,Credit card,True,0,3,12.8,True,11,8.5,1.6,6,46.9,8.1,9,False,2.5,False,0.0,1,No
CX00901,55,Fintech,Email Campaign,Tablet,22,Annual,Basic,1,False,9.46,184.16,Digital wallet,True,0,2,5.4,True,20,21.9,7.3,3,65.3,7.7,7,False,1.8,False,0.0,0,No
CX00902,49,Productivity,Paid Social,Mobile,64,Two year,Plus,4,False,29.56,1783.83,Digital wallet,False,1,3,2.8,True,19,16.8,5.3,18,60.5,8.0,8,True,5.1,True,12.5,3,No
CX00903,43,Fintech,Email Campaign,Mobile,7,Month-to-month,Basic,1,False,9.51,65.74,Bank transfer,True,0,3,5.8,True,13,4.6,1.0,15,30.4,8.7,8,True,3.1,False,0.0,4,No
CX00904,31,Streaming,Paid Social,Mobile,22,Month-to-month,Standard,1,False,17.44,373.32,Digital wallet,True,0,1,5.3,False,2,29.1,1.0,33,38.3,8.9,10,False,5.8,False,0.0,1,Yes
CX00905,46,Fintech,App Store,Mobile,18,Month-to-month,Plus,5,False,23.42,380.19,UPI / Instant transfer,True,0,2,9.2,True,15,10.0,2.5,3,22.9,9.7,9,False,6.1,False,0.0,1,No
CX00906,37,Streaming,Email Campaign,Desktop,14,Two year,Basic,1,False,8.69,108.95,UPI / Instant transfer,True,1,2,3.2,True,9,40.1,6.0,12,38.9,6.3,6,False,7.6,False,0.0,0,No
CX00907,55,Fintech,App Store,Mobile,21,Month-to-month,Standard,4,False,19.09,380.63,Credit card,True,1,3,14.1,True,21,39.6,13.9,12,31.4,8.6,7,False,3.1,False,0.0,2,No
CX00908,25,Streaming,Referral,Smart TV,56,Two year,Standard,4,True,26.96,1492.19,Credit card,True,1,4,3.2,False,6,11.8,1.2,36,58.3,7.9,7,True,2.1,False,0.0,1,No
CX00909,30,Cloud Storage,Influencer,Desktop,12,Month-to-month,Plus,2,False,21.54,244.96,Debit card,True,0,3,15.4,False,12,4.5,0.9,3,29.5,10.0,10,True,6.1,False,0.0,0,No
CX00910,63,Gaming,Organic Search,Mobile,54,Two year,Standard,1,False,15.06,812.07,Debit card,True,0,2,2.0,True,18,10.3,3.1,2,66.6,8.1,8,False,6.8,False,0.0,3,No
CX00911,36,Fitness,Influencer,Mobile,16,Month-to-month,Standard,1,False,13.95,209.8,Debit card,True,1,3,32.2,True,11,18.1,3.3,1,40.1,6.2,7,False,1.1,False,0.0,0,Yes
CX00912,44,Productivity,Organic Search,Smart TV,3,Month-to-month,Standard,3,False,10.93,29.3,Debit card,False,1,5,5.6,True,20,3.9,1.3,13,53.4,10.0,10,True,2.8,False,0.0,4,Yes
CX00913,29,News & Media,Paid Social,Desktop,38,Annual,Standard,1,True,19.61,698.96,Debit card,True,0,0,3.0,False,12,34.4,6.9,21,59.5,8.6,8,False,1.6,False,0.0,2,No
CX00914,41,Productivity,Organic Search,Desktop,11,Month-to-month,Basic,2,False,12.5,132.19,Credit card,True,2,3,7.8,False,1,17.8,0.3,16,62.6,6.6,8,True,0.9,True,19.9,0,No
CX00915,35,Productivity,App Store,Desktop,12,Month-to-month,Premium,5,False,41.93,472.01,UPI / Instant transfer,False,3,5,16.6,True,15,19.1,4.8,6,35.2,7.0,8,True,4.3,False,0.0,1,Yes
CX00916,24,Streaming,Paid Social,Mobile,14,Month-to-month,Basic,2,False,11.72,146.97,Credit card,True,0,1,5.2,True,31,3.6,1.9,3,30.5,10.0,10,False,5.5,False,0.0,2,No
CX00917,59,Gaming,Paid Social,Mobile,3,Month-to-month,Basic,2,True,9.11,26.02,Debit card,False,0,2,18.5,True,8,2.0,0.3,3,42.5,7.6,9,False,2.6,False,0.0,0,No
CX00918,18,Gaming,App Store,Mobile,38,Annual,Standard,5,False,26.22,896.3,Digital wallet,False,0,4,43.4,True,16,15.2,4.1,6,19.7,8.7,9,False,2.0,False,0.0,1,No
CX00919,41,Productivity,Referral,Smart TV,26,Annual,Basic,4,True,19.46,499.62,Credit card,True,0,4,32.4,True,16,12.5,3.3,6,16.2,7.0,7,False,10.1,False,0.0,1,No
CX00920,24,Fintech,Referral,Desktop,39,Annual,Standard,2,False,19.24,724.73,Bank transfer,False,0,2,5.3,True,27,1.7,0.8,6,31.4,8.1,9,True,14.6,False,0.0,0,No
CX00921,33,Productivity,Paid Social,Desktop,25,Month-to-month,Basic,1,False,10.87,259.11,Buy now pay later,False,4,1,9.2,True,9,11.6,1.7,20,35.6,7.9,7,False,7.2,False,0.0,2,No
CX00922,40,Cloud Storage,Paid Social,Desktop,16,Month-to-month,Basic,2,True,14.43,222.48,UPI / Instant transfer,True,0,2,4.2,True,18,23.0,6.9,13,54.9,7.9,8,True,2.4,True,28.0,1,No
CX00923,29,Fitness,Organic Search,Mobile,29,Two year,Standard,3,True,18.76,520.32,UPI / Instant transfer,True,0,1,26.4,True,19,9.8,3.1,9,38.5,9.7,8,False,2.9,False,0.0,1,No
CX00924,33,Gaming,Referral,Mobile,67,Two year,Standard,3,False,18.32,1204.12,Debit card,True,0,3,19.7,True,18,13.7,4.1,13,67.4,8.0,6,True,14.7,False,0.0,1,No
CX00925,32,Fitness,Referral,Mobile,27,Annual,Standard,3,False,21.14,550.29,Credit card,True,1,2,3.3,True,13,4.7,1.0,11,37.1,8.8,7,False,4.3,False,0.0,2,No
CX00926,46,Productivity,Paid Social,Desktop,24,Annual,Premium,6,False,40.95,955.51,UPI / Instant transfer,False,0,3,2.9,False,10,12.3,2.0,3,47.2,7.6,6,True,0.0,False,0.0,0,No
CX00927,56,Fitness,Email Campaign,Mobile,6,Month-to-month,Premium,4,False,26.06,138.42,Credit card,True,0,3,31.4,True,26,4.7,2.0,18,26.5,8.0,8,False,9.2,False,0.0,1,No
CX00928,35,Cloud Storage,Organic Search,Desktop,2,Month-to-month,Standard,3,False,15.87,30.12,Buy now pay later,True,0,0,39.8,True,20,5.2,1.7,17,47.2,7.9,5,True,4.8,True,13.4,1,Yes
CX00929,34,Streaming,Email Campaign,Mobile,19,Annual,Standard,4,False,20.22,370.99,Credit card,True,1,8,10.5,True,21,8.7,3.0,5,50.1,8.6,8,False,2.6,False,0.0,1,No
CX00930,36,Fintech,Email Campaign,Mobile,19,Month-to-month,Standard,2,False,23.13,403.52,Digital wallet,True,1,2,2.5,True,13,8.7,1.9,12,55.5,9.3,10,True,0.8,False,0.0,1,Yes
CX00931,41,Productivity,Organic Search,Mobile,20,Month-to-month,Standard,2,True,17.04,327.91,Credit card,True,1,1,0.7,True,21,4.2,1.5,9,15.4,9.0,8,True,6.8,True,15.6,1,No
CX00932,31,Fintech,Paid Social,Mobile,17,Annual,Basic,2,False,12.59,192.86,Bank transfer,True,1,2,16.8,True,16,10.7,2.9,6,68.5,6.8,9,False,3.2,False,0.0,1,No
CX00933,41,Fitness,Organic Search,Mobile,7,Month-to-month,Basic,2,False,8.28,56.79,Credit card,True,0,0,4.7,False,7,1.4,0.2,10,42.6,8.6,10,True,5.8,False,0.0,2,No
CX00934,18,Fintech,Referral,Mobile,31,Two year,Standard,3,False,24.12,671.54,Debit card,True,1,4,13.4,True,13,13.0,2.8,3,67.4,8.7,10,True,5.0,False,0.0,0,No
CX00935,34,Fintech,Paid Social,Mobile,10,Month-to-month,Plus,3,False,19.88,184.47,Credit card,True,1,1,4.4,True,24,9.4,3.8,4,43.4,9.4,10,True,6.5,False,0.0,2,No
CX00936,24,News & Media,Paid Social,Smart TV,20,Annual,Basic,1,False,8.07,151.04,Debit card,True,0,0,5.4,True,15,9.7,2.4,10,51.8,8.1,8,True,5.1,True,12.0,0,No
CX00937,47,Cloud Storage,App Store,Mobile,4,Month-to-month,Basic,1,True,9.38,33.92,Digital wallet,True,0,0,20.8,True,11,2.9,0.5,10,47.3,8.2,10,False,0.1,False,0.0,2,Yes
CX00938,40,Fintech,App Store,Mobile,19,Annual,Basic,1,False,8.0,139.21,Credit card,False,0,0,16.8,True,16,7.3,1.9,10,32.9,8.8,9,True,10.6,False,0.0,3,No
CX00939,30,Fitness,Referral,Mobile,10,Month-to-month,Basic,1,False,7.57,68.62,Credit card,False,0,3,11.8,True,21,3.8,1.3,8,31.7,7.8,6,True,2.3,True,14.4,2,Yes
CX00940,47,Productivity,App Store,Desktop,42,Month-to-month,Basic,4,False,22.69,908.5,UPI / Instant transfer,False,1,4,1.2,False,6,24.4,2.4,27,41.0,8.8,9,False,8.4,True,18.7,0,No
CX00941,18,Productivity,App Store,Mobile,35,Annual,Standard,5,True,21.71,684.73,Digital wallet,False,1,1,27.0,False,11,6.4,1.2,4,43.3,8.1,8,False,0.4,False,0.0,3,No
CX00942,37,Productivity,Referral,Mobile,84,Two year,Premium,6,False,35.59,2977.62,UPI / Instant transfer,False,0,4,9.6,True,18,13.2,4.0,9,50.3,7.6,8,False,3.4,False,0.0,0,Yes
CX00943,26,Gaming,Paid Social,Mobile,23,Annual,Premium,7,False,46.13,972.4,Digital wallet,True,0,1,4.8,True,15,16.7,4.2,6,21.2,9.2,9,True,3.9,False,0.0,0,Yes
CX00944,56,Cloud Storage,Paid Social,Mobile,7,Month-to-month,Basic,1,False,10.46,69.84,Digital wallet,True,2,4,23.4,True,12,1.7,0.3,6,65.5,7.6,7,True,6.4,True,23.8,0,Yes
CX00945,46,News & Media,Email Campaign,Desktop,29,Month-to-month,Standard,3,False,18.32,520.73,Digital wallet,False,2,1,6.9,True,26,9.4,4.1,9,44.3,9.3,9,True,5.4,False,0.0,3,Yes
CX00946,28,News & Media,Referral,Smart TV,14,Month-to-month,Basic,1,True,8.19,113.2,UPI / Instant transfer,True,2,0,10.6,True,12,14.6,2.9,15,46.4,8.1,8,True,11.2,False,0.0,0,No
CX00947,43,Gaming,Referral,Mobile,25,Month-to-month,Standard,4,False,16.47,364.12,UPI / Instant transfer,True,0,2,13.4,True,18,19.1,5.7,11,33.8,10.0,10,False,9.1,False,0.0,3,No
CX00948,24,Cloud Storage,Paid Social,Mobile,38,Month-to-month,Premium,3,False,27.3,932.15,UPI / Instant transfer,False,3,2,8.9,False,19,5.0,1.6,1,52.0,8.3,8,True,1.8,False,0.0,3,No
CX00949,26,Cloud Storage,Organic Search,Mobile,46,Two year,Standard,2,False,13.88,574.07,UPI / Instant transfer,True,0,4,9.7,True,20,5.4,1.8,20,19.3,8.3,8,False,0.0,False,0.0,2,No
CX00950,56,Cloud Storage,Organic Search,Tablet,4,Month-to-month,Standard,2,False,17.02,61.0,Debit card,True,1,4,11.2,True,18,13.0,3.9,2,32.2,8.3,8,False,2.3,False,0.0,0,Yes
CX00951,30,Streaming,App Store,Desktop,7,Month-to-month,Standard,4,False,16.44,103.35,Debit card,True,1,3,1.0,True,16,0.7,0.2,6,62.4,8.1,6,False,1.8,False,0.0,0,Yes
CX00952,30,Fitness,Referral,Desktop,8,Month-to-month,Plus,3,False,28.53,226.0,Credit card,True,0,1,6.6,False,15,9.3,2.3,7,58.0,10.0,9,False,0.8,False,0.0,1,No
CX00953,36,Fintech,Influencer,Desktop,8,Month-to-month,Basic,4,False,29.04,207.03,Bank transfer,True,0,5,8.6,True,14,24.2,5.6,1,58.2,6.5,6,False,6.1,False,0.0,0,No
CX00954,18,Streaming,Referral,Tablet,4,Month-to-month,Standard,2,True,13.96,53.81,UPI / Instant transfer,False,2,3,12.0,False,7,21.8,2.5,4,53.3,5.7,5,True,1.9,False,0.0,0,Yes
CX00955,34,Fintech,Email Campaign,Smart TV,17,Month-to-month,Basic,2,False,13.62,207.89,Credit card,True,1,3,6.2,True,12,3.5,0.7,1,18.7,7.0,7,False,6.9,False,0.0,0,No
CX00956,37,Cloud Storage,Email Campaign,Mobile,4,Month-to-month,Standard,3,False,20.64,80.47,Bank transfer,True,1,1,3.3,False,7,17.6,2.1,5,79.8,10.0,10,True,8.9,False,0.0,1,No
CX00957,47,Fitness,Referral,Desktop,45,Annual,Standard,2,False,13.64,545.43,UPI / Instant transfer,True,0,5,1.2,True,21,9.0,3.2,5,36.1,7.4,7,True,4.7,False,0.0,1,No
CX00958,18,Cloud Storage,App Store,Mobile,26,Two year,Plus,4,False,21.64,507.07,Buy now pay later,True,0,1,4.4,True,15,39.7,9.9,5,47.5,10.0,9,True,7.9,False,0.0,5,No
CX00959,49,Fitness,App Store,Smart TV,5,Month-to-month,Basic,3,False,13.5,64.59,Credit card,True,0,3,2.7,True,14,17.9,4.2,25,52.3,8.5,9,True,4.1,False,0.0,0,Yes
CX00960,40,Cloud Storage,App Store,Mobile,16,Month-to-month,Standard,3,True,15.64,247.62,Debit card,False,1,2,4.5,True,12,23.8,4.8,9,63.1,8.6,10,True,3.4,False,0.0,1,No
CX00961,46,Productivity,Paid Social,Mobile,50,Annual,Basic,1,False,10.51,515.39,Credit card,True,1,6,3.9,True,17,0.9,0.3,6,54.2,5.5,6,False,3.6,False,0.0,0,No
CX00962,63,Fintech,App Store,Smart TV,5,Month-to-month,Basic,1,False,11.88,57.06,Debit card,True,1,4,8.8,False,8,7.1,0.9,5,48.7,6.8,6,False,8.0,False,0.0,1,Yes
CX00963,29,Streaming,Paid Social,Desktop,1,Month-to-month,Basic,3,True,12.39,11.52,Credit card,True,0,4,18.4,True,14,12.2,2.8,28,32.0,7.9,8,True,10.4,False,0.0,0,No
CX00964,56,News & Media,App Store,Mobile,6,Month-to-month,Basic,3,False,14.58,83.32,Credit card,False,1,2,3.4,True,12,7.9,1.6,17,50.9,7.8,9,True,1.0,False,0.0,4,No
CX00965,40,Productivity,Organic Search,Mobile,84,Two year,Standard,4,False,19.18,1609.2,UPI / Instant transfer,True,0,0,3.3,True,13,1.4,0.3,6,39.7,9.9,10,False,0.7,False,0.0,4,No
CX00966,48,Productivity,App Store,Mobile,25,Annual,Standard,3,False,14.99,333.43,Credit card,False,1,2,11.6,True,15,1.6,0.4,4,46.5,9.1,10,True,7.9,True,10.8,2,No
CX00967,34,Streaming,Organic Search,Desktop,10,Month-to-month,Plus,6,True,34.92,309.36,Debit card,False,1,5,17.0,True,22,23.7,8.7,15,51.4,8.0,9,True,0.5,True,24.1,2,No
CX00968,20,Fintech,Organic Search,Desktop,6,Month-to-month,Basic,3,False,11.77,67.26,Debit card,True,1,0,7.1,True,19,18.9,6.0,24,69.6,10.0,8,True,2.4,True,19.6,5,No
CX00969,52,Productivity,App Store,Desktop,43,Two year,Plus,4,True,27.65,1070.51,Buy now pay later,False,2,1,21.7,False,6,3.6,0.4,3,66.9,8.0,8,False,1.2,False,0.0,1,No
CX00970,40,Gaming,Organic Search,Mobile,10,Month-to-month,Basic,3,False,16.19,150.87,UPI / Instant transfer,False,0,3,22.3,True,18,14.1,4.2,10,63.6,8.6,7,False,1.5,False,0.0,1,No
CX00971,54,News & Media,Organic Search,Mobile,10,Month-to-month,Basic,2,False,8.97,81.96,Credit card,True,0,2,11.7,True,11,15.1,2.8,14,21.9,8.2,6,False,8.4,False,0.0,4,No
CX00972,43,News & Media,Email Campaign,Desktop,32,Annual,Plus,1,True,15.15,477.07,Credit card,True,0,2,19.7,False,3,5.9,0.3,56,69.3,7.9,7,False,4.9,False,0.0,1,No
CX00973,53,Fitness,Paid Social,Desktop,51,Annual,Plus,3,False,18.74,902.79,Digital wallet,True,0,2,5.2,True,19,13.4,4.2,12,47.5,7.7,7,True,3.6,False,0.0,1,Yes
CX00974,62,Fintech,Email Campaign,Desktop,14,Month-to-month,Premium,7,False,39.06,505.09,Digital wallet,False,1,2,18.1,True,32,40.5,21.6,2,23.1,7.4,9,False,7.4,False,0.0,0,Yes
CX00975,38,Streaming,Paid Social,Desktop,12,Annual,Standard,4,False,23.84,279.84,UPI / Instant transfer,True,2,2,14.7,True,19,12.8,4.1,4,56.7,9.8,9,False,1.8,False,0.0,3,No
CX00976,57,Fitness,Organic Search,Desktop,9,Month-to-month,Plus,2,False,26.99,230.68,UPI / Instant transfer,True,1,2,7.0,True,26,5.0,2.2,6,54.4,9.2,9,True,1.3,True,14.4,1,No
CX00977,35,Streaming,Referral,Mobile,40,Two year,Standard,4,False,20.56,784.79,UPI / Instant transfer,False,2,2,25.5,True,14,25.7,6.0,0,62.4,7.0,7,False,2.2,False,0.0,1,No
CX00978,54,Productivity,Referral,Mobile,10,Month-to-month,Standard,4,False,31.04,278.49,Buy now pay later,True,1,0,10.3,True,19,15.7,5.0,8,55.7,8.9,7,True,2.0,False,0.0,4,No
CX00979,27,Fitness,Paid Social,Mobile,14,Month-to-month,Premium,8,False,37.62,507.51,Buy now pay later,True,1,4,8.5,True,18,32.1,9.6,7,48.8,8.0,7,False,3.8,False,0.0,3,No
CX00980,34,Fitness,Paid Social,Mobile,2,Annual,Plus,2,False,21.67,39.93,Bank transfer,True,1,4,8.7,True,20,6.7,2.2,11,34.3,8.9,9,False,9.0,False,0.0,2,No
CX00981,31,Streaming,Paid Social,Mobile,52,Two year,Plus,4,False,30.42,1504.58,UPI / Instant transfer,False,1,1,16.0,True,24,33.5,13.4,3,52.9,9.8,10,False,3.0,False,0.0,2,No
CX00982,54,Streaming,Organic Search,Mobile,15,Annual,Standard,4,True,21.07,298.9,Credit card,True,0,3,7.2,True,21,8.8,3.1,9,53.5,9.7,10,True,1.5,False,0.0,1,No
CX00983,30,Fitness,Email Campaign,Mobile,50,Annual,Plus,2,True,22.89,1065.28,UPI / Instant transfer,True,0,1,26.6,True,12,11.5,2.3,3,44.0,6.9,7,False,1.9,False,0.0,0,No
CX00984,34,News & Media,Influencer,Desktop,3,Month-to-month,Basic,1,False,6.18,16.98,Digital wallet,True,2,2,10.0,True,23,24.0,9.2,1,54.0,8.5,10,False,6.9,False,0.0,1,No
CX00985,44,Streaming,Email Campaign,Mobile,10,Month-to-month,Standard,7,True,34.46,316.88,Debit card,True,0,2,3.0,True,12,25.4,5.1,15,62.1,9.3,7,False,7.0,False,0.0,1,No
CX00986,30,Streaming,Organic Search,Desktop,41,Annual,Basic,1,False,9.44,374.51,UPI / Instant transfer,False,2,2,11.5,True,16,26.8,7.1,0,52.7,8.4,9,True,1.9,False,0.0,0,No
CX00987,31,Streaming,Paid Social,Desktop,15,Month-to-month,Plus,1,False,12.96,182.14,Credit card,False,1,1,1.3,True,22,21.7,8.0,5,65.5,9.6,10,False,3.5,False,0.0,1,No
CX00988,43,Streaming,Organic Search,Mobile,32,Two year,Plus,3,False,19.7,600.73,Debit card,True,1,2,3.4,True,16,20.6,5.5,15,29.7,8.7,8,False,1.7,False,0.0,2,No
CX00989,41,Fitness,Paid Social,Mobile,8,Two year,Basic,1,False,9.29,72.04,Credit card,True,0,0,23.5,True,16,44.4,11.8,16,42.0,7.9,6,True,0.1,True,14.8,1,No
CX00990,32,News & Media,App Store,Mobile,12,Annual,Plus,4,False,27.9,331.18,UPI / Instant transfer,True,0,2,26.0,True,27,15.9,7.2,9,24.6,8.1,8,True,3.8,True,16.2,2,No
CX00991,42,Productivity,App Store,Mobile,18,Month-to-month,Plus,7,False,28.23,503.51,Credit card,False,0,5,9.5,True,16,19.6,5.2,9,51.8,7.3,7,False,1.0,False,0.0,1,No
CX00992,34,Productivity,App Store,Tablet,16,Two year,Basic,3,False,16.52,237.47,Credit card,True,0,3,11.6,True,20,8.1,2.7,7,55.7,7.6,6,False,4.8,False,0.0,0,No
CX00993,29,Fitness,Organic Search,Smart TV,16,Annual,Basic,2,True,9.51,137.94,Digital wallet,False,3,2,57.1,False,7,6.5,0.8,17,75.4,6.1,5,False,1.6,False,0.0,0,No
CX00994,46,Fitness,Influencer,Tablet,44,Annual,Standard,4,False,24.53,1067.39,Digital wallet,True,0,4,9.1,True,22,9.5,3.5,15,37.8,8.1,8,True,6.0,False,0.0,1,No
CX00995,28,Fitness,Paid Social,Mobile,21,Month-to-month,Basic,3,False,17.53,327.77,Digital wallet,True,1,2,16.9,True,13,12.2,2.6,18,59.9,9.8,10,False,1.8,False,0.0,1,Yes
CX00996,18,Fitness,App Store,Mobile,18,Annual,Standard,2,False,15.54,263.54,UPI / Instant transfer,True,0,1,4.4,True,14,4.9,1.1,6,54.0,9.9,10,True,0.5,True,3.0,1,No
CX00997,31,Fintech,Referral,Mobile,13,Annual,Standard,1,False,18.35,220.32,Debit card,True,0,0,2.8,True,13,10.8,2.3,4,42.9,8.4,10,True,5.1,True,7.6,0,No
CX00998,37,Fintech,Organic Search,Tablet,29,Month-to-month,Standard,1,False,14.31,392.83,Credit card,True,0,4,6.2,True,19,12.6,4.0,3,33.6,6.0,4,False,6.0,False,0.0,0,No
CX00999,40,Productivity,Paid Social,Mobile,23,Month-to-month,Plus,2,False,22.45,479.85,Credit card,False,2,3,13.9,True,16,38.3,10.2,6,65.7,5.1,4,False,8.0,False,0.0,0,No
CX01000,20,Cloud Storage,App Store,Desktop,17,Month-to-month,Standard,3,False,21.38,354.67,Bank transfer,False,0,2,21.0,False,5,3.3,0.3,5,61.2,8.8,7,True,11.8,False,0.0,0,Yes
CX01001,18,Fitness,App Store,Mobile,33,Annual,Basic,2,True,10.48,333.87,Debit card,False,3,0,11.9,False,5,40.0,3.3,14,50.5,7.8,8,True,4.4,False,0.0,3,No
CX01002,18,Streaming,Organic Search,Tablet,4,Month-to-month,Plus,3,False,26.55,96.25,UPI / Instant transfer,False,2,2,30.3,True,14,16.3,3.8,25,17.3,5.7,6,False,5.4,False,0.0,0,No
CX01003,36,News & Media,Paid Social,Mobile,29,Annual,Standard,5,False,19.69,511.46,UPI / Instant transfer,False,1,3,24.5,True,21,21.2,7.4,12,45.0,7.5,7,False,3.2,False,0.0,0,Yes
CX01004,46,Streaming,Paid Social,Smart TV,15,Annual,Plus,2,False,29.75,408.56,Digital wallet,False,0,3,18.6,False,7,15.8,1.8,16,29.3,5.8,6,True,4.8,True,3.4,0,Yes
CX01005,18,Fintech,Referral,Mobile,16,Annual,Basic,3,False,13.0,194.47,UPI / Instant transfer,True,1,2,12.8,True,15,16.5,4.1,6,36.2,9.0,8,True,1.8,False,0.0,3,No
CX01006,48,Streaming,Organic Search,Tablet,24,Month-to-month,Standard,2,True,15.46,348.0,UPI / Instant transfer,True,1,0,22.7,True,19,26.9,8.5,3,43.0,9.2,10,False,2.9,False,0.0,5,No
CX01007,33,Fintech,App Store,Tablet,70,Two year,Plus,7,False,29.81,1871.65,UPI / Instant transfer,True,0,2,24.9,True,15,16.1,4.0,15,41.7,8.6,10,False,4.9,False,0.0,2,No
CX01008,34,News & Media,Email Campaign,Mobile,30,Month-to-month,Standard,3,True,14.95,395.79,Credit card,True,0,2,21.3,True,24,14.5,5.8,4,33.3,8.6,9,False,1.1,False,0.0,5,No
CX01009,18,Streaming,Referral,Smart TV,19,Annual,Standard,3,False,21.36,389.36,UPI / Instant transfer,True,1,6,8.4,True,17,12.4,3.5,8,54.8,7.5,9,False,2.5,False,0.0,1,No
CX01010,46,Streaming,App Store,Mobile,9,Month-to-month,Standard,4,True,18.15,148.72,UPI / Instant transfer,False,1,3,4.9,True,22,2.1,0.8,2,51.7,6.2,7,False,3.0,False,0.0,0,Yes
CX01011,23,Streaming,Paid Social,Mobile,36,Annual,Basic,2,True,10.44,354.88,Bank transfer,False,1,1,19.6,True,15,25.2,6.3,5,42.4,8.2,7,False,13.0,False,0.0,1,No
CX01012,38,Productivity,Influencer,Mobile,47,Month-to-month,Standard,2,False,16.92,729.9,UPI / Instant transfer,True,1,2,13.2,True,15,3.5,0.9,7,45.4,10.0,10,False,3.4,True,3.0,2,No
CX01013,47,Fintech,Email Campaign,Desktop,8,Month-to-month,Plus,2,False,24.46,185.62,UPI / Instant transfer,False,2,2,16.1,True,18,10.2,3.1,10,57.2,6.3,8,False,2.1,False,0.0,0,No
CX01014,39,Fitness,Referral,Tablet,23,Two year,Plus,4,False,25.15,539.86,UPI / Instant transfer,True,0,5,9.5,False,13,5.1,1.1,15,49.8,10.0,10,False,4.2,False,0.0,5,No
CX01015,43,Productivity,Referral,Desktop,5,Month-to-month,Basic,1,False,8.55,38.0,UPI / Instant transfer,False,1,1,16.5,False,5,5.5,0.5,5,35.1,8.4,7,False,5.1,True,22.7,0,Yes
CX01016,56,Gaming,App Store,Desktop,8,Month-to-month,Basic,2,True,8.65,62.0,Digital wallet,True,1,2,4.9,True,13,8.0,1.7,15,28.9,7.3,9,True,8.8,False,0.0,1,No
CX01017,18,Streaming,Organic Search,Desktop,39,Annual,Basic,2,True,11.88,456.44,Digital wallet,False,2,4,16.3,True,18,30.6,9.2,2,45.5,7.8,7,False,0.7,True,21.4,0,No
CX01018,28,Streaming,Organic Search,Mobile,13,Month-to-month,Premium,5,False,32.98,404.12,UPI / Instant transfer,False,3,1,34.2,True,19,8.0,2.5,11,15.2,5.5,7,False,7.9,True,29.2,0,Yes
CX01019,48,Fitness,Influencer,Mobile,27,Annual,Basic,1,False,11.13,276.5,Debit card,True,1,1,14.5,True,17,12.3,3.5,2,34.1,8.3,7,True,0.1,False,0.0,0,Yes
CX01020,18,Fitness,Email Campaign,Desktop,23,Two year,Basic,4,True,20.2,462.03,Digital wallet,True,1,3,2.9,False,3,28.3,1.4,10,44.5,8.4,8,True,5.0,True,10.3,2,No
CX01021,35,Fintech,Referral,Mobile,6,Month-to-month,Standard,2,False,14.75,85.57,UPI / Instant transfer,False,1,4,10.5,True,21,5.5,1.9,7,47.9,6.1,5,False,0.7,False,0.0,0,Yes
CX01022,23,Cloud Storage,Referral,Mobile,37,Annual,Premium,2,False,29.91,1046.39,Credit card,True,1,2,3.5,True,19,17.9,5.7,6,48.4,10.0,10,False,6.2,False,0.0,1,No
CX01023,32,Fintech,Paid Social,Mobile,25,Month-to-month,Premium,4,False,25.34,559.16,Debit card,False,1,2,7.3,True,17,11.0,3.1,6,59.7,7.0,7,True,3.1,True,10.4,1,Yes
CX01024,44,News & Media,App Store,Mobile,7,Month-to-month,Standard,3,False,16.23,101.99,Credit card,True,1,3,12.2,True,19,29.7,9.4,2,52.3,7.8,9,False,4.2,False,0.0,1,No
CX01025,34,Streaming,Influencer,Desktop,4,Month-to-month,Standard,3,False,21.5,82.08,Credit card,True,0,1,7.8,True,19,11.1,3.5,7,53.7,8.5,8,False,4.8,True,6.3,2,No
CX01026,45,Fintech,Organic Search,Mobile,9,Month-to-month,Plus,5,False,40.94,331.17,Bank transfer,True,0,2,28.7,True,14,6.4,1.5,8,38.1,7.6,6,False,5.9,False,0.0,4,No
CX01027,42,Gaming,Paid Social,Mobile,23,Annual,Basic,2,True,12.11,258.65,Digital wallet,True,0,4,12.8,True,16,11.7,3.1,20,49.0,7.6,7,False,7.5,False,0.0,1,No
CX01028,45,Streaming,Paid Social,Desktop,27,Month-to-month,Plus,5,False,28.57,701.26,Credit card,False,0,3,16.2,False,9,15.2,2.3,7,73.2,7.8,9,False,9.1,False,0.0,0,Yes
CX01029,35,Gaming,Referral,Mobile,30,Two year,Basic,3,False,13.37,362.82,Credit card,True,0,1,4.9,True,15,6.6,1.6,15,31.6,10.0,10,False,0.3,False,0.0,1,No
CX01030,35,Streaming,Organic Search,Mobile,20,Annual,Premium,4,False,22.12,390.45,Credit card,True,0,3,7.2,True,22,7.5,2.8,26,63.5,8.4,8,False,2.6,False,0.0,6,No
CX01031,43,Gaming,Paid Social,Mobile,1,Month-to-month,Basic,1,False,8.31,8.2,Credit card,True,0,2,3.5,True,17,6.9,2.0,21,60.7,8.9,10,False,12.2,True,4.8,3,No
CX01032,18,Streaming,Organic Search,Mobile,42,Annual,Standard,4,False,15.92,663.15,Digital wallet,True,0,5,22.4,True,20,11.6,3.9,12,53.6,7.2,7,False,10.0,True,22.6,3,No
CX01033,24,Fintech,Paid Social,Mobile,14,Month-to-month,Standard,3,False,23.12,302.6,Credit card,True,0,2,6.1,True,10,20.0,3.3,2,52.4,8.6,10,False,3.6,False,0.0,1,No
CX01034,32,Fintech,Organic Search,Desktop,59,Annual,Plus,5,False,21.6,1265.27,Credit card,True,1,2,4.1,True,28,10.8,5.0,4,31.7,8.5,10,True,6.1,False,0.0,2,No
CX01035,52,Productivity,App Store,Desktop,29,Annual,Basic,2,False,9.24,249.42,Digital wallet,True,0,2,1.7,True,16,11.9,3.2,5,65.2,9.4,10,False,9.9,True,9.5,3,No
CX01036,41,Productivity,Organic Search,Tablet,20,Annual,Premium,5,False,37.05,702.83,Digital wallet,True,0,2,11.6,True,24,16.4,6.6,14,19.8,8.3,8,False,1.9,False,0.0,3,No
CX01037,43,Cloud Storage,Referral,Desktop,2,Month-to-month,Basic,2,True,12.04,21.46,Digital wallet,False,0,1,2.7,True,15,15.2,3.8,3,38.0,9.3,9,False,0.9,False,0.0,1,Yes
CX01038,20,Gaming,Paid Social,Mobile,29,Month-to-month,Basic,1,False,10.13,291.04,Buy now pay later,False,1,4,20.6,True,18,1.0,0.3,12,25.5,7.1,7,False,7.5,False,0.0,0,No
CX01039,43,Fintech,Influencer,Tablet,11,Annual,Standard,4,False,11.75,122.95,UPI / Instant transfer,False,2,1,27.8,False,4,22.9,1.5,24,48.3,7.3,8,False,9.5,True,20.3,0,No
CX01040,40,Streaming,Referral,Mobile,16,Month-to-month,Standard,3,True,16.87,237.98,Digital wallet,False,0,1,14.0,True,27,13.4,6.0,11,58.2,9.0,10,True,6.4,False,0.0,3,No
CX01041,56,Productivity,Referral,Desktop,35,Two year,Basic,4,False,17.03,533.33,Bank transfer,True,0,5,8.4,False,7,12.9,1.5,10,37.9,6.4,5,False,12.5,False,0.0,0,No
CX01042,24,Productivity,Paid Social,Tablet,11,Annual,Basic,2,False,10.89,108.15,Bank transfer,True,1,1,14.1,True,16,5.3,1.4,24,59.4,7.4,8,False,8.6,False,0.0,2,No
CX01043,39,Fintech,Organic Search,Mobile,43,Annual,Plus,7,False,36.79,1461.93,Credit card,True,1,4,2.6,True,16,1.5,0.4,5,32.6,7.9,9,True,6.2,False,0.0,1,No
CX01044,22,Fitness,Organic Search,Mobile,30,Annual,Standard,3,False,20.09,593.03,Digital wallet,False,0,2,15.4,True,19,10.7,3.4,3,45.7,8.7,9,False,4.6,False,0.0,0,No
CX01045,38,Cloud Storage,Organic Search,Mobile,36,Two year,Basic,2,False,11.68,385.2,UPI / Instant transfer,True,2,2,25.1,True,10,2.8,0.5,1,30.5,7.6,6,True,4.3,False,0.0,0,Yes
CX01046,33,Fintech,Email Campaign,Mobile,11,Month-to-month,Standard,2,False,21.34,224.38,Digital wallet,True,0,2,3.4,True,17,5.7,1.6,5,79.2,7.7,10,False,3.9,False,0.0,1,No
CX01047,51,News & Media,Organic Search,Mobile,35,Annual,Basic,1,False,11.45,375.23,Credit card,True,0,1,44.3,True,17,30.9,8.8,9,58.9,6.7,5,True,5.2,False,0.0,0,No
CX01048,26,Streaming,Paid Social,Mobile,6,Month-to-month,Standard,3,False,23.83,139.97,Digital wallet,False,0,3,25.0,False,5,28.6,2.4,5,52.6,6.4,6,False,7.1,False,0.0,0,Yes
CX01049,36,Gaming,Paid Social,Mobile,16,Two year,Premium,4,False,30.25,471.3,Bank transfer,False,4,4,3.6,True,23,5.2,2.0,23,22.7,5.7,5,False,1.1,False,0.0,0,No
CX01050,41,Productivity,Paid Social,Mobile,23,Two year,Standard,4,False,24.15,512.73,Credit card,True,0,5,30.6,True,14,6.3,1.5,7,51.6,7.6,3,True,2.0,False,0.0,3,No
CX01051,26,Streaming,Organic Search,Mobile,12,Month-to-month,Basic,3,False,16.06,170.01,Credit card,True,0,2,16.7,True,18,19.3,5.8,40,58.1,7.9,5,True,4.4,True,13.3,1,Yes
CX01052,22,Productivity,Organic Search,Smart TV,20,Month-to-month,Basic,1,False,9.51,181.37,Debit card,False,2,0,5.7,True,15,9.1,2.3,11,47.2,5.7,4,True,4.8,True,26.1,0,Yes
CX01053,40,Gaming,App Store,Mobile,24,Two year,Basic,3,False,20.93,488.85,Bank transfer,True,0,0,12.5,True,14,37.1,8.7,2,43.0,7.0,5,True,7.4,False,0.0,0,No
CX01054,21,Fintech,Influencer,Desktop,31,Annual,Plus,5,False,34.92,1071.91,Bank transfer,True,1,3,12.9,False,8,19.9,2.7,3,54.7,9.9,10,True,2.8,True,26.6,2,No
CX01055,18,Fitness,Organic Search,Mobile,16,Month-to-month,Standard,4,False,25.33,381.1,Debit card,True,0,2,14.8,True,15,14.7,3.7,4,45.8,8.6,8,True,7.5,False,0.0,2,No
CX01056,44,Fitness,Paid Social,Mobile,10,Month-to-month,Plus,4,False,28.64,280.78,Buy now pay later,False,0,1,14.1,True,22,17.1,6.3,9,36.3,9.2,10,False,5.8,False,0.0,2,Yes
CX01057,39,Fintech,Organic Search,Desktop,33,Annual,Standard,3,False,20.46,623.43,Bank transfer,True,0,2,1.9,False,6,16.9,1.7,16,69.0,9.1,10,False,11.3,False,0.0,0,No
CX01058,29,Cloud Storage,Organic Search,Mobile,13,Annual,Basic,3,False,13.49,166.94,Credit card,True,1,1,7.0,True,12,18.7,3.7,5,38.2,8.1,8,False,2.7,True,6.2,1,No
CX01059,28,Fitness,Referral,Mobile,6,Month-to-month,Plus,3,False,25.95,151.85,Bank transfer,False,1,4,6.3,True,24,21.0,8.4,26,53.6,8.2,10,True,7.8,True,17.2,0,Yes
CX01060,38,Cloud Storage,App Store,Mobile,10,Month-to-month,Standard,4,True,14.55,140.85,Credit card,False,1,4,7.7,True,15,12.8,3.2,2,48.6,8.5,8,False,5.3,True,19.5,3,No
CX01061,18,Fitness,Influencer,Desktop,16,Annual,Basic,2,False,9.07,135.88,Credit card,False,0,3,5.9,True,16,26.3,7.0,21,62.3,7.2,8,False,6.7,True,14.3,0,No
CX01062,30,Fintech,Paid Social,Mobile,17,Annual,Basic,3,False,13.14,204.29,UPI / Instant transfer,True,1,5,15.9,True,17,11.9,3.4,15,74.3,7.5,9,True,19.2,True,20.6,1,No
CX01063,42,Streaming,Organic Search,Mobile,25,Annual,Basic,3,False,10.12,245.83,Credit card,True,0,1,5.2,True,16,19.8,5.3,7,81.6,9.9,10,False,7.2,False,0.0,3,Yes
CX01064,36,Productivity,Paid Social,Mobile,30,Annual,Standard,2,True,16.51,485.54,Debit card,False,2,4,14.0,True,16,2.5,0.7,2,59.7,7.3,8,False,9.7,False,0.0,3,Yes
CX01065,47,Streaming,Email Campaign,Mobile,12,Annual,Standard,3,True,25.27,289.09,Digital wallet,False,0,5,4.5,True,19,21.9,6.9,6,42.9,8.8,9,False,3.3,False,0.0,0,No
CX01066,32,Streaming,Organic Search,Mobile,6,Annual,Plus,3,False,20.64,111.22,Credit card,True,0,2,16.7,True,16,15.0,4.0,10,41.3,9.3,9,True,4.7,False,0.0,1,Yes
CX01067,31,Streaming,Referral,Mobile,11,Month-to-month,Premium,7,False,27.85,270.03,Digital wallet,True,1,3,11.8,True,22,13.8,5.1,2,42.1,9.2,8,False,1.7,False,0.0,3,Yes
CX01068,38,Fintech,App Store,Mobile,10,Month-to-month,Basic,3,False,14.31,138.33,Bank transfer,True,0,1,3.1,False,6,4.6,0.5,16,54.1,9.0,9,False,7.0,False,0.0,3,Yes
CX01069,30,Streaming,Influencer,Mobile,13,Month-to-month,Plus,7,False,32.39,385.17,Bank transfer,True,0,5,6.9,True,21,7.7,2.7,3,10.4,6.8,6,False,6.3,True,12.3,0,Yes
CX01070,23,Fitness,App Store,Desktop,37,Annual,Standard,7,False,23.42,770.72,Digital wallet,True,0,2,16.1,False,3,1.9,0.1,9,24.5,8.8,9,True,2.0,False,0.0,3,No
CX01071,57,Fintech,Referral,Tablet,15,Month-to-month,Plus,5,False,27.63,386.1,UPI / Instant transfer,False,0,0,10.7,False,6,13.7,1.4,4,37.5,7.9,9,True,1.5,True,17.0,1,Yes
CX01072,56,Streaming,Paid Social,Mobile,19,Annual,Standard,4,False,22.17,402.91,Digital wallet,True,1,5,2.1,True,19,6.4,2.0,5,46.8,9.6,9,True,0.8,True,17.3,1,No
CX01073,51,Cloud Storage,App Store,Mobile,3,Month-to-month,Standard,5,True,30.49,90.44,Credit card,True,0,4,1.4,True,14,1.9,0.4,9,49.4,7.4,8,True,2.0,False,0.0,1,No
CX01074,55,Fintech,Paid Social,Smart TV,31,Annual,Standard,5,True,35.4,1031.3,UPI / Instant transfer,False,0,3,4.5,True,21,17.6,6.2,25,49.0,9.1,10,True,0.6,True,21.3,4,No
CX01075,21,Productivity,Paid Social,Mobile,5,Month-to-month,Standard,2,False,17.08,75.87,Buy now pay later,True,1,1,5.5,True,15,2.0,0.5,3,65.8,8.5,8,False,5.1,False,0.0,3,No
CX01076,29,Fintech,App Store,Desktop,11,Month-to-month,Plus,8,False,22.82,234.41,Buy now pay later,True,0,4,24.6,False,10,51.0,8.5,18,44.6,7.7,7,False,0.6,False,0.0,1,No
CX01077,32,Gaming,Organic Search,Mobile,12,Month-to-month,Standard,4,False,30.57,326.29,UPI / Instant transfer,True,1,4,7.4,True,20,23.0,7.7,7,35.0,9.7,10,False,1.2,False,0.0,2,No
CX01078,28,Productivity,App Store,Mobile,33,Month-to-month,Plus,4,True,30.9,1013.71,UPI / Instant transfer,True,0,3,14.1,False,14,15.2,3.5,4,54.5,7.9,8,True,13.3,False,0.0,0,No
CX01079,28,Fitness,Paid Social,Desktop,6,Month-to-month,Plus,2,True,18.35,107.81,UPI / Instant transfer,False,1,3,6.7,True,26,7.0,3.0,9,40.6,7.7,8,True,1.6,False,0.0,2,Yes
CX01080,50,Streaming,Organic Search,Smart TV,10,Month-to-month,Premium,5,False,27.24,262.92,Debit card,True,0,4,7.8,True,16,10.9,2.9,8,55.7,8.3,9,True,2.4,True,18.9,1,No
CX01081,44,Fintech,Referral,Mobile,28,Two year,Plus,5,True,33.89,836.59,Credit card,True,1,2,16.0,True,17,16.3,4.6,5,38.7,10.0,10,True,10.6,False,0.0,1,No
CX01082,42,Gaming,Influencer,Desktop,16,Month-to-month,Plus,2,True,24.36,343.79,Credit card,True,0,4,2.5,True,17,10.5,3.0,7,53.5,9.7,9,True,3.1,True,13.8,1,No
CX01083,31,Fitness,Organic Search,Mobile,25,Month-to-month,Basic,3,False,17.96,396.71,Debit card,True,3,5,2.4,True,16,13.9,3.7,2,37.8,8.8,10,False,6.4,False,0.0,2,Yes
CX01084,18,Fitness,Influencer,Mobile,10,Month-to-month,Basic,2,True,11.03,97.2,Credit card,True,0,2,20.5,False,4,8.3,0.6,2,43.4,8.7,9,False,9.5,False,0.0,1,Yes
CX01085,18,Fitness,Paid Social,Desktop,13,Month-to-month,Standard,4,False,24.88,299.3,Credit card,True,1,2,18.9,True,20,28.6,9.5,1,36.8,9.2,10,True,7.2,True,12.3,3,No
CX01086,40,Productivity,App Store,Smart TV,84,Annual,Basic,2,False,12.59,1012.69,Credit card,True,0,4,17.5,False,4,18.2,1.2,5,28.4,7.6,9,False,4.7,False,0.0,1,No
CX01087,33,Productivity,Organic Search,Mobile,13,Month-to-month,Plus,7,True,43.07,504.4,Debit card,True,1,4,1.4,True,9,5.8,0.9,8,41.1,7.6,7,True,1.7,False,0.0,0,No
CX01088,20,Cloud Storage,Influencer,Mobile,12,Month-to-month,Plus,8,False,40.25,476.97,UPI / Instant transfer,False,0,3,7.5,True,16,8.1,2.2,21,42.5,9.6,10,False,18.6,True,13.8,3,No
CX01089,49,Streaming,Organic Search,Mobile,18,Month-to-month,Standard,3,True,18.96,301.52,UPI / Instant transfer,False,2,2,9.2,True,14,22.6,5.3,8,14.9,8.6,9,True,14.0,True,19.3,2,Yes
CX01090,44,Gaming,Paid Social,Desktop,12,Annual,Basic,2,False,11.67,124.32,Credit card,False,0,2,13.5,False,8,9.3,1.2,10,67.3,7.3,7,False,6.8,False,0.0,0,Yes
CX01091,28,Fintech,Referral,Mobile,16,Two year,Plus,3,True,27.53,426.16,Digital wallet,False,0,1,3.1,True,20,22.3,7.4,9,48.3,8.6,7,False,2.5,False,0.0,1,No
CX01092,48,Streaming,Paid Social,Desktop,8,Month-to-month,Plus,7,True,25.45,184.96,UPI / Instant transfer,False,1,1,25.8,True,20,16.8,5.6,3,55.4,7.9,6,True,9.0,True,11.8,0,Yes
CX01093,37,Fintech,Paid Social,Mobile,7,Month-to-month,Basic,1,True,9.43,58.57,UPI / Instant transfer,False,0,2,12.6,True,12,8.3,1.7,8,18.3,6.6,5,False,7.5,False,0.0,0,Yes
CX01094,22,Cloud Storage,Paid Social,Smart TV,8,Month-to-month,Basic,3,False,16.67,117.58,Credit card,True,1,2,7.1,False,7,17.6,2.1,3,48.0,9.4,10,False,0.8,False,0.0,1,No
CX01095,42,News & Media,App Store,Mobile,8,Month-to-month,Basic,1,False,7.57,58.36,Digital wallet,False,3,1,15.0,True,14,21.3,5.0,4,59.1,8.5,8,False,3.3,False,0.0,4,Yes
CX01096,34,Fintech,Organic Search,Tablet,7,Month-to-month,Standard,2,False,16.7,106.73,Digital wallet,False,1,3,7.5,True,21,12.8,4.5,13,52.9,7.8,10,True,0.6,False,0.0,1,Yes
CX01097,46,Fitness,App Store,Desktop,25,Annual,Premium,4,False,32.93,795.74,Debit card,True,0,6,3.3,True,24,4.8,1.9,5,41.9,8.2,10,True,5.5,True,7.4,2,No
CX01098,45,Fitness,Paid Social,Tablet,2,Month-to-month,Premium,5,False,32.52,59.51,UPI / Instant transfer,True,0,2,3.2,False,7,23.0,2.7,5,30.6,6.3,8,True,1.0,False,0.0,0,Yes
CX01099,42,Gaming,App Store,Tablet,33,Annual,Plus,3,True,27.14,888.51,Credit card,False,0,6,6.3,False,7,10.0,1.2,3,53.5,8.7,10,True,6.4,False,0.0,0,No
CX01100,29,Fintech,Organic Search,Desktop,7,Month-to-month,Standard,4,True,19.5,136.16,UPI / Instant transfer,False,3,2,4.1,False,8,4.9,0.7,1,31.1,8.2,7,True,5.0,True,9.3,2,No
CX01101,24,Streaming,Paid Social,Tablet,4,Month-to-month,Basic,3,False,11.53,45.34,Debit card,False,3,2,10.2,True,19,21.2,6.7,1,66.5,8.9,6,True,2.4,False,0.0,4,No
CX01102,18,Streaming,Referral,Mobile,15,Annual,Standard,2,False,14.2,203.14,Debit card,True,0,1,8.6,True,17,10.2,2.9,2,64.1,9.3,10,False,2.5,False,0.0,2,No
CX01103,48,Cloud Storage,Organic Search,Mobile,16,Month-to-month,Premium,4,False,20.98,300.87,Debit card,False,0,3,1.3,False,11,33.8,6.2,3,38.7,9.5,8,False,1.3,False,0.0,1,No
CX01104,18,Streaming,Paid Social,Tablet,32,Two year,Standard,2,False,15.39,434.7,Debit card,True,0,3,4.3,True,27,21.4,9.6,1,29.7,7.9,9,True,5.0,True,15.0,3,No
CX01105,53,Productivity,Organic Search,Mobile,18,Annual,Plus,4,False,24.71,434.65,Credit card,True,1,4,7.4,True,15,4.9,1.2,6,62.1,9.8,9,False,1.5,False,0.0,5,Yes
CX01106,29,Gaming,Email Campaign,Mobile,16,Annual,Plus,4,False,37.6,572.83,Debit card,False,3,5,15.0,True,20,15.5,5.2,1,37.8,9.1,9,True,2.9,True,18.2,2,Yes
CX01107,40,Fintech,App Store,Mobile,12,Month-to-month,Basic,2,False,10.67,118.88,Digital wallet,False,1,5,6.8,True,23,20.1,7.7,3,31.4,7.2,8,True,15.1,True,22.5,2,Yes
CX01108,34,Productivity,Organic Search,Desktop,37,Month-to-month,Basic,3,False,11.49,403.32,UPI / Instant transfer,False,5,0,14.8,True,23,18.6,7.1,9,55.1,7.9,8,False,8.9,False,0.0,1,No
CX01109,45,Streaming,App Store,Desktop,13,Annual,Plus,3,False,28.13,344.16,UPI / Instant transfer,False,0,4,14.7,False,12,36.8,7.4,8,45.9,9.0,9,True,1.1,False,0.0,1,Yes
CX01110,18,Cloud Storage,Paid Social,Mobile,24,Month-to-month,Basic,3,False,12.76,305.47,Debit card,True,4,3,28.2,False,2,31.6,1.1,53,44.2,7.9,9,False,0.6,False,0.0,0,Yes
CX01111,47,Fitness,App Store,Mobile,23,Two year,Standard,3,False,23.71,529.32,Bank transfer,False,4,3,26.7,True,17,16.0,4.5,3,25.1,6.5,6,False,1.7,False,0.0,0,Yes
CX01112,34,Cloud Storage,Paid Social,Mobile,14,Two year,Basic,2,False,12.74,167.97,Credit card,True,1,0,3.0,True,14,12.6,2.9,10,30.0,6.3,5,False,2.6,True,18.8,0,No
CX01113,36,Fintech,Paid Social,Mobile,16,Month-to-month,Plus,1,False,22.39,325.81,Digital wallet,True,1,0,26.8,True,19,3.6,1.1,0,66.1,7.6,6,True,0.9,False,0.0,1,Yes
CX01114,30,Cloud Storage,App Store,Mobile,38,Annual,Basic,3,True,12.47,417.0,Debit card,True,0,2,4.2,True,13,27.3,5.9,4,43.0,9.8,10,False,6.3,False,0.0,2,Yes
CX01115,27,Streaming,Organic Search,Mobile,6,Annual,Standard,6,False,30.92,172.65,Credit card,False,1,3,6.5,True,23,20.8,8.0,5,46.8,8.6,10,False,9.4,True,24.4,2,No
CX01116,64,Fitness,Paid Social,Mobile,6,Month-to-month,Plus,3,False,24.44,129.24,Debit card,True,0,5,14.3,True,29,16.8,8.1,7,37.6,5.3,7,False,7.5,False,0.0,0,Yes
CX01117,43,Gaming,Paid Social,Mobile,24,Month-to-month,Premium,5,False,30.6,725.03,UPI / Instant transfer,False,2,2,2.2,True,30,15.9,8.0,4,32.6,9.2,10,False,1.6,True,14.8,1,No
CX01118,29,News & Media,Organic Search,Tablet,22,Month-to-month,Basic,3,False,12.57,246.33,Buy now pay later,False,1,2,56.2,True,17,28.4,8.0,6,61.1,7.5,9,False,1.0,False,0.0,0,Yes
CX01119,37,News & Media,Organic Search,Smart TV,9,Month-to-month,Standard,2,False,21.86,195.8,Bank transfer,False,0,0,2.7,True,14,10.7,2.5,10,65.7,9.5,10,False,2.6,False,0.0,3,Yes
CX01120,55,Streaming,Influencer,Mobile,15,Annual,Plus,1,False,15.32,218.99,Digital wallet,False,1,1,19.2,True,16,7.5,2.0,12,43.0,6.2,8,True,2.4,False,0.0,0,Yes
CX01121,28,Cloud Storage,App Store,Mobile,36,Annual,Standard,2,False,18.26,650.9,Buy now pay later,True,0,2,7.0,True,18,28.5,8.6,5,17.3,7.1,6,False,2.1,False,0.0,2,Yes
CX01122,51,News & Media,App Store,Desktop,23,Month-to-month,Basic,1,True,9.31,206.87,UPI / Instant transfer,True,0,1,3.0,False,4,10.1,0.7,12,73.7,9.2,10,False,1.8,False,0.0,1,No
CX01123,44,Streaming,Influencer,Mobile,36,Two year,Basic,5,False,18.81,647.54,Credit card,True,1,4,12.7,True,17,7.5,2.1,14,40.4,9.7,10,False,2.5,False,0.0,0,No
CX01124,56,Streaming,App Store,Mobile,3,Month-to-month,Standard,5,False,26.63,78.48,Credit card,True,0,5,11.8,True,9,9.9,1.5,1,59.6,5.8,7,True,1.0,True,12.5,0,Yes
CX01125,48,Streaming,Paid Social,Mobile,16,Month-to-month,Premium,6,False,38.12,577.38,Digital wallet,False,1,1,5.8,True,23,13.4,5.1,4,38.0,10.0,10,True,6.3,False,0.0,0,Yes
CX01126,26,Fintech,Organic Search,Smart TV,11,Month-to-month,Basic,2,False,11.1,114.69,Debit card,True,0,5,22.9,True,12,20.4,4.1,4,62.3,10.0,10,False,2.3,False,0.0,3,Yes
CX01127,28,Fintech,App Store,Desktop,5,Month-to-month,Plus,4,False,28.95,132.68,Digital wallet,False,0,5,18.6,True,27,18.5,8.3,12,28.4,10.0,7,True,0.3,True,20.0,1,No
CX01128,24,News & Media,App Store,Mobile,33,Two year,Basic,4,False,10.11,331.64,Debit card,True,0,5,4.7,True,18,15.2,4.6,0,49.8,8.7,8,True,5.7,False,0.0,6,No
CX01129,21,Productivity,Organic Search,Mobile,36,Annual,Plus,4,True,31.04,1072.91,Credit card,True,1,3,12.4,True,15,10.2,2.6,5,31.9,6.3,6,False,3.6,False,0.0,0,No
CX01130,45,Streaming,Organic Search,Mobile,10,Month-to-month,Plus,4,False,22.14,206.11,Debit card,True,1,4,16.6,True,18,9.9,3.0,4,47.3,8.8,7,False,8.1,False,0.0,0,No
CX01131,30,Cloud Storage,App Store,Desktop,36,Annual,Standard,3,False,18.42,623.47,Credit card,True,1,4,26.4,True,14,30.6,7.1,2,28.5,7.7,9,False,2.5,True,17.8,4,No
CX01132,53,Fitness,Paid Social,Mobile,17,Two year,Standard,2,False,15.54,263.61,Credit card,True,0,0,5.2,True,14,23.9,5.6,8,35.1,10.0,10,True,0.8,True,6.7,0,No
CX01133,31,Fitness,Influencer,Mobile,30,Annual,Standard,2,False,13.89,369.9,Debit card,True,1,3,5.1,True,20,4.4,1.5,12,48.2,10.0,10,False,11.4,False,0.0,2,No
CX01134,26,Productivity,Organic Search,Mobile,54,Annual,Standard,3,False,25.59,1241.69,Buy now pay later,False,1,2,18.7,True,21,9.8,3.4,8,30.4,8.2,7,True,0.7,True,14.4,2,No
CX01135,43,Fitness,Paid Social,Smart TV,42,Two year,Basic,1,False,10.15,406.27,Bank transfer,False,1,1,1.6,True,15,15.7,3.9,3,47.7,10.0,9,True,7.1,True,13.7,3,No
CX01136,20,Streaming,Organic Search,Mobile,6,Month-to-month,Basic,3,False,17.28,92.23,Digital wallet,False,0,3,9.9,True,26,21.8,9.4,2,54.5,8.2,8,True,3.4,False,0.0,5,No
CX01137,52,Gaming,Paid Social,Tablet,20,Annual,Plus,6,True,23.96,458.08,Digital wallet,False,1,4,3.9,True,18,11.4,3.4,21,21.3,9.2,10,False,2.1,False,0.0,2,No
CX01138,36,Gaming,Organic Search,Desktop,43,Annual,Basic,1,True,9.86,403.95,UPI / Instant transfer,False,1,2,6.4,True,12,5.9,1.2,7,47.6,6.4,4,True,0.3,True,8.2,0,No
CX01139,26,News & Media,Organic Search,Mobile,19,Month-to-month,Plus,8,False,31.89,567.64,Digital wallet,False,0,2,9.8,True,26,11.9,5.2,2,29.0,7.1,7,True,8.8,True,8.6,0,Yes
CX01140,21,Streaming,Organic Search,Mobile,23,Month-to-month,Standard,5,True,28.9,606.31,Debit card,True,0,3,8.0,True,17,6.2,1.8,21,32.0,10.0,8,False,3.8,False,0.0,2,No
CX01141,24,Gaming,Organic Search,Desktop,21,Month-to-month,Premium,5,True,47.02,970.61,Bank transfer,False,2,3,12.4,True,20,12.5,4.2,18,38.2,7.6,9,False,4.3,False,0.0,2,No
CX01142,32,Fintech,App Store,Mobile,40,Two year,Plus,5,True,35.8,1425.57,Digital wallet,True,1,3,1.9,True,24,21.2,8.5,11,46.7,9.9,10,False,1.6,False,0.0,6,No
CX01143,28,Productivity,Paid Social,Mobile,33,Two year,Premium,5,False,28.7,904.69,Digital wallet,True,0,2,7.3,True,28,35.1,16.4,7,34.7,8.2,9,False,1.2,True,19.7,3,No
CX01144,18,Streaming,Paid Social,Mobile,20,Month-to-month,Standard,4,False,24.02,448.2,Debit card,False,2,2,18.5,True,15,5.3,1.3,1,49.3,8.9,10,False,3.2,False,0.0,0,No
CX01145,56,Fintech,App Store,Desktop,31,Annual,Plus,7,True,33.58,939.28,Debit card,True,0,3,3.6,True,20,6.4,2.1,21,72.2,9.4,7,True,5.1,False,0.0,2,No
CX01146,33,News & Media,Influencer,Mobile,18,Annual,Premium,8,True,32.3,577.54,Bank transfer,True,0,3,10.7,False,13,16.1,3.5,1,56.5,8.5,9,False,3.5,False,0.0,1,No
CX01147,45,Streaming,Organic Search,Mobile,31,Month-to-month,Standard,3,False,21.21,623.18,Bank transfer,True,1,4,6.1,True,19,8.3,2.6,3,57.2,9.4,10,True,1.7,True,14.2,2,No
CX01148,29,Productivity,Email Campaign,Mobile,10,Month-to-month,Basic,1,False,9.22,89.13,Bank transfer,False,0,7,16.6,True,18,16.2,4.9,13,48.3,8.8,10,False,5.5,False,0.0,1,No
CX01149,62,Fintech,Organic Search,Smart TV,14,Month-to-month,Plus,4,False,28.34,384.09,UPI / Instant transfer,False,0,1,7.5,True,17,17.9,5.1,13,30.6,8.6,8,False,13.8,False,0.0,3,No
CX01150,43,Fintech,Organic Search,Mobile,17,Annual,Plus,8,False,43.95,694.35,Credit card,True,1,5,15.7,True,11,26.0,4.8,3,59.2,7.6,7,False,2.0,False,0.0,1,No
CX01151,24,Cloud Storage,Paid Social,Mobile,9,Month-to-month,Standard,2,False,15.62,140.21,UPI / Instant transfer,True,0,5,19.7,True,19,3.4,1.1,4,48.5,10.0,9,False,5.8,False,0.0,2,No
CX01152,45,Streaming,Organic Search,Tablet,33,Annual,Plus,2,True,22.33,694.06,Credit card,False,0,3,19.4,True,18,14.8,4.4,7,57.7,6.1,6,False,1.3,False,0.0,0,No
CX01153,40,Productivity,Organic Search,Smart TV,18,Annual,Standard,4,False,17.97,293.07,Bank transfer,True,0,1,12.8,True,21,9.2,3.2,7,53.9,7.1,8,False,4.3,False,0.0,1,No
CX01154,31,Streaming,Organic Search,Mobile,40,Two year,Standard,1,False,14.01,542.33,Bank transfer,True,0,2,44.0,True,19,12.3,3.9,4,52.0,8.3,9,False,0.2,False,0.0,3,No
CX01155,27,Streaming,Influencer,Mobile,28,Annual,Premium,3,False,29.89,775.8,UPI / Instant transfer,True,0,3,12.1,True,26,24.5,10.6,11,70.7,9.7,9,False,1.4,False,0.0,1,No
CX01156,22,Cloud Storage,Paid Social,Desktop,14,Month-to-month,Standard,1,False,9.24,123.38,UPI / Instant transfer,False,0,2,7.2,False,3,5.3,0.3,46,26.3,8.3,8,False,17.8,False,0.0,0,No
CX01157,43,Productivity,App Store,Mobile,4,Month-to-month,Basic,3,True,10.87,40.18,Credit card,True,1,1,3.3,True,14,6.0,1.4,1,54.9,8.9,10,True,5.8,True,16.2,2,No
CX01158,18,Fintech,Paid Social,Desktop,66,Annual,Basic,1,False,9.91,612.36,Credit card,False,0,2,6.2,True,14,28.0,6.5,1,55.3,8.9,10,True,4.9,True,18.4,0,No
CX01159,41,Fintech,Paid Social,Smart TV,28,Month-to-month,Standard,2,True,14.72,370.5,Bank transfer,False,3,4,14.5,False,7,7.0,0.8,22,61.3,7.9,9,True,3.1,False,0.0,1,Yes
CX01160,18,Productivity,Paid Social,Mobile,8,Month-to-month,Standard,3,False,16.94,121.72,Digital wallet,False,2,1,33.0,True,23,28.7,11.0,7,48.8,6.8,5,False,2.7,False,0.0,0,Yes
CX01161,18,Productivity,Email Campaign,Desktop,13,Month-to-month,Standard,2,False,16.05,186.03,Digital wallet,True,1,0,5.2,True,20,11.2,3.7,5,29.0,7.2,10,False,9.7,False,0.0,2,No
CX01162,30,Streaming,Paid Social,Mobile,7,Month-to-month,Standard,4,False,23.58,161.89,Credit card,True,1,5,21.5,True,18,21.7,6.5,18,31.8,7.5,6,True,15.5,True,15.0,0,No
CX01163,31,Fitness,Paid Social,Mobile,17,Month-to-month,Premium,6,False,43.58,660.1,Credit card,True,0,4,11.1,True,23,9.8,3.8,5,56.3,6.6,8,True,4.8,False,0.0,0,No
CX01164,30,Fitness,Paid Social,Desktop,6,Month-to-month,Standard,5,True,21.47,126.05,UPI / Instant transfer,False,1,1,23.6,False,8,30.4,4.1,7,20.5,7.7,7,True,1.6,False,0.0,0,No
CX01165,37,News & Media,Referral,Desktop,24,Month-to-month,Standard,2,True,13.9,295.15,Digital wallet,True,0,2,5.1,True,17,10.3,2.9,18,50.0,8.8,10,False,0.6,False,0.0,4,No
CX01166,19,Fintech,App Store,Mobile,42,Two year,Basic,1,False,10.41,420.14,Debit card,True,0,0,29.4,False,4,3.0,0.2,2,34.1,10.0,10,False,3.6,False,0.0,4,No
CX01167,29,Fitness,App Store,Mobile,3,Month-to-month,Premium,8,False,43.05,128.49,Debit card,True,0,3,2.2,False,10,21.9,3.6,29,41.1,7.8,6,False,6.7,False,0.0,0,No
CX01168,54,Cloud Storage,Referral,Mobile,42,Two year,Basic,2,False,10.03,410.87,UPI / Instant transfer,True,0,3,2.3,True,18,5.2,1.6,18,39.8,7.7,10,False,1.4,False,0.0,3,No
CX01169,49,Gaming,App Store,Mobile,8,Month-to-month,Premium,8,False,54.72,392.51,Credit card,True,0,2,16.6,True,21,6.0,2.1,1,34.0,8.7,10,False,5.5,False,0.0,2,Yes
CX01170,41,Gaming,App Store,Smart TV,28,Annual,Plus,4,False,20.39,529.27,Debit card,False,3,0,13.6,False,11,3.7,0.7,2,43.2,10.0,10,True,6.1,False,0.0,1,No
CX01171,50,Fintech,Email Campaign,Tablet,7,Month-to-month,Plus,3,False,20.75,141.9,UPI / Instant transfer,True,0,3,5.2,True,27,20.6,9.3,6,48.6,8.4,9,False,3.9,False,0.0,2,No
CX01172,39,Cloud Storage,Referral,Mobile,5,Annual,Standard,5,False,26.19,119.76,Credit card,True,1,1,9.7,True,13,2.4,0.5,9,45.4,8.9,8,False,5.1,False,0.0,1,No
CX01173,18,Streaming,Referral,Desktop,35,Annual,Premium,3,False,25.4,859.41,Credit card,True,5,1,29.5,True,24,16.8,6.7,7,58.6,7.8,7,False,4.9,False,0.0,1,No
CX01174,19,Fitness,Paid Social,Mobile,7,Month-to-month,Plus,6,False,30.0,199.93,UPI / Instant transfer,False,2,4,2.1,True,16,19.2,5.1,8,32.2,7.0,6,False,2.5,False,0.0,1,Yes
CX01175,36,News & Media,Organic Search,Mobile,35,Annual,Premium,1,True,24.02,741.9,Credit card,False,2,3,5.6,True,16,40.9,10.9,18,52.6,9.1,10,True,0.6,True,28.4,2,No
CX01176,44,Fintech,Organic Search,Mobile,5,Month-to-month,Standard,3,False,15.21,68.45,Debit card,True,0,4,7.0,True,27,8.6,3.9,4,41.1,7.6,7,False,1.0,False,0.0,0,Yes
CX01177,26,Fitness,Organic Search,Mobile,24,Annual,Plus,2,False,22.29,521.01,Credit card,False,0,5,10.6,True,16,13.5,3.6,4,60.3,8.2,8,True,5.2,False,0.0,1,No
CX01178,36,News & Media,Referral,Mobile,18,Month-to-month,Standard,5,False,21.06,344.99,UPI / Instant transfer,True,0,2,6.7,True,17,8.3,2.4,5,71.6,9.1,7,True,3.2,False,0.0,3,No
CX01179,36,News & Media,Organic Search,Mobile,20,Month-to-month,Premium,4,True,30.68,601.16,Credit card,True,0,1,3.1,True,20,4.0,1.3,10,37.1,8.8,8,False,2.4,False,0.0,1,No
CX01180,37,Productivity,Referral,Mobile,1,Month-to-month,Standard,2,False,12.21,12.1,Credit card,True,0,3,24.5,True,22,22.6,8.3,6,21.4,5.8,5,True,1.5,True,8.0,0,Yes
CX01181,38,Fitness,Referral,Desktop,32,Month-to-month,Standard,4,False,16.91,504.75,Buy now pay later,False,2,1,10.1,False,8,10.2,1.4,10,31.3,10.0,10,True,1.9,False,0.0,0,No
CX01182,52,Streaming,Email Campaign,Mobile,37,Annual,Standard,3,False,21.18,728.42,Credit card,False,0,4,18.0,True,19,16.5,5.2,18,34.6,6.6,5,False,2.9,False,0.0,0,No
CX01183,51,News & Media,Organic Search,Mobile,11,Month-to-month,Basic,3,False,10.9,117.97,Bank transfer,False,1,0,7.2,True,12,10.8,2.2,3,42.0,9.0,10,False,6.8,False,0.0,0,No
CX01184,28,Streaming,Paid Social,Mobile,2,Month-to-month,Basic,2,False,11.2,21.54,Debit card,True,1,1,11.2,True,16,1.7,0.5,6,60.5,7.9,8,True,4.3,False,0.0,0,Yes
CX01185,25,News & Media,Organic Search,Tablet,14,Annual,Basic,4,False,18.65,233.12,UPI / Instant transfer,False,1,4,12.2,True,10,5.0,0.8,10,34.6,8.8,10,False,11.4,False,0.0,1,No
CX01186,32,Streaming,Paid Social,Mobile,23,Month-to-month,Plus,6,False,38.39,871.51,Bank transfer,True,0,4,3.0,True,12,16.4,3.3,4,37.5,8.4,7,True,4.6,False,0.0,1,No
CX01187,23,Productivity,App Store,Mobile,18,Two year,Plus,4,False,24.69,443.84,Debit card,True,0,5,4.8,True,13,5.4,1.2,4,48.5,7.8,7,False,5.0,False,0.0,0,No
CX01188,18,Cloud Storage,Email Campaign,Mobile,52,Annual,Standard,5,False,19.7,954.44,UPI / Instant transfer,True,1,4,18.6,False,3,31.6,1.6,35,42.5,8.6,10,False,2.2,True,14.7,1,No
CX01189,52,Streaming,Paid Social,Desktop,6,Annual,Standard,3,True,13.06,69.84,Credit card,True,0,1,5.9,True,14,23.9,5.6,1,45.1,9.1,10,True,4.2,True,17.6,1,No
CX01190,52,News & Media,Paid Social,Desktop,5,Month-to-month,Standard,4,False,25.6,112.79,Buy now pay later,True,1,4,46.1,True,20,7.7,2.6,4,33.3,7.9,5,False,3.7,False,0.0,0,Yes
CX01191,42,Streaming,Paid Social,Tablet,8,Month-to-month,Standard,7,False,22.09,159.02,Credit card,True,2,1,6.8,True,10,23.3,3.9,17,29.7,6.9,7,True,8.3,True,3.0,0,Yes
CX01192,33,Streaming,Organic Search,Desktop,13,Month-to-month,Basic,4,False,17.78,224.99,Bank transfer,True,1,3,5.6,False,5,11.0,0.9,9,56.5,8.2,7,True,6.0,True,15.5,3,Yes
CX01193,59,Cloud Storage,Organic Search,Mobile,54,Annual,Plus,2,False,17.51,838.17,Debit card,True,0,1,5.9,True,21,6.9,2.4,1,32.8,9.9,9,False,7.0,False,0.0,1,No
CX01194,39,Fintech,Organic Search,Mobile,17,Month-to-month,Basic,4,False,12.74,208.86,Digital wallet,False,1,4,5.8,True,17,22.9,6.5,1,50.2,6.2,5,True,10.4,True,5.3,0,Yes
CX01195,18,Streaming,Organic Search,Mobile,29,Month-to-month,Standard,2,False,18.62,479.45,UPI / Instant transfer,False,1,1,12.5,True,13,10.8,2.3,12,52.9,8.4,10,True,4.9,False,0.0,0,No
CX01196,31,Fitness,Organic Search,Mobile,26,Annual,Basic,1,False,11.16,265.59,Digital wallet,False,0,1,5.9,True,21,22.6,7.9,2,17.0,10.0,10,True,15.7,True,3.0,0,No
CX01197,45,Fitness,App Store,Desktop,32,Month-to-month,Standard,5,True,19.89,632.91,Digital wallet,True,0,2,4.1,False,11,6.3,1.2,14,71.5,9.0,10,True,2.5,True,12.1,0,No
CX01198,18,Streaming,Organic Search,Desktop,23,Month-to-month,Standard,2,False,15.07,329.04,Credit card,True,0,4,9.1,True,15,10.7,2.7,3,40.3,8.0,9,False,1.7,False,0.0,1,No
CX01199,47,Fintech,Organic Search,Mobile,11,Month-to-month,Plus,5,False,26.63,273.91,UPI / Instant transfer,True,1,3,6.4,False,4,27.3,1.8,11,23.4,7.6,9,False,3.0,False,0.0,0,Yes
CX01200,19,Fitness,App Store,Tablet,18,Month-to-month,Basic,2,True,8.88,153.99,Credit card,True,0,0,9.0,True,14,11.6,2.7,22,42.5,7.6,6,False,2.2,False,0.0,5,No
CX01201,41,Cloud Storage,Influencer,Smart TV,6,Month-to-month,Basic,2,False,11.14,62.07,Credit card,False,2,2,18.7,False,5,19.1,1.6,13,45.5,7.4,7,True,3.5,True,9.7,2,No
CX01202,33,Productivity,Organic Search,Mobile,2,Month-to-month,Plus,3,False,23.64,45.47,Credit card,True,1,0,24.7,True,19,10.3,3.3,4,64.0,10.0,10,True,0.8,False,0.0,0,No
CX01203,33,Streaming,Email Campaign,Tablet,27,Two year,Basic,1,False,8.31,208.49,Debit card,True,0,1,1.9,True,10,6.9,1.2,3,35.6,8.2,9,True,7.9,False,0.0,0,No
CX01204,41,Gaming,App Store,Mobile,31,Annual,Plus,4,False,21.57,605.45,Buy now pay later,False,2,1,36.1,True,14,9.3,2.2,8,34.5,6.9,5,True,1.2,True,13.9,0,No
CX01205,42,Gaming,Referral,Mobile,42,Month-to-month,Plus,8,False,40.41,1592.67,Credit card,True,0,4,9.1,True,24,18.5,7.4,4,35.9,7.1,8,False,5.3,False,0.0,2,No
CX01206,40,Fitness,Referral,Desktop,12,Annual,Basic,1,False,9.97,119.39,Credit card,True,0,0,5.0,True,17,9.6,2.7,12,54.0,7.4,7,True,0.6,False,0.0,1,No
CX01207,31,Fintech,App Store,Desktop,14,Month-to-month,Plus,1,True,21.25,294.05,Bank transfer,False,1,2,1.6,True,32,13.8,7.4,11,52.2,7.5,7,False,2.2,False,0.0,0,No
CX01208,23,Streaming,App Store,Mobile,24,Annual,Premium,4,True,34.43,774.77,UPI / Instant transfer,False,0,2,11.0,True,26,15.0,6.5,26,62.0,9.0,7,True,13.2,False,0.0,5,Yes
CX01209,41,Streaming,Paid Social,Mobile,15,Month-to-month,Basic,1,False,9.72,138.76,Credit card,True,2,3,7.5,True,20,7.4,2.5,6,44.8,10.0,10,True,8.8,False,0.0,1,No
CX01210,31,News & Media,Organic Search,Tablet,41,Annual,Plus,5,False,28.07,1129.73,Credit card,True,0,2,10.2,False,10,15.5,2.6,15,56.8,10.0,10,False,6.8,True,23.7,3,No
CX01211,24,Fintech,Organic Search,Smart TV,37,Two year,Basic,3,False,11.93,430.56,Buy now pay later,False,1,2,4.1,True,16,23.5,6.3,7,66.9,8.4,9,False,6.3,False,0.0,0,No
CX01212,52,Streaming,Influencer,Smart TV,43,Two year,Standard,1,False,14.95,607.48,Credit card,True,2,0,12.4,True,19,12.2,3.9,11,23.4,8.9,9,False,12.7,False,0.0,4,No
CX01213,38,Fitness,Email Campaign,Mobile,45,Annual,Plus,5,False,26.64,1064.05,Debit card,False,2,6,7.0,True,21,10.7,3.7,11,28.3,7.1,8,False,4.8,False,0.0,2,No
CX01214,39,Streaming,Email Campaign,Mobile,4,Month-to-month,Premium,4,True,25.71,93.74,Bank transfer,True,0,3,30.2,True,17,1.8,0.5,6,48.7,6.7,6,True,2.2,False,0.0,1,No
CX01215,35,Fintech,Referral,Smart TV,12,Month-to-month,Standard,4,False,19.77,209.94,Buy now pay later,True,0,1,5.9,True,14,7.0,1.6,4,26.6,9.6,8,False,3.1,False,0.0,1,No
CX01216,30,Productivity,Referral,Mobile,7,Month-to-month,Premium,3,True,25.69,173.14,Buy now pay later,True,0,1,9.0,True,23,4.6,1.8,19,40.8,10.0,10,True,5.1,False,0.0,2,No
CX01217,23,Streaming,Referral,Mobile,11,Month-to-month,Plus,5,False,28.48,301.52,Credit card,False,0,3,3.2,True,18,36.6,11.0,4,68.3,8.9,10,True,0.6,True,3.7,0,No
CX01218,38,Gaming,Paid Social,Desktop,6,Month-to-month,Basic,2,False,12.17,67.77,Credit card,True,0,1,7.0,False,6,11.6,1.2,3,57.2,8.9,8,False,1.8,False,0.0,0,Yes
CX01219,47,Fitness,Referral,Mobile,39,Two year,Premium,2,False,30.63,1059.6,Bank transfer,False,2,2,2.2,True,24,14.9,6.0,2,40.3,7.8,8,False,5.0,True,11.0,2,No
CX01220,37,Gaming,Referral,Mobile,52,Month-to-month,Premium,6,False,39.6,1825.02,Digital wallet,True,0,4,8.4,True,21,13.2,4.6,2,53.5,7.0,5,False,0.7,False,0.0,0,No
CX01221,39,Fintech,Organic Search,Tablet,16,Month-to-month,Standard,7,False,21.86,317.31,Credit card,False,0,5,11.6,True,22,10.2,3.7,12,55.1,6.4,7,False,1.6,False,0.0,0,No
CX01222,30,Gaming,Paid Social,Desktop,16,Annual,Plus,3,False,21.95,326.0,Credit card,True,1,3,30.0,True,20,6.5,2.2,32,52.2,7.1,8,False,2.4,False,0.0,0,No
CX01223,36,Fintech,Organic Search,Tablet,7,Annual,Standard,4,True,20.8,135.33,Credit card,False,2,3,4.4,True,14,33.3,7.8,8,59.8,8.6,7,False,4.4,False,0.0,2,No
CX01224,36,Fintech,Influencer,Smart TV,9,Month-to-month,Basic,1,True,10.52,93.69,UPI / Instant transfer,True,1,2,13.7,False,3,9.7,0.5,98,58.1,7.5,7,False,5.3,False,0.0,1,No
CX01225,29,Gaming,Organic Search,Mobile,22,Month-to-month,Standard,4,True,20.54,445.88,Debit card,True,1,3,1.3,True,15,12.4,3.1,13,68.0,9.0,8,True,5.1,True,12.0,2,No
CX01226,64,Productivity,App Store,Mobile,42,Annual,Basic,1,True,9.68,372.34,Bank transfer,True,1,0,15.9,True,16,16.5,4.4,8,47.4,7.9,6,False,1.9,False,0.0,3,No
CX01227,43,Cloud Storage,App Store,Desktop,38,Annual,Standard,1,False,15.3,526.39,Debit card,False,2,1,4.1,False,10,12.5,2.1,7,45.1,7.6,9,False,12.8,False,0.0,1,Yes
CX01228,33,Cloud Storage,Organic Search,Desktop,10,Month-to-month,Basic,1,False,6.67,59.67,UPI / Instant transfer,False,3,2,23.6,True,17,8.7,2.5,7,45.0,8.5,10,True,5.8,True,13.4,0,No
CX01229,29,Fintech,App Store,Mobile,13,Annual,Standard,5,True,20.78,267.68,UPI / Instant transfer,True,0,4,42.7,True,18,9.6,2.9,11,49.6,5.3,6,True,2.9,False,0.0,0,No
CX01230,33,Streaming,Organic Search,Desktop,13,Month-to-month,Basic,4,True,12.91,147.94,Debit card,True,0,4,6.9,True,17,11.5,3.3,8,58.1,8.5,7,True,7.5,False,0.0,0,Yes
CX01231,25,Productivity,Referral,Mobile,14,Annual,Basic,1,False,9.75,132.31,Debit card,True,1,1,7.3,True,15,15.6,3.9,4,42.3,8.5,9,True,1.9,True,20.4,3,No
CX01232,29,Fintech,Influencer,Mobile,65,Two year,Basic,1,False,13.06,818.02,UPI / Instant transfer,True,1,0,17.7,True,16,4.3,1.1,4,30.8,9.3,10,False,10.3,False,0.0,2,No
CX01233,44,Streaming,Influencer,Mobile,15,Month-to-month,Plus,6,False,33.62,482.56,Buy now pay later,True,0,2,3.7,True,15,4.7,1.2,8,76.2,9.0,10,False,15.0,False,0.0,0,No
CX01234,25,Streaming,Influencer,Desktop,30,Annual,Standard,2,False,17.8,508.18,Buy now pay later,True,0,3,6.5,True,20,8.3,2.8,9,41.9,7.2,8,False,10.8,False,0.0,0,Yes
CX01235,45,Fintech,Organic Search,Mobile,11,Month-to-month,Standard,2,False,20.28,196.7,Debit card,False,0,5,19.7,True,23,11.3,4.3,18,49.7,7.8,9,True,8.1,True,10.3,0,No
CX01236,20,Fintech,Paid Social,Desktop,8,Month-to-month,Basic,5,False,20.33,155.56,UPI / Instant transfer,False,0,5,3.8,False,2,6.9,0.2,8,10.2,8.3,10,False,3.9,True,18.7,0,No
CX01237,21,Streaming,Referral,Mobile,6,Month-to-month,Premium,3,False,26.5,147.38,Digital wallet,True,0,2,8.8,True,21,13.3,4.7,2,50.5,8.4,7,False,9.8,True,25.1,0,No
CX01238,51,Fintech,Paid Social,Tablet,13,Month-to-month,Premium,5,False,41.41,480.67,Credit card,True,1,3,12.4,True,16,6.6,1.8,11,76.5,9.2,6,False,6.5,False,0.0,1,No
CX01239,52,Fintech,Email Campaign,Desktop,5,Month-to-month,Plus,3,True,22.1,101.08,UPI / Instant transfer,False,2,1,10.8,True,19,8.9,2.8,6,55.5,8.9,9,True,2.5,False,0.0,1,No
CX01240,51,Streaming,App Store,Mobile,8,Annual,Basic,2,False,7.67,54.45,Bank transfer,True,0,2,11.4,True,25,1.8,0.8,4,46.0,6.8,8,True,2.3,False,0.0,1,Yes
CX01241,43,Productivity,App Store,Mobile,37,Annual,Basic,3,False,15.72,564.75,UPI / Instant transfer,True,0,5,8.6,True,19,20.9,6.6,10,30.1,7.8,9,True,2.7,False,0.0,0,Yes
CX01242,35,Streaming,Referral,Desktop,6,Annual,Plus,3,False,18.92,108.92,UPI / Instant transfer,False,2,1,9.9,True,22,20.3,7.4,11,15.1,6.1,6,False,7.4,False,0.0,0,Yes
CX01243,37,Fitness,Paid Social,Tablet,42,Two year,Standard,5,False,22.87,859.41,UPI / Instant transfer,True,0,1,36.9,True,11,10.0,1.8,6,34.2,6.7,6,True,7.1,False,0.0,0,Yes
CX01244,60,Gaming,Paid Social,Mobile,18,Month-to-month,Premium,6,False,34.99,560.5,Debit card,True,1,2,16.2,True,22,10.4,3.8,3,29.1,9.3,10,True,3.9,True,21.7,0,No
CX01245,40,Streaming,Referral,Mobile,14,Two year,Basic,2,False,14.45,179.5,Credit card,True,1,2,4.7,True,22,4.7,1.7,21,36.5,7.6,4,False,1.3,True,16.5,1,No
CX01246,49,Cloud Storage,Paid Social,Mobile,21,Two year,Premium,6,False,35.44,729.19,UPI / Instant transfer,False,0,7,6.1,True,21,18.3,6.4,6,48.1,7.5,8,True,1.9,True,28.1,0,No
CX01247,31,Fintech,Email Campaign,Mobile,11,Month-to-month,Premium,5,False,31.66,334.08,UPI / Instant transfer,True,0,6,4.4,True,28,9.0,4.2,3,44.5,7.6,7,False,0.3,False,0.0,0,Yes
CX01248,27,News & Media,Email Campaign,Mobile,26,Month-to-month,Basic,1,False,9.51,230.13,Digital wallet,True,1,1,3.2,True,14,14.1,3.3,3,54.6,8.9,10,True,5.2,False,0.0,1,No
CX01249,24,Cloud Storage,Referral,Mobile,10,Month-to-month,Standard,3,True,22.67,223.4,Credit card,True,1,2,8.3,True,13,14.1,3.1,7,46.9,7.4,8,False,4.3,False,0.0,1,No
CX01250,35,Productivity,Organic Search,Mobile,27,Annual,Plus,3,False,26.23,665.51,Digital wallet,True,0,4,3.0,True,16,21.2,5.7,4,28.6,9.5,10,True,2.6,False,0.0,3,No
CX01251,60,Productivity,Paid Social,Desktop,7,Annual,Basic,1,False,7.41,46.39,Credit card,True,1,1,3.7,True,15,4.0,1.0,3,44.2,7.4,8,True,2.6,False,0.0,1,No
CX01252,47,Cloud Storage,Paid Social,Desktop,10,Month-to-month,Basic,3,False,10.79,98.36,Credit card,False,0,2,6.7,True,18,24.0,7.2,21,42.4,8.2,6,True,5.5,False,0.0,1,Yes
CX01253,45,Streaming,Organic Search,Tablet,21,Two year,Standard,3,False,25.77,495.3,UPI / Instant transfer,True,0,0,7.0,False,9,17.4,2.6,15,54.1,7.4,5,False,2.2,False,0.0,1,No
CX01254,52,Fintech,Email Campaign,Mobile,21,Annual,Basic,3,False,14.13,291.85,UPI / Instant transfer,True,0,2,6.2,True,11,32.6,6.0,3,66.2,8.2,8,False,0.5,False,0.0,1,No
CX01255,31,Productivity,Paid Social,Desktop,48,Month-to-month,Premium,4,False,27.64,1318.81,Debit card,True,1,1,8.8,False,10,34.4,5.7,37,43.1,8.9,9,False,3.8,True,15.3,1,No
CX01256,25,Streaming,Email Campaign,Desktop,41,Annual,Standard,3,False,31.66,1153.24,Credit card,True,0,6,19.5,False,9,8.4,1.3,16,57.7,6.5,8,False,4.4,False,0.0,2,No
CX01257,26,Streaming,App Store,Mobile,1,Month-to-month,Basic,4,True,13.06,12.62,Debit card,False,1,6,10.0,True,19,4.1,1.3,13,49.0,8.4,10,False,1.7,False,0.0,0,No
CX01258,32,Streaming,Organic Search,Mobile,23,Month-to-month,Plus,3,False,14.26,296.96,Digital wallet,False,1,0,15.6,True,15,15.0,3.8,23,50.7,8.8,10,True,6.9,True,17.3,1,Yes
CX01259,21,Gaming,Paid Social,Mobile,23,Month-to-month,Premium,4,True,31.15,648.47,Credit card,True,0,4,20.0,True,30,10.3,5.2,5,34.7,7.5,7,False,6.4,False,0.0,0,Yes
CX01260,28,Fintech,Paid Social,Smart TV,26,Month-to-month,Premium,6,False,31.75,762.76,Credit card,True,0,2,3.2,True,16,25.0,6.7,8,63.9,8.7,10,True,4.7,False,0.0,2,No
CX01261,29,Streaming,Paid Social,Desktop,47,Two year,Standard,3,False,16.13,718.65,Credit card,True,2,2,8.3,True,19,19.9,6.3,5,51.2,8.0,10,False,1.5,False,0.0,1,No
CX01262,55,News & Media,Email Campaign,Mobile,55,Annual,Plus,6,False,35.26,1768.27,Credit card,True,0,3,8.2,True,17,24.3,6.9,10,43.2,10.0,10,True,2.3,False,0.0,2,Yes
CX01263,51,Fintech,Paid Social,Mobile,3,Month-to-month,Standard,2,False,19.0,51.33,UPI / Instant transfer,True,0,5,2.5,True,17,13.2,3.7,10,47.0,8.1,6,False,2.7,True,9.1,0,No
CX01264,18,Streaming,Influencer,Desktop,12,Month-to-month,Plus,2,False,19.44,216.79,UPI / Instant transfer,False,1,5,7.2,False,9,5.4,0.8,7,51.8,6.9,8,False,10.8,False,0.0,2,No
CX01265,36,Productivity,Organic Search,Desktop,9,Month-to-month,Standard,5,False,29.07,257.98,UPI / Instant transfer,True,0,2,14.9,True,19,19.8,6.3,0,60.7,8.1,9,True,2.8,False,0.0,0,Yes
CX01266,42,Streaming,App Store,Mobile,2,Month-to-month,Standard,4,True,20.14,39.4,Debit card,True,0,1,6.7,True,18,11.5,3.4,5,56.0,7.7,8,False,8.0,False,0.0,0,Yes
CX01267,29,Streaming,Paid Social,Desktop,35,Annual,Basic,1,False,11.31,350.73,UPI / Instant transfer,True,0,3,9.9,True,22,7.2,2.6,20,46.7,7.6,9,True,2.5,True,16.1,1,No
CX01268,39,Fintech,Influencer,Mobile,6,Month-to-month,Basic,2,False,13.74,75.34,UPI / Instant transfer,True,0,4,14.5,True,18,14.0,4.2,12,29.3,7.3,8,True,4.0,False,0.0,0,No
CX01269,39,Fintech,Organic Search,Mobile,47,Annual,Standard,5,False,23.85,1106.44,Credit card,True,0,1,5.4,True,24,14.4,5.8,20,46.5,8.5,6,True,5.3,False,0.0,1,No
CX01270,40,News & Media,Referral,Mobile,3,Month-to-month,Basic,1,True,11.33,31.19,UPI / Instant transfer,True,0,4,7.9,True,18,6.6,2.0,4,67.4,8.0,8,False,1.4,False,0.0,2,No
CX01271,46,Gaming,Influencer,Desktop,25,Annual,Premium,6,True,44.34,1030.07,Bank transfer,True,0,3,1.1,False,7,24.0,2.8,2,51.7,9.6,10,False,7.9,False,0.0,1,No
CX01272,31,Fintech,Organic Search,Desktop,10,Month-to-month,Plus,2,True,23.07,216.1,Credit card,True,0,1,4.4,True,20,43.1,14.4,14,36.9,10.0,10,True,5.0,False,0.0,5,No
CX01273,48,Cloud Storage,Paid Social,Mobile,44,Month-to-month,Basic,1,False,10.95,449.02,Credit card,True,0,2,8.5,True,11,9.2,1.7,1,62.4,10.0,8,True,11.9,False,0.0,3,No
CX01274,25,Productivity,App Store,Desktop,5,Month-to-month,Premium,3,True,41.79,190.79,Credit card,False,0,4,7.9,False,10,11.3,1.9,5,34.8,8.2,7,False,1.4,False,0.0,1,No
CX01275,44,Fintech,App Store,Mobile,38,Two year,Premium,8,False,43.25,1604.54,Credit card,True,0,5,22.1,True,21,5.5,1.9,16,52.2,7.7,7,False,9.1,False,0.0,3,No
CX01276,41,News & Media,Referral,Mobile,14,Annual,Basic,3,False,14.38,190.61,Credit card,True,0,3,12.4,True,15,8.8,2.2,23,33.1,7.7,10,False,3.5,False,0.0,0,No
CX01277,19,Productivity,Organic Search,Mobile,15,Month-to-month,Plus,3,False,27.63,402.45,Debit card,False,0,3,7.2,True,16,21.9,5.8,17,45.3,8.7,9,False,4.6,False,0.0,4,No
CX01278,50,Cloud Storage,App Store,Tablet,24,Month-to-month,Basic,3,False,10.86,234.61,Debit card,True,1,3,14.6,True,12,8.3,1.7,11,52.8,9.2,9,False,0.4,False,0.0,3,Yes
CX01279,18,Gaming,Referral,Desktop,1,Month-to-month,Plus,4,False,19.57,18.11,Credit card,False,0,1,6.6,False,7,15.2,1.8,6,1.2,8.9,10,True,6.2,True,19.2,0,No
CX01280,43,Streaming,Paid Social,Mobile,24,Annual,Basic,2,False,11.03,234.0,Digital wallet,False,1,0,6.0,True,14,6.9,1.6,9,48.0,8.0,8,False,1.6,False,0.0,2,No
CX01281,48,Streaming,App Store,Mobile,31,Two year,Basic,4,False,15.28,438.59,Debit card,True,0,1,18.3,True,21,24.4,8.5,12,45.8,6.3,6,False,2.6,False,0.0,0,No
CX01282,23,Streaming,App Store,Mobile,7,Annual,Standard,4,False,21.4,149.19,UPI / Instant transfer,True,1,3,4.2,True,14,28.9,6.7,4,50.7,8.8,7,False,5.5,False,0.0,0,No
CX01283,18,Gaming,App Store,Mobile,32,Annual,Plus,4,False,22.1,666.78,Debit card,False,1,2,11.3,True,14,9.3,2.2,2,63.7,7.8,7,True,7.3,True,9.0,0,Yes
CX01284,20,Streaming,Organic Search,Tablet,28,Month-to-month,Standard,2,True,19.84,524.14,Debit card,False,0,2,3.6,False,9,18.0,2.7,16,37.0,7.2,8,True,1.7,False,0.0,0,No
CX01285,62,Streaming,Email Campaign,Mobile,15,Annual,Basic,3,True,12.41,179.24,Credit card,True,2,3,22.0,True,13,20.7,4.5,7,38.4,5.4,5,True,3.8,True,27.0,0,No
CX01286,34,Streaming,Referral,Smart TV,4,Month-to-month,Standard,3,True,13.88,54.89,Debit card,True,2,7,6.3,True,18,3.5,1.0,3,44.0,8.8,7,True,1.8,True,25.0,3,No
CX01287,43,Gaming,Organic Search,Mobile,63,Annual,Premium,5,False,28.4,1650.96,Debit card,True,0,4,3.2,True,22,15.2,5.6,2,40.8,5.9,4,True,8.7,True,11.9,0,Yes
CX01288,41,News & Media,App Store,Mobile,9,Month-to-month,Standard,2,False,15.5,131.28,Credit card,False,0,0,10.9,True,11,13.2,2.4,2,75.4,7.3,8,False,3.2,False,0.0,0,No
CX01289,37,Streaming,Paid Social,Mobile,12,Annual,Plus,4,False,34.9,392.4,UPI / Instant transfer,True,0,5,8.3,True,22,47.2,17.3,7,28.0,7.6,7,False,1.5,False,0.0,0,No
CX01290,40,Productivity,Influencer,Desktop,10,Month-to-month,Premium,5,False,25.48,230.75,Credit card,True,0,4,17.8,True,23,11.2,4.3,3,72.6,8.1,8,True,0.9,False,0.0,1,No
CX01291,40,Productivity,Organic Search,Mobile,22,Month-to-month,Standard,1,False,13.47,279.66,Digital wallet,True,1,1,24.9,True,23,25.6,9.8,3,37.6,7.1,8,False,0.7,False,0.0,1,No
CX01292,42,Productivity,App Store,Smart TV,11,Month-to-month,Basic,2,False,11.03,110.09,Credit card,True,0,0,15.6,False,4,13.4,0.9,10,47.2,8.3,9,True,5.2,True,3.0,1,Yes
CX01293,31,Fintech,Organic Search,Mobile,1,Month-to-month,Standard,1,True,14.7,13.87,Debit card,True,0,0,6.0,True,18,13.7,4.1,7,74.1,7.9,7,False,9.0,False,0.0,0,No
CX01294,37,Streaming,Paid Social,Desktop,8,Month-to-month,Basic,5,False,24.29,172.11,Credit card,True,0,4,23.1,True,13,13.3,2.9,1,34.8,6.2,8,True,4.5,True,12.9,0,Yes
CX01295,45,Streaming,Paid Social,Mobile,16,Annual,Plus,6,False,21.25,321.78,Debit card,False,0,3,3.6,True,19,15.1,4.8,9,24.4,8.0,8,False,6.4,False,0.0,1,No
CX01296,29,News & Media,Organic Search,Desktop,32,Annual,Standard,4,False,18.79,545.36,Credit card,True,0,1,11.1,False,3,2.6,0.1,15,57.6,9.2,9,False,2.4,False,0.0,0,No
CX01297,18,Gaming,App Store,Mobile,28,Month-to-month,Basic,3,False,14.53,406.42,Digital wallet,False,0,0,16.2,True,15,13.9,3.5,5,47.5,7.8,6,True,3.7,False,0.0,0,No
CX01298,39,News & Media,Email Campaign,Desktop,44,Annual,Basic,1,False,10.76,432.65,Credit card,True,0,1,16.9,True,17,19.2,5.4,1,47.0,9.3,10,False,0.6,False,0.0,0,No
CX01299,18,Cloud Storage,Paid Social,Mobile,38,Annual,Premium,1,False,28.43,982.93,Digital wallet,False,1,1,27.5,True,27,16.6,7.5,6,85.1,7.4,7,True,1.4,True,23.9,0,No
CX01300,45,Productivity,App Store,Mobile,43,Two year,Premium,4,False,25.7,1074.81,Debit card,True,0,2,5.7,True,12,9.9,2.0,7,86.6,10.0,10,True,0.9,True,22.7,5,No
CX01301,32,Streaming,Referral,Desktop,28,Two year,Basic,3,False,10.6,272.54,Credit card,True,0,4,9.1,True,29,5.2,2.5,15,36.0,9.7,10,True,6.7,False,0.0,0,No
CX01302,34,Fintech,Email Campaign,Desktop,35,Two year,Basic,2,False,13.89,465.08,Credit card,True,0,3,7.5,True,14,33.9,7.9,23,49.6,6.5,7,True,3.1,False,0.0,0,No
CX01303,43,Fintech,Paid Social,Tablet,21,Two year,Basic,1,False,9.59,195.01,Debit card,True,1,4,3.9,False,6,8.7,0.9,4,13.5,6.0,5,False,2.3,False,0.0,0,Yes
CX01304,31,Streaming,Referral,Smart TV,34,Two year,Standard,3,False,19.11,642.22,Digital wallet,True,0,2,8.7,False,6,38.7,3.9,9,57.6,9.3,10,True,0.5,True,21.2,2,No
CX01305,18,Streaming,App Store,Tablet,45,Two year,Premium,7,True,37.85,1595.54,Debit card,True,0,4,3.7,True,27,23.5,10.6,1,52.6,9.3,10,False,10.1,False,0.0,0,No
CX01306,42,Streaming,Paid Social,Smart TV,38,Two year,Basic,1,False,8.19,281.23,Debit card,True,2,2,3.0,False,7,21.8,2.5,17,81.5,9.2,9,True,5.7,False,0.0,3,No
CX01307,53,Fintech,Referral,Mobile,3,Month-to-month,Basic,3,False,12.87,37.33,Digital wallet,False,2,3,18.8,True,15,18.4,4.6,7,10.9,7.1,8,False,1.0,False,0.0,0,Yes
CX01308,56,Cloud Storage,Paid Social,Mobile,5,Month-to-month,Basic,1,True,7.49,35.36,Credit card,True,1,1,20.6,True,22,18.5,6.8,2,50.3,7.9,7,False,0.9,False,0.0,1,No
CX01309,37,Productivity,App Store,Mobile,46,Two year,Premium,5,False,41.33,1775.55,Bank transfer,True,0,0,6.8,True,21,16.6,5.8,5,49.3,10.0,10,False,2.6,True,16.6,3,No
CX01310,27,Streaming,Paid Social,Tablet,10,Month-to-month,Standard,5,True,15.88,145.05,Credit card,False,0,2,16.8,True,18,2.9,0.9,7,59.5,8.9,8,True,4.2,True,23.3,0,No
CX01311,43,Fintech,Email Campaign,Mobile,47,Two year,Plus,6,False,35.05,1451.21,Digital wallet,False,0,3,14.8,True,18,5.0,1.5,7,61.8,9.1,10,False,4.0,False,0.0,1,No
CX01312,18,Gaming,Organic Search,Mobile,8,Two year,Plus,7,False,33.99,245.43,UPI / Instant transfer,True,0,2,7.1,True,25,16.6,6.9,2,43.6,7.0,6,False,15.1,False,0.0,0,No
CX01313,53,Fintech,Referral,Tablet,17,Annual,Basic,1,False,6.25,93.51,Credit card,True,0,1,5.9,True,11,20.6,3.8,1,53.9,8.4,7,True,4.5,False,0.0,1,Yes
CX01314,20,Gaming,Referral,Desktop,3,Month-to-month,Plus,3,False,25.23,70.97,Digital wallet,True,0,1,18.3,False,11,6.9,1.3,5,51.2,7.9,6,False,6.9,False,0.0,2,No
CX01315,28,Streaming,App Store,Smart TV,15,Annual,Basic,2,False,13.83,192.93,UPI / Instant transfer,True,0,1,10.9,False,6,6.8,0.7,14,39.7,8.2,6,True,4.0,False,0.0,2,Yes
CX01316,49,Fintech,Organic Search,Desktop,7,Annual,Plus,2,False,30.18,200.34,Digital wallet,False,0,1,2.6,True,12,6.2,1.2,2,60.5,9.1,8,True,1.5,True,18.5,0,No
CX01317,28,Gaming,App Store,Mobile,10,Month-to-month,Standard,2,False,14.51,136.71,Debit card,True,0,2,1.9,True,21,29.0,10.2,10,40.5,10.0,10,False,1.9,False,0.0,4,No
CX01318,45,Gaming,Organic Search,Desktop,40,Two year,Basic,3,False,15.9,590.45,UPI / Instant transfer,True,2,3,4.0,True,26,24.8,10.7,9,53.3,8.2,9,False,8.6,False,0.0,0,No
CX01319,37,Streaming,Referral,Tablet,3,Annual,Standard,5,False,26.66,70.88,UPI / Instant transfer,True,1,3,7.2,False,6,6.6,0.7,7,36.5,7.1,6,False,10.0,False,0.0,2,No
CX01320,18,Streaming,App Store,Mobile,24,Two year,Standard,1,True,16.97,395.69,Credit card,True,1,1,14.3,True,9,12.5,1.9,3,58.0,7.9,7,True,4.3,False,0.0,2,No
CX01321,27,Streaming,Organic Search,Mobile,17,Month-to-month,Standard,3,True,21.85,347.29,Credit card,True,3,2,9.4,True,13,14.7,3.2,2,62.7,8.7,7,True,6.8,False,0.0,0,No
CX01322,20,Streaming,Paid Social,Desktop,34,Two year,Plus,3,False,20.59,660.44,Credit card,True,0,0,21.3,True,28,23.3,10.9,9,65.0,7.6,8,True,1.4,True,6.5,3,No
CX01323,42,Fitness,Email Campaign,Desktop,6,Month-to-month,Basic,3,False,12.37,68.4,UPI / Instant transfer,True,1,5,1.6,False,3,27.4,1.4,11,42.5,6.9,5,False,5.1,False,0.0,0,No
CX01324,62,Streaming,App Store,Mobile,32,Annual,Plus,4,False,26.75,843.95,Digital wallet,False,1,2,13.7,True,24,10.6,4.2,7,51.7,6.5,6,True,6.9,False,0.0,1,No
CX01325,51,Fintech,App Store,Mobile,28,Two year,Basic,2,False,15.65,391.74,Credit card,True,0,3,11.0,True,10,13.0,2.2,24,63.6,9.9,10,False,10.4,False,0.0,0,No
CX01326,40,Fintech,Email Campaign,Tablet,37,Annual,Plus,2,False,19.56,673.05,Digital wallet,True,1,6,3.7,True,21,6.6,2.3,2,41.7,8.5,9,True,11.8,False,0.0,2,No
CX01327,42,Fintech,Paid Social,Desktop,1,Month-to-month,Standard,5,True,22.48,21.33,Credit card,True,1,1,4.0,False,4,4.7,0.3,3,27.8,7.4,7,False,11.3,False,0.0,0,Yes
CX01328,33,Streaming,Paid Social,Mobile,18,Two year,Premium,5,True,29.72,477.36,UPI / Instant transfer,True,0,5,9.4,True,21,16.0,5.6,4,45.4,8.4,8,False,2.5,False,0.0,1,No
CX01329,38,Fintech,Organic Search,Smart TV,10,Annual,Premium,7,False,35.41,335.81,Digital wallet,True,0,4,2.6,False,13,12.2,2.6,16,60.4,8.2,7,True,14.1,False,0.0,1,Yes
CX01330,28,Streaming,Organic Search,Mobile,19,Month-to-month,Plus,3,False,23.5,407.54,UPI / Instant transfer,False,1,4,18.0,True,20,10.0,3.3,5,33.7,7.3,8,True,5.4,True,16.5,0,Yes
CX01331,34,Streaming,App Store,Tablet,43,Two year,Standard,5,False,29.01,1140.7,Digital wallet,True,0,3,3.1,True,15,11.0,2.8,3,46.9,9.8,9,False,18.1,False,0.0,3,No
CX01332,34,Fitness,Paid Social,Mobile,46,Annual,Basic,3,False,18.15,767.39,Credit card,True,0,1,9.6,True,18,7.7,2.3,4,51.1,8.9,9,True,2.4,True,13.7,1,No
CX01333,35,Streaming,Influencer,Desktop,17,Two year,Premium,6,False,32.55,505.53,Debit card,True,0,4,13.8,False,6,21.9,2.2,6,38.0,9.4,10,False,8.9,True,18.4,2,No
CX01334,53,Gaming,Referral,Desktop,8,Annual,Standard,5,False,25.94,200.01,Bank transfer,True,1,1,7.9,True,23,47.6,18.2,12,53.4,9.8,9,True,0.4,False,0.0,2,Yes
CX01335,34,Streaming,Referral,Mobile,10,Month-to-month,Plus,3,False,29.03,283.29,Credit card,True,0,0,19.2,True,15,26.0,6.5,12,43.8,9.1,6,False,8.0,False,0.0,3,No
CX01336,49,Productivity,Email Campaign,Mobile,6,Annual,Standard,2,True,15.97,89.73,Digital wallet,True,0,4,7.2,True,19,19.6,6.2,15,53.1,9.0,10,False,7.6,False,0.0,1,No
CX01337,37,Gaming,Influencer,Desktop,1,Month-to-month,Plus,3,False,25.23,24.87,Credit card,False,0,2,4.7,False,8,4.4,0.6,2,42.5,7.9,8,False,1.1,False,0.0,3,No
CX01338,35,Cloud Storage,App Store,Mobile,7,Month-to-month,Plus,7,False,38.87,261.1,UPI / Instant transfer,True,0,3,14.8,True,21,7.2,2.5,11,51.8,9.4,9,False,2.9,True,9.9,0,No
CX01339,37,Fitness,Influencer,Smart TV,11,Month-to-month,Standard,2,False,18.06,191.81,UPI / Instant transfer,False,3,2,26.6,True,18,30.2,9.1,5,37.8,8.1,7,False,3.3,True,15.5,3,Yes
CX01340,54,News & Media,Influencer,Smart TV,3,Month-to-month,Premium,6,False,36.14,97.1,Debit card,False,2,3,14.3,False,12,38.5,7.7,13,45.7,7.8,8,True,2.2,True,9.6,2,No
CX01341,43,Gaming,App Store,Desktop,5,Month-to-month,Standard,3,True,15.5,77.23,UPI / Instant transfer,True,1,1,11.3,True,14,16.7,3.9,3,70.4,9.1,9,True,1.7,False,0.0,0,Yes
CX01342,36,Streaming,App Store,Desktop,26,Month-to-month,Standard,3,False,27.07,663.52,Credit card,True,0,6,9.5,True,16,14.8,3.9,6,66.9,7.9,6,False,1.2,False,0.0,1,Yes
CX01343,43,Productivity,Organic Search,Mobile,20,Month-to-month,Premium,5,False,27.05,514.23,Credit card,True,0,2,6.3,True,12,2.5,0.5,23,55.7,10.0,8,False,3.0,False,0.0,2,No
CX01344,45,Gaming,Paid Social,Mobile,17,Month-to-month,Premium,6,False,44.87,729.06,Digital wallet,False,1,3,24.6,True,19,8.5,2.7,13,48.3,8.3,7,True,6.0,False,0.0,0,No
CX01345,25,News & Media,Influencer,Desktop,16,Annual,Standard,2,True,19.8,306.51,Credit card,True,0,3,6.5,False,8,12.3,1.6,1,27.2,7.4,6,False,9.0,False,0.0,0,No
CX01346,26,Fintech,App Store,Mobile,6,Month-to-month,Standard,2,False,14.22,82.24,Debit card,True,0,1,23.3,True,14,16.0,3.7,4,58.1,8.2,9,True,2.5,False,0.0,1,Yes
CX01347,34,Fitness,Organic Search,Tablet,6,Month-to-month,Standard,4,False,22.92,137.29,UPI / Instant transfer,False,0,1,21.7,False,13,37.8,8.2,3,57.0,6.9,6,False,0.6,False,0.0,0,Yes
CX01348,29,Streaming,Paid Social,Smart TV,13,Month-to-month,Basic,2,False,9.92,114.9,Bank transfer,True,0,2,9.9,True,16,3.6,1.0,24,80.8,7.6,7,True,2.9,False,0.0,2,No
CX01349,21,Gaming,Paid Social,Tablet,9,Month-to-month,Premium,5,True,37.99,333.53,UPI / Instant transfer,True,0,1,13.9,True,20,3.2,1.1,18,41.6,8.5,10,False,0.5,False,0.0,2,No
CX01350,35,Fintech,Paid Social,Mobile,8,Month-to-month,Premium,1,False,30.53,238.85,Debit card,True,0,1,16.5,True,24,18.1,7.2,2,49.9,8.4,9,False,3.8,False,0.0,1,No
CX01351,19,Streaming,Paid Social,Mobile,13,Month-to-month,Plus,5,False,28.96,360.57,Bank transfer,True,0,2,6.7,True,15,15.5,3.9,10,34.8,7.0,5,False,0.1,True,16.7,2,No
CX01352,41,Cloud Storage,Paid Social,Desktop,11,Month-to-month,Standard,3,False,18.2,191.76,Debit card,False,0,1,12.9,True,22,2.3,0.8,23,30.9,8.2,6,True,4.7,False,0.0,1,No
CX01353,47,Fitness,Organic Search,Mobile,19,Month-to-month,Plus,4,False,34.59,605.85,Bank transfer,False,0,0,4.9,True,17,9.2,2.6,4,41.4,8.2,10,False,1.9,True,17.3,2,No
CX01354,28,Streaming,Paid Social,Mobile,10,Month-to-month,Standard,4,False,21.28,205.35,Credit card,True,0,0,8.4,True,23,14.8,5.7,1,45.2,9.0,8,True,7.9,True,23.8,1,No
CX01355,53,News & Media,Organic Search,Mobile,7,Month-to-month,Plus,4,False,30.92,190.8,Debit card,True,2,1,5.2,False,10,16.8,2.8,6,52.5,10.0,10,False,5.5,False,0.0,3,No
CX01356,49,Streaming,Referral,Smart TV,12,Annual,Plus,3,False,24.86,284.29,UPI / Instant transfer,True,1,2,17.4,True,21,14.6,5.1,7,51.5,7.9,5,False,4.0,False,0.0,1,Yes
CX01357,39,News & Media,App Store,Desktop,7,Month-to-month,Basic,2,False,13.65,89.35,Digital wallet,True,1,4,1.7,True,19,8.1,2.6,28,34.3,8.4,10,True,4.7,False,0.0,1,No
CX01358,35,Streaming,Paid Social,Desktop,16,Month-to-month,Basic,1,True,7.56,108.18,Digital wallet,False,0,3,33.3,False,7,5.8,0.7,11,55.3,5.6,6,True,0.8,False,0.0,0,Yes
CX01359,52,Fitness,Organic Search,Mobile,9,Annual,Premium,6,False,38.57,306.16,Credit card,True,0,3,7.2,True,19,12.6,4.0,5,52.9,7.1,8,False,3.9,False,0.0,1,No
CX01360,58,News & Media,App Store,Desktop,38,Annual,Basic,1,False,8.58,306.44,Credit card,True,0,1,5.3,True,16,10.4,2.8,6,73.8,8.3,10,False,3.8,False,0.0,3,No
CX01361,60,Productivity,Referral,Tablet,14,Annual,Basic,3,True,14.53,183.15,UPI / Instant transfer,True,1,6,8.6,False,6,17.3,1.7,14,32.4,6.6,8,False,1.6,False,0.0,0,No
CX01362,46,Streaming,Organic Search,Smart TV,19,Annual,Standard,4,False,26.2,473.58,Credit card,False,0,4,3.7,True,24,9.0,3.6,11,56.3,10.0,10,False,3.0,False,0.0,5,No
CX01363,18,Cloud Storage,Paid Social,Desktop,9,Month-to-month,Standard,5,False,25.84,228.41,Credit card,True,1,2,6.9,False,8,4.9,0.7,14,32.2,9.4,10,False,7.9,False,0.0,3,No
CX01364,18,Fitness,Organic Search,Mobile,28,Two year,Basic,1,False,9.24,250.77,Debit card,True,1,4,15.9,True,9,35.6,5.3,16,71.8,8.3,10,True,2.4,False,0.0,0,No
CX01365,45,Productivity,Paid Social,Mobile,48,Annual,Plus,3,True,27.46,1206.62,Digital wallet,False,2,3,4.0,True,14,16.7,3.9,31,60.6,8.3,8,True,6.9,True,11.4,2,No
CX01366,37,Fitness,Referral,Desktop,10,Two year,Basic,2,False,9.18,90.09,Credit card,True,0,3,6.4,True,19,3.8,1.2,3,35.8,9.9,10,False,2.4,False,0.0,3,No
CX01367,26,News & Media,Referral,Desktop,14,Month-to-month,Standard,2,True,16.76,227.6,Debit card,False,1,2,35.2,True,21,14.8,5.2,4,40.7,6.9,7,True,2.0,False,0.0,2,Yes
CX01368,52,Streaming,Referral,Desktop,19,Month-to-month,Basic,1,False,10.39,190.38,UPI / Instant transfer,True,0,0,26.9,True,16,50.3,13.4,11,55.8,6.2,5,True,0.9,True,9.1,0,Yes
CX01369,24,Cloud Storage,Organic Search,Mobile,52,Two year,Plus,1,False,15.33,701.7,Bank transfer,True,0,0,4.8,True,25,9.6,4.0,9,54.2,10.0,10,False,9.7,False,0.0,2,No
CX01370,53,Productivity,Organic Search,Desktop,8,Month-to-month,Standard,1,False,14.55,110.52,Digital wallet,False,1,1,18.4,True,17,5.7,1.6,1,47.0,7.1,6,False,4.4,False,0.0,2,No
CX01371,25,Streaming,Paid Social,Mobile,17,Two year,Standard,5,False,24.56,384.11,UPI / Instant transfer,False,0,1,4.9,True,22,8.0,2.9,28,31.9,9.1,10,False,9.0,False,0.0,5,No
CX01372,28,Streaming,Paid Social,Mobile,23,Annual,Premium,2,False,22.45,497.89,Digital wallet,False,1,4,9.6,True,17,14.9,4.2,2,63.9,7.2,7,False,2.0,False,0.0,1,No
CX01373,27,Fintech,Paid Social,Desktop,12,Month-to-month,Plus,5,False,24.88,263.68,Credit card,True,0,3,19.1,True,17,5.0,1.4,2,51.1,7.1,8,False,2.0,False,0.0,1,No
CX01374,40,Streaming,App Store,Mobile,20,Annual,Standard,2,True,17.35,318.44,Credit card,True,1,3,8.1,True,20,4.8,1.6,1,52.3,8.9,5,False,3.4,False,0.0,2,No
CX01375,53,News & Media,Email Campaign,Mobile,14,Month-to-month,Standard,2,True,14.32,199.11,UPI / Instant transfer,False,0,2,18.6,True,12,18.3,3.7,14,36.3,10.0,10,False,9.1,True,17.8,3,No
CX01376,38,Streaming,App Store,Desktop,32,Annual,Plus,8,False,29.74,839.88,Credit card,True,0,4,5.2,True,11,14.4,2.6,13,35.0,10.0,10,False,2.8,False,0.0,1,No
CX01377,35,Fitness,App Store,Mobile,35,Annual,Plus,1,False,16.85,566.53,UPI / Instant transfer,False,0,0,13.2,True,17,20.4,5.8,5,52.1,9.4,10,False,4.0,False,0.0,3,No
CX01378,40,Streaming,Organic Search,Desktop,50,Annual,Standard,1,False,11.43,553.92,Buy now pay later,True,0,1,18.9,True,18,2.4,0.7,5,46.5,9.1,10,False,0.9,False,0.0,1,No
CX01379,38,Productivity,Paid Social,Mobile,22,Month-to-month,Plus,2,False,21.64,445.94,Debit card,True,1,1,11.9,True,19,20.5,6.5,14,57.6,10.0,9,True,5.4,False,0.0,2,No
CX01380,51,Gaming,Referral,Mobile,21,Month-to-month,Standard,2,True,16.06,312.3,Credit card,True,0,2,4.8,True,16,4.8,1.3,3,54.0,7.3,8,False,6.1,True,12.1,0,No
CX01381,38,Productivity,Paid Social,Tablet,4,Month-to-month,Basic,2,False,16.42,62.86,Digital wallet,True,0,3,17.7,True,20,13.5,4.5,1,40.5,6.5,9,False,1.9,True,5.3,1,No
CX01382,29,Fitness,Paid Social,Tablet,27,Annual,Standard,4,True,13.11,312.27,Debit card,True,1,2,4.5,True,26,6.8,2.9,30,32.7,8.5,8,False,1.2,True,8.2,0,No
CX01383,22,Streaming,Paid Social,Mobile,38,Two year,Standard,1,False,14.84,515.04,UPI / Instant transfer,True,0,1,3.4,True,12,3.0,0.6,1,49.3,8.7,9,True,5.9,False,0.0,0,No
CX01384,33,Fintech,Email Campaign,Mobile,4,Month-to-month,Premium,7,False,40.01,159.22,Digital wallet,True,0,3,7.2,True,25,13.9,5.8,3,55.8,8.4,8,False,3.0,False,0.0,1,Yes
CX01385,47,Gaming,Organic Search,Desktop,16,Month-to-month,Basic,2,False,12.87,182.32,Credit card,False,1,4,18.4,False,6,18.3,1.8,11,44.9,7.2,6,False,1.5,True,22.4,0,No
CX01386,53,Streaming,App Store,Desktop,9,Two year,Premium,4,False,31.53,269.68,Credit card,True,0,2,2.8,True,26,7.7,3.3,2,72.1,7.2,7,False,4.9,False,0.0,1,No
CX01387,29,Streaming,Organic Search,Mobile,15,Month-to-month,Premium,7,False,52.88,791.28,UPI / Instant transfer,False,1,5,28.5,True,13,4.3,0.9,2,56.8,6.9,5,False,0.2,False,0.0,2,No
CX01388,41,Streaming,Referral,Mobile,21,Annual,Standard,6,False,19.26,393.56,Debit card,True,0,4,7.4,True,15,21.4,5.4,7,43.5,9.6,10,False,4.8,False,0.0,0,No
CX01389,57,Streaming,Organic Search,Smart TV,36,Two year,Basic,3,False,8.25,278.32,UPI / Instant transfer,True,0,3,16.0,True,20,5.5,1.8,42,37.5,8.5,10,False,4.4,False,0.0,1,No
CX01390,44,Streaming,Email Campaign,Smart TV,29,Annual,Basic,1,False,8.09,212.94,Bank transfer,False,2,1,7.5,True,10,11.6,1.9,2,42.1,10.0,10,True,3.9,False,0.0,2,No
CX01391,18,News & Media,Influencer,Tablet,6,Month-to-month,Premium,4,True,38.93,221.26,Credit card,True,1,0,16.8,False,12,11.0,2.2,1,38.4,10.0,8,False,0.6,False,0.0,2,No
CX01392,26,Productivity,Referral,Mobile,21,Annual,Standard,4,False,14.89,299.38,Digital wallet,False,0,0,10.7,True,18,22.3,6.7,2,31.6,9.0,10,False,10.8,False,0.0,1,No
CX01393,23,Productivity,App Store,Mobile,19,Month-to-month,Premium,5,False,43.75,796.63,UPI / Instant transfer,True,0,4,19.0,True,21,44.9,15.7,4,38.9,7.7,8,True,7.5,True,10.6,0,No
CX01394,33,Productivity,Organic Search,Mobile,9,Month-to-month,Standard,1,False,10.27,88.93,Digital wallet,False,2,3,10.1,False,5,12.5,1.0,17,49.1,4.9,4,True,2.6,False,0.0,0,Yes
CX01395,40,Fintech,Paid Social,Desktop,29,Two year,Standard,2,True,10.88,301.77,Credit card,True,1,3,26.1,True,17,12.0,3.4,2,56.2,7.7,8,False,1.0,False,0.0,3,No
CX01396,34,Fintech,Referral,Desktop,18,Annual,Standard,4,False,24.38,397.27,Credit card,True,0,2,17.1,False,8,9.9,1.3,4,62.2,9.1,9,False,1.5,False,0.0,2,No
CX01397,31,Streaming,Influencer,Tablet,25,Month-to-month,Plus,2,False,22.21,495.19,Debit card,True,0,2,21.3,True,16,20.9,5.6,24,30.1,9.0,9,False,4.7,False,0.0,1,No
CX01398,50,Fintech,Organic Search,Desktop,29,Annual,Plus,4,True,34.85,1004.59,Bank transfer,True,0,2,31.3,False,9,21.0,3.2,6,51.9,8.2,7,False,1.3,False,0.0,2,No
CX01399,42,Streaming,Paid Social,Mobile,30,Annual,Plus,4,True,26.0,772.06,Credit card,True,4,6,14.3,True,24,5.4,2.2,20,32.3,6.7,4,True,0.3,False,0.0,0,No
CX01400,22,Streaming,Organic Search,Desktop,14,Annual,Basic,2,False,14.7,195.68,Credit card,True,0,4,29.3,False,3,11.0,0.6,24,46.0,5.1,8,True,4.4,False,0.0,0,Yes
CX01401,26,Fintech,App Store,Smart TV,15,Annual,Standard,2,False,13.95,198.92,Credit card,True,0,0,18.1,True,12,8.8,1.8,0,54.2,9.3,6,False,8.3,True,16.8,1,No
CX01402,18,News & Media,App Store,Mobile,24,Annual,Basic,2,True,11.25,262.83,Debit card,True,0,1,2.4,True,24,11.9,4.8,1,80.2,9.8,10,False,5.4,False,0.0,2,No
CX01403,60,Streaming,Paid Social,Mobile,8,Annual,Premium,4,False,37.09,285.87,Credit card,True,1,4,2.6,True,17,17.0,4.8,12,63.8,9.4,8,True,4.1,False,0.0,3,No
CX01404,62,Fintech,App Store,Mobile,11,Month-to-month,Plus,5,False,29.88,306.98,UPI / Instant transfer,False,1,4,6.4,True,25,15.0,6.2,3,50.8,7.0,4,True,3.2,False,0.0,0,No
CX01405,43,Streaming,App Store,Mobile,13,Month-to-month,Plus,4,False,24.8,313.12,UPI / Instant transfer,True,0,4,13.1,True,19,3.4,1.1,20,79.3,9.3,9,False,3.4,False,0.0,0,No
CX01406,31,Productivity,Paid Social,Desktop,15,Month-to-month,Standard,2,False,23.03,329.17,Debit card,True,0,2,4.4,False,5,7.0,0.6,5,37.2,7.1,6,True,1.5,False,0.0,1,Yes
CX01407,32,Cloud Storage,Organic Search,Mobile,23,Month-to-month,Premium,6,True,31.15,709.61,Credit card,True,0,3,23.7,True,16,4.0,1.1,17,55.2,6.4,7,False,5.7,False,0.0,0,Yes
CX01408,49,Fitness,Organic Search,Smart TV,10,Month-to-month,Basic,2,False,11.23,108.98,Credit card,False,0,0,13.8,True,17,3.1,0.9,11,73.0,7.3,9,False,4.9,False,0.0,0,No
CX01409,50,Productivity,Email Campaign,Smart TV,14,Month-to-month,Standard,3,False,20.06,264.78,Debit card,True,1,1,4.5,False,8,25.3,3.4,14,72.6,9.4,10,False,1.8,False,0.0,1,No
CX01410,18,Streaming,Referral,Desktop,6,Month-to-month,Premium,5,True,27.59,155.4,Credit card,False,1,1,4.2,False,11,2.3,0.4,9,53.4,7.4,7,True,10.5,False,0.0,2,Yes
CX01411,56,Fitness,App Store,Mobile,41,Month-to-month,Plus,7,True,39.35,1583.07,Credit card,True,0,1,18.1,True,14,32.4,7.6,6,48.1,7.3,6,False,10.5,False,0.0,0,No
CX01412,36,Fintech,Paid Social,Smart TV,23,Annual,Basic,4,False,20.7,444.06,UPI / Instant transfer,True,1,1,19.1,True,12,1.3,0.3,5,58.7,7.3,8,False,1.0,False,0.0,0,No
CX01413,50,Streaming,Email Campaign,Mobile,1,Month-to-month,Standard,1,True,22.23,19.9,UPI / Instant transfer,True,1,3,12.0,True,15,2.6,0.6,11,32.3,8.7,9,True,1.5,True,20.5,2,No
CX01414,32,Streaming,Referral,Desktop,21,Month-to-month,Plus,5,False,29.01,584.71,Digital wallet,False,1,0,14.5,True,20,1.8,0.6,7,50.1,9.9,10,False,0.9,False,0.0,3,No
CX01415,22,Fintech,Referral,Mobile,27,Annual,Standard,5,False,27.07,682.97,UPI / Instant transfer,False,0,6,5.4,False,10,9.3,1.6,17,46.7,7.4,8,False,7.3,False,0.0,1,Yes
CX01416,26,Cloud Storage,Paid Social,Desktop,16,Month-to-month,Premium,4,False,31.0,443.76,UPI / Instant transfer,True,0,4,10.5,True,17,45.9,13.0,5,39.1,9.6,9,False,2.2,True,17.5,1,No
CX01417,33,Productivity,App Store,Mobile,18,Month-to-month,Basic,4,False,15.96,286.39,Digital wallet,False,1,1,10.1,True,15,6.9,1.7,5,57.1,9.5,10,False,0.5,False,0.0,4,No
CX01418,29,Productivity,Paid Social,Tablet,27,Month-to-month,Basic,4,True,15.93,407.26,Credit card,True,0,4,12.9,True,15,25.0,6.2,4,61.2,8.8,6,True,6.1,True,23.4,1,Yes
CX01419,36,Streaming,Influencer,Mobile,30,Two year,Premium,4,True,35.23,946.48,Credit card,True,1,0,23.2,False,16,4.4,1.2,2,45.0,6.3,7,False,3.4,False,0.0,0,Yes
CX01420,21,Gaming,Organic Search,Mobile,24,Month-to-month,Basic,4,False,14.67,340.69,UPI / Instant transfer,True,1,1,8.6,True,15,7.9,2.0,10,31.0,8.1,8,False,8.5,False,0.0,1,No
CX01421,42,Fintech,Referral,Desktop,3,Month-to-month,Standard,5,False,17.73,47.16,Credit card,True,0,2,2.6,True,13,18.6,4.0,1,27.5,6.4,7,False,10.5,True,16.9,1,No
CX01422,40,Fintech,Influencer,Tablet,10,Month-to-month,Basic,1,False,10.6,101.23,Credit card,True,1,1,10.5,True,12,4.1,0.8,3,58.1,9.3,6,False,6.1,True,5.5,2,No
CX01423,52,Productivity,Organic Search,Mobile,16,Annual,Premium,8,False,36.93,532.72,Credit card,False,0,5,20.0,True,22,7.8,2.9,10,53.6,6.2,7,False,2.8,False,0.0,0,Yes
CX01424,23,Streaming,Referral,Mobile,47,Two year,Basic,2,False,9.92,424.4,Digital wallet,True,0,0,10.6,True,14,3.8,0.9,4,47.0,7.3,8,True,0.8,False,0.0,0,No
CX01425,28,Gaming,Referral,Mobile,1,Month-to-month,Standard,2,False,14.33,13.25,Debit card,True,0,2,14.5,True,22,21.7,8.0,7,50.8,10.0,10,False,13.0,False,0.0,3,Yes
CX01426,40,Fintech,Influencer,Mobile,15,Two year,Basic,2,False,9.28,130.92,Credit card,True,0,3,10.2,True,20,21.6,7.2,6,80.3,8.5,7,False,2.3,False,0.0,1,No
CX01427,36,News & Media,Email Campaign,Tablet,47,Annual,Standard,3,False,19.39,904.13,UPI / Instant transfer,True,0,0,12.8,False,10,13.6,2.3,8,66.9,7.5,8,False,2.5,False,0.0,1,No
CX01428,36,Productivity,Paid Social,Desktop,34,Two year,Standard,3,False,16.88,554.61,Credit card,True,0,0,9.6,True,15,2.9,0.7,1,48.3,8.2,8,False,3.5,False,0.0,3,No
CX01429,36,Productivity,Organic Search,Mobile,9,Annual,Basic,2,False,15.37,124.88,Credit card,True,0,2,6.1,True,15,8.7,2.2,6,29.2,8.4,9,True,1.0,True,11.1,1,No
CX01430,45,Productivity,App Store,Mobile,38,Two year,Standard,1,False,13.02,466.4,UPI / Instant transfer,True,1,1,6.6,True,12,29.2,5.8,5,37.9,6.3,5,False,4.6,False,0.0,0,No
CX01431,52,News & Media,Paid Social,Smart TV,12,Month-to-month,Basic,2,True,11.47,127.19,Debit card,False,4,4,7.7,True,19,5.7,1.8,2,42.7,7.7,7,True,19.0,True,9.9,0,Yes
CX01432,32,Fintech,Referral,Desktop,79,Two year,Basic,2,False,10.35,783.14,Credit card,True,1,3,9.1,False,7,13.8,1.6,12,50.6,8.3,8,False,9.4,False,0.0,2,No
CX01433,42,Fintech,Paid Social,Mobile,24,Annual,Premium,3,False,40.36,943.19,Debit card,True,0,3,9.6,True,23,15.9,6.1,3,46.0,7.0,7,False,3.5,True,15.7,0,No
CX01434,47,Fintech,Organic Search,Tablet,19,Month-to-month,Plus,2,False,18.05,311.81,Debit card,True,0,0,0.9,True,22,36.4,13.3,3,26.7,8.6,8,False,2.4,True,17.9,3,No
CX01435,18,Productivity,Organic Search,Mobile,17,Month-to-month,Plus,4,True,28.17,441.15,Digital wallet,False,2,4,9.9,True,29,11.8,5.7,27,36.7,8.7,10,False,5.2,False,0.0,1,No
CX01436,33,Productivity,App Store,Tablet,10,Month-to-month,Standard,3,False,22.25,212.73,Credit card,False,4,1,20.0,False,11,0.5,0.1,15,46.5,7.7,7,False,2.4,True,25.9,4,Yes
CX01437,18,Gaming,Email Campaign,Desktop,2,Month-to-month,Standard,2,True,22.44,44.37,UPI / Instant transfer,True,2,1,10.8,True,13,23.6,5.1,5,37.2,8.8,9,True,1.8,False,0.0,1,Yes
CX01438,53,Fintech,Email Campaign,Desktop,2,Month-to-month,Standard,4,True,22.35,41.8,Credit card,False,0,4,9.6,True,17,8.9,2.5,8,31.1,6.3,8,True,4.7,True,21.2,1,No
CX01439,46,Fitness,Influencer,Mobile,34,Month-to-month,Plus,4,False,25.31,759.17,Bank transfer,True,0,5,6.2,True,11,18.1,3.3,1,60.8,7.4,6,False,4.0,True,27.2,1,No
CX01440,43,Fintech,App Store,Mobile,8,Month-to-month,Standard,2,False,20.88,155.25,Credit card,True,0,1,7.4,True,25,10.9,4.5,1,48.1,7.8,8,True,1.5,False,0.0,0,Yes
CX01441,33,Productivity,Email Campaign,Mobile,18,Month-to-month,Basic,2,False,8.86,145.33,Digital wallet,False,0,1,1.5,True,16,7.1,1.9,3,48.8,7.7,7,True,1.2,True,31.3,1,No
CX01442,18,Fintech,Influencer,Desktop,8,Month-to-month,Basic,4,False,21.32,167.91,Digital wallet,False,0,3,9.0,True,15,2.9,0.7,6,21.7,7.8,6,False,4.0,False,0.0,0,No
CX01443,47,Fitness,App Store,Tablet,14,Month-to-month,Plus,3,False,24.87,317.62,Bank transfer,False,1,3,8.9,True,17,13.7,3.9,27,36.1,8.1,8,False,2.6,False,0.0,1,No
CX01444,56,Fintech,Paid Social,Desktop,21,Two year,Basic,5,False,17.31,335.43,Debit card,True,0,3,7.1,False,5,5.2,0.4,3,43.6,9.5,8,False,3.3,False,0.0,0,No
CX01445,45,Gaming,Organic Search,Mobile,47,Annual,Standard,6,False,28.77,1250.95,Debit card,True,0,3,25.6,True,19,5.7,1.8,5,55.6,6.3,8,False,2.5,False,0.0,1,No
CX01446,24,Streaming,Paid Social,Mobile,26,Annual,Premium,5,False,49.62,1171.1,Digital wallet,False,1,2,5.2,True,22,16.6,6.1,3,77.4,9.0,8,False,1.4,True,3.0,2,No
CX01447,51,Productivity,App Store,Mobile,41,Two year,Plus,5,False,21.77,831.94,Debit card,True,4,3,5.7,True,17,2.0,0.6,8,51.6,7.1,7,False,8.3,False,0.0,0,No
CX01448,33,Streaming,Organic Search,Desktop,8,Annual,Standard,2,True,15.56,121.48,Credit card,True,2,3,4.4,True,14,5.9,1.4,3,44.3,8.1,5,False,4.9,False,0.0,0,No
CX01449,40,Gaming,Organic Search,Mobile,81,Two year,Basic,1,True,6.62,497.36,UPI / Instant transfer,True,0,2,4.9,True,19,5.7,1.8,2,60.4,8.2,5,False,2.8,False,0.0,1,No
CX01450,47,Gaming,App Store,Mobile,14,Annual,Plus,3,False,24.21,328.16,Credit card,False,1,2,3.8,True,13,4.0,0.9,2,26.5,10.0,10,False,20.5,False,0.0,1,No
CX01451,49,Fitness,Influencer,Mobile,11,Month-to-month,Basic,2,False,9.93,96.82,Debit card,False,2,3,30.7,True,16,6.8,1.8,2,61.3,8.3,9,False,3.4,True,15.6,2,No
CX01452,35,Fitness,Referral,Desktop,31,Annual,Standard,2,False,19.8,591.57,UPI / Instant transfer,True,1,3,3.8,False,2,6.0,0.2,10,38.3,9.2,10,False,1.9,False,0.0,2,No
CX01453,33,Streaming,Referral,Mobile,9,Month-to-month,Standard,3,False,14.1,112.33,Debit card,True,0,2,36.8,False,7,6.6,0.8,14,69.7,7.2,9,True,2.4,False,0.0,1,No
CX01454,51,Gaming,App Store,Desktop,10,Month-to-month,Plus,4,False,32.82,303.29,Digital wallet,False,1,3,1.8,True,16,12.8,3.4,2,30.3,8.2,10,True,1.3,True,5.0,2,No
CX01455,35,Gaming,Organic Search,Mobile,8,Month-to-month,Basic,1,False,7.67,57.14,Bank transfer,False,0,0,7.7,True,17,6.1,1.7,1,64.1,6.7,6,False,6.4,False,0.0,1,No
CX01456,31,Productivity,Email Campaign,Desktop,53,Two year,Basic,4,True,15.93,806.37,Digital wallet,True,0,3,8.7,True,19,13.1,4.1,8,29.9,10.0,10,False,3.8,True,18.3,2,No
CX01457,34,Streaming,Influencer,Mobile,3,Month-to-month,Premium,2,False,26.35,73.6,Debit card,False,1,2,1.9,True,15,26.3,6.6,11,37.4,7.8,9,False,3.9,False,0.0,1,No
CX01458,43,Streaming,Paid Social,Smart TV,15,Annual,Standard,5,False,17.69,237.1,Digital wallet,True,1,4,15.9,False,4,7.2,0.5,17,84.6,8.1,8,False,2.4,False,0.0,0,No
CX01459,44,Productivity,Organic Search,Mobile,4,Month-to-month,Plus,1,False,26.83,95.78,Credit card,False,1,3,14.9,True,24,3.4,1.4,19,34.2,7.0,7,False,10.8,False,0.0,0,Yes
CX01460,54,Fintech,Email Campaign,Mobile,13,Month-to-month,Standard,4,False,20.98,268.95,UPI / Instant transfer,False,0,3,12.8,True,29,16.9,8.2,18,49.4,8.8,8,True,1.5,False,0.0,2,No
CX01461,51,Streaming,Email Campaign,Mobile,30,Annual,Basic,2,False,13.36,380.09,Credit card,True,0,1,27.4,True,16,10.4,2.8,5,42.3,7.2,6,False,7.1,False,0.0,0,No
CX01462,37,Productivity,Organic Search,Desktop,18,Month-to-month,Basic,3,False,15.48,260.41,Bank transfer,True,1,2,5.0,False,7,20.8,2.4,3,33.6,8.0,6,False,6.3,False,0.0,2,No
CX01463,38,Streaming,Organic Search,Mobile,39,Annual,Basic,2,False,10.58,372.48,Credit card,True,2,2,9.5,True,15,11.3,2.8,5,76.6,10.0,10,False,6.1,False,0.0,1,No
CX01464,23,News & Media,Paid Social,Mobile,17,Month-to-month,Basic,3,False,11.45,178.8,Debit card,False,1,5,48.7,True,22,33.6,12.3,9,55.4,6.3,8,True,2.5,True,19.7,1,Yes
CX01465,31,Streaming,Organic Search,Mobile,25,Annual,Standard,3,False,18.15,420.94,Bank transfer,True,0,2,12.7,False,6,8.7,0.9,10,63.3,8.1,8,False,6.5,False,0.0,1,No
CX01466,65,Fitness,Referral,Mobile,4,Month-to-month,Standard,1,False,10.1,40.22,UPI / Instant transfer,False,1,3,8.8,True,13,32.1,7.0,8,46.4,8.8,8,True,7.9,False,0.0,8,No
CX01467,38,Fintech,Referral,Mobile,34,Month-to-month,Basic,2,True,8.75,281.92,Digital wallet,True,1,6,12.7,True,13,19.9,4.3,5,50.3,8.4,8,True,0.8,False,0.0,2,Yes
CX01468,18,Cloud Storage,Paid Social,Smart TV,14,Month-to-month,Premium,3,False,33.79,432.2,Bank transfer,False,3,0,1.6,False,4,18.7,1.2,14,59.8,9.5,10,False,2.9,False,0.0,0,No
CX01469,41,Productivity,App Store,Desktop,32,Two year,Plus,3,False,18.13,526.33,Credit card,True,0,6,7.9,True,29,16.5,8.0,6,41.2,9.4,9,True,6.2,True,22.3,0,No
CX01470,35,Fintech,Email Campaign,Mobile,13,Month-to-month,Plus,8,False,47.28,587.01,UPI / Instant transfer,True,1,1,8.3,True,20,6.9,2.3,19,32.5,9.0,8,False,2.4,False,0.0,4,No
CX01471,36,Streaming,App Store,Mobile,47,Annual,Basic,3,False,17.38,761.93,Bank transfer,False,1,4,15.3,True,17,13.5,3.8,22,50.3,8.7,9,False,13.7,False,0.0,1,No
CX01472,54,Fitness,Influencer,Tablet,11,Month-to-month,Premium,4,False,31.42,341.12,Credit card,True,0,0,34.4,True,24,3.7,1.5,2,25.0,7.1,6,False,3.7,False,0.0,0,No
CX01473,18,Cloud Storage,App Store,Smart TV,11,Month-to-month,Standard,2,False,18.11,181.9,UPI / Instant transfer,False,0,2,0.9,False,12,5.2,1.0,15,45.0,9.6,8,False,1.6,False,0.0,4,No
CX01474,49,Fitness,Referral,Mobile,2,Month-to-month,Standard,2,False,21.25,37.98,Credit card,True,1,4,32.1,True,16,11.9,3.2,13,43.6,8.0,9,False,1.2,False,0.0,3,Yes
CX01475,46,Fintech,Organic Search,Mobile,12,Annual,Plus,5,False,30.46,338.17,Debit card,True,0,4,31.1,True,19,9.2,2.9,13,65.1,7.4,9,False,0.8,False,0.0,0,Yes
CX01476,30,News & Media,Organic Search,Tablet,3,Month-to-month,Standard,3,False,22.55,63.54,Debit card,False,0,2,4.1,False,5,5.7,0.5,2,39.0,8.9,8,False,1.0,False,0.0,0,Yes
CX01477,32,Streaming,Paid Social,Mobile,22,Two year,Basic,3,False,14.03,291.35,Credit card,True,0,1,16.5,True,18,7.9,2.4,9,46.6,8.7,10,False,20.9,False,0.0,2,No
CX01478,35,Fitness,Organic Search,Desktop,25,Annual,Plus,3,False,17.48,430.35,Debit card,True,0,4,10.3,True,27,9.2,4.1,7,29.9,9.0,10,False,3.2,False,0.0,0,No
CX01479,33,Productivity,Paid Social,Mobile,11,Annual,Standard,4,False,18.46,185.85,UPI / Instant transfer,True,1,4,4.6,True,17,10.5,3.0,14,40.6,8.9,10,False,3.5,False,0.0,0,No
CX01480,44,Cloud Storage,Paid Social,Desktop,5,Month-to-month,Standard,2,False,19.99,99.19,Credit card,False,2,3,6.7,True,13,5.9,1.3,13,35.9,8.7,9,False,3.1,False,0.0,0,No
CX01481,41,Productivity,Referral,Mobile,13,Month-to-month,Plus,5,False,17.97,221.28,Credit card,True,0,1,16.7,True,24,43.4,17.4,3,32.7,7.6,7,False,5.9,False,0.0,1,Yes
CX01482,20,Streaming,Paid Social,Smart TV,21,Month-to-month,Plus,2,False,17.6,361.91,Credit card,True,0,1,18.9,True,18,2.4,0.7,9,46.9,9.6,10,False,6.9,False,0.0,1,No
CX01483,33,Productivity,App Store,Mobile,8,Annual,Premium,6,False,30.52,243.03,Credit card,True,0,5,21.6,True,22,13.9,5.1,24,33.7,7.8,7,True,2.4,False,0.0,1,No
CX01484,29,Cloud Storage,Paid Social,Tablet,7,Month-to-month,Basic,1,False,9.75,65.12,UPI / Instant transfer,False,1,1,5.8,True,18,5.0,1.5,12,41.2,8.7,7,False,14.3,False,0.0,1,No
CX01485,33,Productivity,Paid Social,Mobile,15,Month-to-month,Standard,3,False,16.01,225.07,Bank transfer,True,0,1,16.5,True,23,29.5,11.3,1,40.8,8.8,8,False,6.3,False,0.0,1,No
CX01486,45,Cloud Storage,Influencer,Desktop,11,Month-to-month,Basic,1,True,10.98,113.3,UPI / Instant transfer,True,0,3,19.6,True,13,15.4,3.3,7,69.1,8.4,10,False,2.0,False,0.0,0,No
CX01487,46,Fitness,Email Campaign,Mobile,22,Month-to-month,Basic,1,True,8.05,159.05,Digital wallet,True,0,0,13.0,False,6,52.6,5.3,11,49.6,10.0,7,False,3.2,False,0.0,5,No
CX01488,30,Streaming,Referral,Mobile,33,Two year,Plus,2,True,19.13,616.96,Credit card,True,0,0,2.5,True,18,8.1,2.4,11,64.4,8.8,10,False,9.6,False,0.0,1,No
CX01489,33,Cloud Storage,Organic Search,Desktop,8,Annual,Basic,3,False,12.59,89.88,UPI / Instant transfer,True,0,8,3.2,True,17,10.8,3.1,18,36.5,8.6,6,False,4.9,False,0.0,0,No
CX01490,25,Fitness,App Store,Desktop,33,Month-to-month,Standard,3,False,17.71,572.41,Buy now pay later,False,2,3,7.5,False,9,4.9,0.7,4,48.8,5.0,5,False,0.5,False,0.0,0,No
CX01491,22,Fintech,Organic Search,Mobile,10,Annual,Premium,5,False,26.83,237.76,Buy now pay later,True,0,2,38.2,True,29,16.9,8.2,7,44.1,9.1,9,True,4.9,False,0.0,0,No
CX01492,33,Streaming,Referral,Smart TV,25,Month-to-month,Plus,5,False,39.0,887.94,Credit card,False,1,5,8.8,True,11,9.5,1.7,14,63.9,6.8,7,False,3.6,False,0.0,0,No
CX01493,23,Fintech,Paid Social,Desktop,20,Annual,Basic,2,False,9.94,175.44,Credit card,True,0,2,12.7,True,12,11.1,2.2,7,52.2,7.6,8,True,2.3,True,16.8,2,No
CX01494,37,Streaming,Paid Social,Mobile,27,Annual,Premium,3,False,24.84,594.78,Debit card,False,2,0,15.6,True,23,10.1,3.9,8,61.4,8.1,7,True,8.9,False,0.0,3,No
CX01495,46,Cloud Storage,Referral,Desktop,5,Month-to-month,Standard,2,False,12.69,57.87,Credit card,True,1,2,10.6,True,14,8.1,1.9,3,44.1,8.7,8,True,0.3,False,0.0,3,No
CX01496,28,Productivity,Paid Social,Mobile,19,Month-to-month,Basic,3,False,14.94,260.45,Buy now pay later,True,0,0,15.0,True,9,25.6,3.8,18,34.8,8.9,7,False,3.6,True,3.9,1,No
CX01497,54,Fitness,Influencer,Mobile,18,Month-to-month,Basic,2,False,8.74,142.03,Credit card,False,2,1,2.4,True,9,3.3,0.5,6,59.9,10.0,10,True,1.8,True,23.1,4,No
CX01498,32,Fitness,Paid Social,Desktop,17,Month-to-month,Basic,3,False,14.02,219.88,Debit card,True,0,2,5.5,False,7,13.9,1.6,7,45.4,7.7,6,True,3.9,True,13.7,2,No
CX01499,39,Fintech,App Store,Mobile,14,Month-to-month,Standard,3,True,19.13,248.64,Buy now pay later,False,0,8,23.2,True,18,16.0,4.8,1,24.1,5.8,6,False,2.3,False,0.0,0,Yes
CX01500,55,Streaming,Paid Social,Mobile,18,Annual,Standard,3,False,17.66,297.13,Buy now pay later,False,1,2,3.1,True,17,23.4,6.6,12,54.0,7.5,8,False,4.3,False,0.0,3,No
CX01501,56,Cloud Storage,App Store,Mobile,19,Month-to-month,Plus,2,False,19.55,331.3,UPI / Instant transfer,False,0,1,2.5,True,22,7.2,2.6,5,55.6,9.1,9,False,2.1,True,9.3,1,No
CX01502,32,Productivity,Referral,Desktop,35,Annual,Standard,3,False,15.06,471.59,Debit card,True,0,1,13.9,True,12,9.2,1.8,5,40.8,9.2,10,False,4.1,False,0.0,3,No
CX01503,33,Productivity,Organic Search,Tablet,13,Month-to-month,Basic,2,False,12.9,158.93,UPI / Instant transfer,True,1,0,36.8,True,12,16.2,3.2,18,58.8,9.2,10,False,6.4,False,0.0,3,No
CX01504,33,Fitness,Paid Social,Tablet,7,Annual,Standard,3,False,19.31,133.57,Credit card,True,0,1,26.3,False,12,10.5,2.1,30,20.5,8.4,8,False,3.7,False,0.0,2,No
CX01505,62,Streaming,Paid Social,Smart TV,8,Annual,Standard,4,False,16.95,121.82,Credit card,True,0,1,3.9,False,7,6.6,0.8,22,45.3,9.3,10,True,5.8,True,14.0,2,No
CX01506,31,Streaming,Paid Social,Desktop,9,Month-to-month,Basic,1,False,8.61,68.79,UPI / Instant transfer,True,1,1,5.9,False,2,12.9,0.4,16,71.4,7.4,8,True,4.0,False,0.0,1,Yes
CX01507,51,Cloud Storage,App Store,Mobile,13,Annual,Standard,3,False,24.44,314.28,Credit card,True,0,3,8.7,False,7,9.8,1.1,2,54.4,10.0,10,False,9.8,False,0.0,5,No
CX01508,31,Streaming,Organic Search,Mobile,2,Month-to-month,Basic,2,False,9.0,17.46,Credit card,True,1,4,4.1,True,12,9.1,1.8,8,78.0,9.3,7,False,3.9,True,23.6,1,No
CX01509,33,Fintech,Organic Search,Tablet,21,Annual,Standard,3,False,20.15,394.79,Bank transfer,True,0,3,14.9,True,11,10.6,1.9,7,26.5,7.7,6,False,1.4,False,0.0,1,Yes
CX01510,29,Fitness,Organic Search,Mobile,6,Month-to-month,Basic,1,False,7.86,45.95,Credit card,True,0,1,21.6,True,21,22.3,7.8,6,31.8,6.8,6,False,4.4,False,0.0,3,No
CX01511,26,Fitness,Email Campaign,Desktop,8,Month-to-month,Standard,2,True,15.7,110.81,Digital wallet,False,3,2,17.9,True,18,14.1,4.2,6,16.2,7.9,9,False,15.7,False,0.0,1,Yes
CX01512,19,Gaming,Paid Social,Smart TV,84,Two year,Basic,1,True,8.5,648.27,Credit card,False,0,0,11.7,False,6,4.9,0.5,8,61.8,8.4,8,False,3.1,False,0.0,2,No
CX01513,55,Streaming,Referral,Mobile,83,Two year,Plus,3,True,26.17,2150.26,UPI / Instant transfer,True,0,4,9.8,True,16,14.2,3.8,12,32.8,8.4,10,True,3.7,False,0.0,1,No
CX01514,32,News & Media,Paid Social,Mobile,29,Month-to-month,Basic,1,False,8.96,237.88,Credit card,True,0,0,15.9,True,19,23.3,7.4,7,64.2,8.0,7,True,2.0,False,0.0,2,Yes
CX01515,55,Productivity,Organic Search,Mobile,9,Month-to-month,Premium,5,False,32.49,272.17,Debit card,False,2,2,15.6,True,19,13.9,4.4,24,47.5,8.9,9,False,3.4,False,0.0,3,No
CX01516,29,Fintech,Influencer,Mobile,20,Month-to-month,Standard,2,True,19.48,349.37,UPI / Instant transfer,True,0,3,9.7,True,23,3.6,1.4,8,46.7,7.5,10,True,2.0,False,0.0,1,No
CX01517,36,News & Media,Paid Social,Desktop,9,Month-to-month,Standard,2,False,12.45,104.48,Bank transfer,True,1,2,22.3,False,4,14.9,1.0,4,47.5,7.6,9,False,1.1,False,0.0,1,No
CX01518,23,Streaming,Paid Social,Smart TV,9,Month-to-month,Plus,5,True,35.02,302.18,Credit card,True,0,3,6.3,True,18,8.9,2.7,8,31.5,9.0,7,False,6.1,False,0.0,0,No
CX01519,36,Productivity,Paid Social,Mobile,23,Month-to-month,Plus,3,False,31.25,674.8,Digital wallet,True,0,3,1.9,True,21,19.0,6.6,21,27.9,9.6,9,False,6.8,False,0.0,0,No
CX01520,49,Fintech,Organic Search,Desktop,12,Month-to-month,Basic,2,True,8.18,89.19,UPI / Instant transfer,True,0,4,2.4,False,5,12.8,1.1,15,45.3,10.0,10,True,3.6,False,0.0,3,Yes
CX01521,47,Streaming,Organic Search,Mobile,26,Month-to-month,Basic,1,False,10.63,274.26,UPI / Instant transfer,False,3,1,19.6,True,18,4.1,1.2,9,39.7,8.7,8,False,2.7,False,0.0,1,No
CX01522,38,Streaming,App Store,Mobile,11,Month-to-month,Basic,1,True,9.33,102.56,Bank transfer,False,1,1,3.7,True,21,8.9,3.1,1,47.6,8.7,10,False,4.9,False,0.0,0,Yes
CX01523,41,News & Media,Organic Search,Desktop,33,Two year,Plus,3,False,31.88,963.07,Digital wallet,True,1,2,3.9,False,5,34.1,2.8,22,86.0,7.5,10,False,3.3,False,0.0,0,No
CX01524,20,Gaming,Organic Search,Mobile,41,Annual,Standard,4,False,18.61,696.7,UPI / Instant transfer,False,1,1,4.9,True,28,2.2,1.0,8,71.5,9.1,9,True,5.0,False,0.0,0,No
CX01525,35,Fintech,Organic Search,Tablet,14,Annual,Plus,2,True,22.94,311.23,Credit card,True,1,4,25.8,False,9,8.5,1.3,25,59.4,8.8,6,False,2.1,False,0.0,3,No
CX01526,42,Cloud Storage,Referral,Mobile,16,Annual,Plus,2,True,20.92,334.04,Debit card,True,0,3,18.9,True,22,6.8,2.5,9,58.1,8.5,10,True,7.0,False,0.0,4,Yes
CX01527,53,Fitness,Paid Social,Mobile,11,Month-to-month,Basic,3,True,13.22,143.15,Buy now pay later,False,0,4,21.9,True,12,10.7,2.1,8,60.2,7.0,8,True,8.3,True,23.2,3,Yes
CX01528,45,News & Media,Paid Social,Desktop,42,Annual,Standard,7,False,25.48,1068.47,Digital wallet,False,1,1,7.5,True,16,8.1,2.2,3,34.0,9.8,10,True,9.4,False,0.0,2,No
CX01529,19,News & Media,Referral,Mobile,49,Two year,Premium,6,False,38.9,1798.2,Debit card,True,0,5,5.7,True,24,9.6,3.8,2,56.2,7.5,10,True,2.5,False,0.0,1,No
CX01530,38,Streaming,Organic Search,Desktop,28,Two year,Basic,4,True,21.29,569.45,UPI / Instant transfer,False,1,5,10.8,True,14,28.6,6.7,3,39.1,6.9,8,False,2.9,False,0.0,1,No
CX01531,18,Streaming,Email Campaign,Smart TV,31,Month-to-month,Standard,4,False,19.92,563.58,Digital wallet,False,0,5,10.0,False,6,12.8,1.3,23,19.2,8.8,7,False,6.2,False,0.0,3,No
CX01532,40,Fitness,Organic Search,Mobile,35,Two year,Basic,3,False,15.04,512.73,Digital wallet,True,0,3,13.6,True,20,16.1,5.4,6,54.9,7.8,9,False,1.8,False,0.0,0,No
CX01533,37,News & Media,Paid Social,Mobile,19,Annual,Premium,8,False,47.56,896.98,Credit card,True,0,5,19.3,True,33,10.2,5.6,3,45.3,8.4,7,True,3.1,True,3.6,1,Yes
CX01534,30,Productivity,App Store,Mobile,17,Month-to-month,Basic,1,False,8.53,138.4,Credit card,False,1,4,3.1,True,14,1.4,0.3,4,46.0,8.7,10,False,4.9,False,0.0,1,Yes
CX01535,19,Fintech,Organic Search,Tablet,33,Annual,Basic,1,False,10.2,312.35,UPI / Instant transfer,False,0,1,7.9,False,4,6.0,0.4,9,28.6,7.1,9,False,3.5,False,0.0,2,No
CX01536,44,Fitness,Influencer,Desktop,23,Month-to-month,Standard,2,False,18.4,378.78,Bank transfer,True,0,2,31.3,False,9,19.4,2.9,23,40.3,7.2,5,False,3.9,False,0.0,2,No
CX01537,20,News & Media,Email Campaign,Smart TV,10,Month-to-month,Standard,2,False,16.72,165.74,Credit card,True,0,1,5.4,True,17,8.0,2.3,3,49.6,8.7,10,False,2.2,True,15.8,3,No
CX01538,47,Productivity,Organic Search,Desktop,6,Month-to-month,Plus,6,False,35.12,202.23,UPI / Instant transfer,False,0,2,16.5,True,19,11.8,3.7,8,29.4,8.6,10,False,4.9,False,0.0,2,No
CX01539,41,Streaming,Paid Social,Desktop,62,Annual,Basic,2,False,11.32,650.85,Bank transfer,False,2,7,3.4,True,17,18.9,5.4,19,53.6,8.8,7,True,5.9,True,10.6,2,No
CX01540,28,Fintech,Influencer,Mobile,14,Month-to-month,Basic,1,False,10.02,134.46,Debit card,True,1,0,8.8,True,12,8.9,1.8,16,29.1,9.3,9,False,0.7,True,21.5,2,No
CX01541,18,Gaming,App Store,Desktop,7,Month-to-month,Standard,2,False,18.39,117.85,Credit card,True,1,1,5.3,True,22,2.9,1.1,4,76.7,9.9,10,True,1.6,True,29.9,0,No
CX01542,46,Fintech,Referral,Desktop,23,Month-to-month,Basic,4,False,20.8,442.54,Debit card,True,0,3,5.5,True,16,38.7,10.3,7,50.4,7.0,6,True,2.3,False,0.0,1,No
CX01543,35,Fintech,App Store,Mobile,15,Month-to-month,Plus,7,True,31.1,429.15,Credit card,True,2,4,5.9,True,20,12.3,4.1,12,71.5,8.4,9,True,9.2,False,0.0,1,No
CX01544,30,Fintech,Paid Social,Mobile,31,Annual,Standard,3,True,23.91,664.33,Digital wallet,True,0,1,4.7,True,27,6.8,3.1,3,54.1,8.7,10,False,6.4,False,0.0,1,No
CX01545,44,Fitness,Paid Social,Mobile,20,Month-to-month,Premium,2,False,26.44,528.26,Debit card,True,0,5,19.9,True,23,7.6,2.9,2,47.4,10.0,10,False,0.1,False,0.0,0,No
CX01546,26,Fitness,Influencer,Smart TV,24,Annual,Basic,1,False,7.08,163.4,UPI / Instant transfer,True,1,0,3.7,False,6,2.9,0.3,2,52.6,7.8,8,True,16.5,False,0.0,0,No
CX01547,38,Cloud Storage,Paid Social,Desktop,4,Annual,Standard,1,False,17.7,62.77,Credit card,True,1,2,13.0,False,8,9.2,1.2,16,40.3,7.6,6,False,2.2,False,0.0,1,No
CX01548,60,Streaming,App Store,Tablet,26,Two year,Standard,2,False,12.27,318.78,Digital wallet,False,1,3,6.5,False,8,22.7,3.0,1,49.6,7.0,8,False,0.6,False,0.0,0,No
CX01549,32,Streaming,Referral,Mobile,19,Month-to-month,Premium,5,False,36.24,618.66,Debit card,True,0,2,7.5,True,18,16.8,5.0,5,52.5,8.3,7,True,7.8,False,0.0,3,No
CX01550,53,Productivity,App Store,Mobile,5,Month-to-month,Standard,1,True,12.39,61.18,UPI / Instant transfer,True,0,0,12.6,True,23,9.8,3.8,3,64.0,8.6,10,True,2.7,False,0.0,1,Yes
CX01551,33,News & Media,Organic Search,Mobile,13,Month-to-month,Plus,4,False,26.2,306.7,Debit card,True,1,5,8.6,True,18,3.0,0.9,2,57.9,7.7,7,False,1.4,True,30.8,0,No
CX01552,45,Streaming,Organic Search,Mobile,41,Month-to-month,Premium,5,True,32.36,1307.84,Bank transfer,True,0,4,11.0,True,23,3.7,1.4,26,56.2,6.0,5,False,2.6,False,0.0,0,No
CX01553,25,Streaming,Paid Social,Mobile,23,Month-to-month,Basic,4,True,14.66,301.89,Digital wallet,False,0,4,5.5,True,17,23.3,6.6,12,58.8,9.7,9,True,8.7,False,0.0,1,Yes
CX01554,51,Productivity,Email Campaign,Mobile,17,Annual,Standard,3,False,15.0,248.14,Credit card,True,0,2,2.4,True,15,21.3,5.3,3,32.6,8.9,7,True,0.8,True,25.6,0,No
CX01555,21,Streaming,Referral,Mobile,15,Month-to-month,Plus,3,False,18.96,264.51,Digital wallet,False,1,2,35.7,True,25,43.0,17.9,11,46.9,7.5,6,False,2.6,False,0.0,0,No
CX01556,65,News & Media,Organic Search,Desktop,13,Month-to-month,Premium,2,False,36.73,466.7,Credit card,True,0,3,10.6,True,35,1.7,1.0,4,58.7,9.3,8,True,5.7,True,5.4,1,No
CX01557,47,Fitness,App Store,Mobile,10,Month-to-month,Plus,2,False,25.16,231.66,Credit card,False,1,2,7.9,True,25,7.2,3.0,4,58.7,6.8,10,False,0.4,False,0.0,0,No
CX01558,40,Productivity,App Store,Desktop,15,Month-to-month,Plus,6,True,31.16,466.32,UPI / Instant transfer,True,0,3,16.4,True,17,15.5,4.4,1,40.0,8.3,8,False,11.2,False,0.0,1,Yes
CX01559,35,Streaming,App Store,Tablet,12,Annual,Standard,3,True,20.51,220.38,Debit card,True,0,1,16.5,False,5,10.3,0.9,7,42.9,6.6,7,False,2.6,False,0.0,0,No
CX01560,20,Productivity,Organic Search,Mobile,4,Month-to-month,Basic,1,True,7.34,27.52,Debit card,False,0,2,7.5,True,14,12.7,3.0,5,20.3,7.7,5,False,8.8,False,0.0,0,No
CX01561,47,Fitness,Influencer,Desktop,8,Month-to-month,Basic,2,False,10.32,77.24,Credit card,True,0,1,2.5,False,3,16.4,0.8,33,54.2,10.0,10,False,6.6,False,0.0,6,No
CX01562,36,Fitness,App Store,Mobile,21,Annual,Plus,5,True,18.6,389.15,Digital wallet,True,0,1,0.5,True,12,13.2,2.6,1,49.0,9.5,6,False,1.0,False,0.0,3,No
CX01563,33,Streaming,Paid Social,Mobile,23,Month-to-month,Standard,3,False,16.09,332.39,Credit card,True,0,1,23.0,True,20,14.6,4.9,21,51.8,9.3,8,True,1.1,False,0.0,2,No
CX01564,23,Fitness,Organic Search,Mobile,23,Annual,Premium,7,False,30.29,650.63,Credit card,True,0,5,8.1,True,31,18.9,9.8,30,69.2,8.2,8,True,6.8,False,0.0,0,No
CX01565,52,Fitness,Paid Social,Desktop,16,Month-to-month,Standard,4,True,16.86,258.19,Debit card,True,0,3,16.4,True,18,30.9,9.3,12,48.2,7.8,8,False,7.0,False,0.0,0,No
CX01566,18,Streaming,Paid Social,Mobile,10,Annual,Basic,1,False,7.68,69.76,Credit card,True,0,4,4.2,True,11,12.9,2.4,35,42.0,7.9,7,False,7.6,False,0.0,0,No
CX01567,22,Productivity,App Store,Desktop,22,Month-to-month,Basic,2,False,13.41,293.66,UPI / Instant transfer,False,0,3,27.3,True,17,20.2,5.7,9,24.8,7.8,4,True,3.4,True,22.1,0,No
CX01568,56,Fintech,App Store,Desktop,6,Month-to-month,Plus,3,False,26.61,159.52,Debit card,True,2,2,1.7,True,24,5.1,2.0,15,62.7,10.0,10,True,1.5,True,13.3,0,Yes
CX01569,18,Streaming,Paid Social,Smart TV,14,Annual,Premium,4,False,30.8,403.47,Credit card,True,0,2,2.8,True,24,12.9,5.2,5,57.7,9.6,8,True,2.7,True,5.7,2,No
CX01570,26,Fintech,Organic Search,Mobile,11,Month-to-month,Plus,2,False,28.21,279.56,Credit card,True,0,3,31.3,True,36,17.0,10.2,6,37.3,6.5,5,True,6.5,True,17.8,0,Yes
CX01571,43,News & Media,Organic Search,Mobile,45,Annual,Basic,1,True,8.54,348.91,Bank transfer,False,2,4,11.4,True,10,16.3,2.7,11,28.8,9.0,10,False,2.7,False,0.0,3,No
CX01572,44,Gaming,Influencer,Smart TV,32,Two year,Premium,4,True,25.17,764.55,Digital wallet,False,0,7,8.4,True,15,26.8,6.7,12,33.4,7.8,7,False,1.7,False,0.0,0,No
CX01573,18,Streaming,Organic Search,Desktop,15,Month-to-month,Standard,1,False,16.16,234.52,Credit card,True,0,2,5.8,False,8,8.2,1.1,6,31.3,8.0,7,False,4.5,True,18.4,1,No
CX01574,40,Cloud Storage,Organic Search,Mobile,18,Month-to-month,Standard,3,False,14.21,244.13,Bank transfer,True,0,0,18.4,True,13,2.5,0.5,2,44.1,7.4,5,False,8.3,False,0.0,3,No
CX01575,35,Streaming,Paid Social,Mobile,27,Annual,Plus,6,True,32.31,806.71,Digital wallet,False,0,4,13.0,False,9,6.7,1.0,5,63.4,8.4,10,True,3.2,False,0.0,1,No
CX01576,44,Streaming,App Store,Mobile,12,Month-to-month,Premium,6,False,32.3,372.73,Credit card,True,0,5,4.5,True,19,40.1,12.7,2,43.0,6.8,8,False,1.5,False,0.0,0,No
CX01577,54,Streaming,App Store,Desktop,30,Annual,Standard,3,False,25.79,726.69,Digital wallet,True,0,4,10.6,True,12,17.5,3.5,5,30.4,7.9,8,True,3.4,False,0.0,0,Yes
CX01578,28,Productivity,Paid Social,Mobile,5,Month-to-month,Premium,6,False,29.02,136.31,UPI / Instant transfer,False,0,3,8.2,True,22,9.9,3.6,23,54.8,7.8,9,False,2.4,False,0.0,0,Yes
CX01579,40,News & Media,App Store,Mobile,12,Month-to-month,Plus,5,False,29.42,349.88,Debit card,False,0,2,3.9,False,10,7.2,1.2,15,56.4,8.0,9,False,11.3,True,33.4,0,No
CX01580,59,Productivity,App Store,Mobile,3,Month-to-month,Premium,8,False,38.12,103.94,Debit card,False,0,6,19.9,True,15,29.7,7.4,8,55.7,7.0,4,False,0.4,False,0.0,0,Yes
CX01581,28,Gaming,Referral,Smart TV,27,Annual,Basic,2,True,10.86,260.11,Digital wallet,False,1,0,12.0,True,14,19.3,4.5,9,46.3,6.6,7,True,5.2,False,0.0,1,Yes
CX01582,50,Cloud Storage,App Store,Smart TV,11,Annual,Premium,5,False,30.76,322.67,Credit card,True,1,2,3.8,True,11,18.3,3.4,5,30.2,8.9,9,False,6.6,True,20.5,0,No
CX01583,55,Gaming,Organic Search,Tablet,7,Annual,Standard,2,False,14.26,92.05,Credit card,True,0,1,0.5,True,22,8.3,3.0,2,70.2,9.0,8,True,5.9,False,0.0,1,No
CX01584,28,Streaming,Paid Social,Mobile,21,Two year,Standard,3,False,23.3,434.11,UPI / Instant transfer,False,1,4,16.1,True,22,2.2,0.8,24,31.1,8.4,10,False,4.8,False,0.0,2,No
CX01585,43,Fitness,App Store,Mobile,26,Two year,Premium,4,False,30.41,747.63,Credit card,True,0,0,12.2,True,26,19.3,8.4,4,55.7,8.3,7,False,3.9,False,0.0,2,No
CX01586,33,News & Media,Paid Social,Mobile,9,Month-to-month,Standard,3,False,19.67,162.49,Digital wallet,True,2,3,1.2,True,16,10.9,2.9,24,41.9,7.8,7,False,4.3,True,25.1,1,No
CX01587,37,Streaming,Influencer,Mobile,14,Annual,Basic,3,False,13.92,184.53,Credit card,False,0,2,3.3,False,3,4.5,0.2,57,56.5,9.2,8,False,12.2,False,0.0,1,No
CX01588,64,Fintech,Influencer,Mobile,25,Month-to-month,Plus,2,False,17.95,407.66,Credit card,False,0,2,28.8,True,20,7.8,2.6,14,41.3,7.7,6,False,12.1,True,14.2,0,Yes
CX01589,41,Streaming,Paid Social,Smart TV,2,Month-to-month,Basic,3,False,14.73,26.57,Bank transfer,True,0,4,1.4,True,19,23.5,7.4,2,40.4,8.0,10,False,6.8,False,0.0,2,Yes
CX01590,29,Streaming,Influencer,Mobile,43,Annual,Premium,8,False,32.0,1288.59,Credit card,False,3,2,20.4,True,19,25.1,7.9,3,21.2,7.8,8,False,8.3,True,18.2,1,No
CX01591,48,Streaming,Referral,Desktop,13,Month-to-month,Premium,8,False,36.42,430.26,Digital wallet,True,1,3,7.0,False,10,6.7,1.1,11,38.7,5.9,4,True,3.7,True,13.4,0,Yes
CX01592,41,News & Media,Referral,Mobile,20,Month-to-month,Plus,5,False,38.16,701.93,UPI / Instant transfer,False,1,1,15.5,True,24,59.1,23.6,15,16.3,5.9,3,True,4.0,True,3.8,0,No
CX01593,64,Streaming,Referral,Desktop,17,Month-to-month,Premium,6,False,27.84,453.91,Debit card,True,0,5,8.6,True,26,13.4,5.8,2,52.5,8.1,9,False,2.9,False,0.0,1,Yes
CX01594,42,Productivity,Organic Search,Desktop,5,Annual,Premium,5,False,34.68,156.05,UPI / Instant transfer,False,0,1,7.7,False,11,4.1,0.8,4,47.1,8.2,8,False,3.8,False,0.0,0,No
CX01595,34,Fintech,Organic Search,Desktop,50,Two year,Standard,3,False,21.57,998.79,Digital wallet,False,3,3,24.0,False,9,8.3,1.2,0,45.0,8.8,9,False,2.8,False,0.0,1,No
CX01596,27,Productivity,Influencer,Desktop,21,Annual,Basic,2,False,11.77,245.13,Bank transfer,False,0,2,5.0,False,6,13.3,1.3,19,36.7,8.6,9,False,9.7,True,18.8,0,No
CX01597,20,Fintech,Email Campaign,Tablet,46,Annual,Premium,3,False,31.87,1439.0,UPI / Instant transfer,True,1,2,10.9,True,24,10.0,4.0,10,64.3,7.4,9,False,4.5,False,0.0,0,No
CX01598,18,Productivity,App Store,Desktop,20,Month-to-month,Basic,2,False,13.38,237.51,Digital wallet,True,2,4,11.4,True,22,16.0,5.9,15,33.7,6.4,6,False,2.0,True,13.5,0,No
CX01599,38,Streaming,Referral,Mobile,8,Month-to-month,Premium,8,True,34.19,266.5,Bank transfer,True,0,2,18.2,False,10,1.9,0.3,16,50.6,7.7,9,False,0.8,False,0.0,1,No
CX01600,38,Fitness,Paid Social,Mobile,22,Month-to-month,Standard,3,False,21.76,450.89,Digital wallet,True,0,0,11.1,False,6,14.3,1.4,1,44.7,8.7,10,False,4.0,False,0.0,4,No
CX01601,32,Fitness,Referral,Desktop,9,Annual,Standard,3,True,15.54,130.71,UPI / Instant transfer,True,2,3,3.3,False,2,6.6,0.2,11,39.8,8.1,8,False,11.5,False,0.0,1,No
CX01602,33,Productivity,Referral,Smart TV,30,Month-to-month,Standard,1,False,18.34,499.12,Credit card,True,0,0,13.6,True,14,18.5,4.3,25,59.2,9.0,9,True,11.9,True,11.8,1,Yes
CX01603,47,Gaming,Organic Search,Mobile,11,Month-to-month,Plus,2,False,20.35,215.29,Credit card,True,0,1,17.2,True,19,15.1,4.8,6,26.9,8.2,9,False,4.3,False,0.0,2,No
CX01604,47,Gaming,Paid Social,Desktop,19,Two year,Basic,2,False,10.03,171.7,Debit card,True,2,2,18.3,False,6,19.2,1.9,17,65.6,6.4,6,False,0.8,False,0.0,0,Yes
CX01605,39,Streaming,Organic Search,Mobile,4,Month-to-month,Basic,4,False,21.81,86.74,Credit card,True,0,4,3.8,False,4,12.1,0.8,1,46.7,9.7,9,False,0.2,False,0.0,1,Yes
CX01606,38,Productivity,Organic Search,Mobile,18,Annual,Standard,3,False,18.82,323.62,UPI / Instant transfer,True,0,3,9.3,True,14,6.9,1.6,1,30.5,7.1,7,False,2.1,True,21.2,1,No
CX01607,37,Fitness,App Store,Desktop,19,Month-to-month,Plus,3,False,22.78,411.73,Credit card,True,0,2,2.3,True,25,9.2,3.8,9,35.0,8.5,9,False,10.3,False,0.0,2,No
CX01608,20,Fitness,App Store,Mobile,47,Two year,Plus,6,False,36.27,1561.81,Debit card,True,0,4,13.9,True,19,15.7,5.0,8,68.0,8.8,10,False,9.4,True,16.8,2,No
CX01609,38,Streaming,App Store,Tablet,16,Month-to-month,Premium,4,False,32.25,472.13,Credit card,False,0,1,5.2,True,21,11.1,3.9,4,26.2,8.5,9,True,16.1,False,0.0,1,Yes
CX01610,20,Fintech,Paid Social,Mobile,38,Annual,Premium,7,False,38.6,1320.29,Debit card,True,1,2,27.1,True,19,6.0,1.9,16,48.4,7.0,7,False,6.5,False,0.0,0,No
CX01611,38,Productivity,Organic Search,Desktop,20,Two year,Standard,1,False,13.7,250.34,Credit card,False,2,2,17.5,False,8,6.3,0.8,19,61.8,9.2,9,True,3.6,False,0.0,1,No
CX01612,26,Gaming,Referral,Mobile,14,Annual,Standard,4,False,21.46,269.05,UPI / Instant transfer,False,2,3,12.1,True,27,11.8,5.3,17,53.5,7.8,5,True,1.5,True,11.5,1,No
CX01613,36,Streaming,Referral,Desktop,8,Month-to-month,Premium,4,False,34.18,262.07,Credit card,True,0,2,17.8,True,17,34.3,9.7,1,39.5,9.3,9,True,9.2,False,0.0,2,No
CX01614,33,Streaming,Paid Social,Desktop,27,Two year,Basic,1,False,10.36,253.34,Buy now pay later,True,0,3,3.1,False,6,11.3,1.1,14,55.7,7.2,8,False,5.8,False,0.0,2,No
CX01615,18,Fintech,Influencer,Desktop,20,Annual,Basic,3,False,9.53,186.27,Debit card,False,1,1,6.5,True,16,8.7,2.3,22,46.9,9.1,7,False,2.7,False,0.0,1,No
CX01616,41,Streaming,Paid Social,Tablet,24,Annual,Plus,4,True,32.87,758.65,Credit card,True,1,7,7.2,True,20,6.4,2.1,1,53.8,7.9,8,True,4.1,False,0.0,1,No
CX01617,44,Cloud Storage,Paid Social,Mobile,34,Month-to-month,Standard,2,False,16.19,516.4,Debit card,False,1,2,18.0,True,10,14.8,2.5,18,54.7,9.2,9,False,1.3,False,0.0,1,No
CX01618,36,Fitness,Influencer,Mobile,20,Annual,Basic,1,True,11.94,237.6,Credit card,True,1,3,14.8,True,18,5.7,1.7,3,7.7,7.8,8,True,0.3,False,0.0,0,No
CX01619,32,Streaming,Influencer,Mobile,21,Two year,Standard,2,False,15.44,315.71,UPI / Instant transfer,True,1,1,26.4,True,17,23.2,6.6,20,55.0,7.7,8,False,9.8,False,0.0,2,No
CX01620,29,Fintech,Referral,Smart TV,26,Annual,Basic,3,False,11.73,301.74,Credit card,True,0,1,23.9,False,4,28.8,1.9,5,56.4,7.7,8,False,1.4,True,10.7,1,Yes
CX01621,31,Streaming,Paid Social,Desktop,17,Month-to-month,Standard,2,False,16.7,278.07,Bank transfer,True,1,1,6.3,True,24,8.4,3.4,18,50.8,7.7,8,False,4.4,False,0.0,2,No
CX01622,44,Cloud Storage,Email Campaign,Mobile,31,Two year,Basic,2,False,9.42,274.0,Credit card,True,0,0,21.7,True,21,10.0,3.5,13,44.0,8.7,8,False,1.2,True,13.8,0,No
CX01623,30,Productivity,App Store,Mobile,16,Month-to-month,Standard,4,False,21.14,335.43,UPI / Instant transfer,True,0,2,8.6,True,17,11.6,3.3,13,43.8,6.3,8,True,5.0,True,10.5,0,Yes
CX01624,42,Fintech,Email Campaign,Mobile,2,Month-to-month,Standard,1,False,11.81,22.54,Debit card,True,3,0,14.0,True,13,12.6,2.7,15,39.7,8.7,9,False,6.3,False,0.0,1,Yes
CX01625,25,Productivity,Paid Social,Desktop,37,Two year,Standard,5,True,36.87,1248.84,Credit card,True,1,0,7.8,True,21,15.2,5.3,12,54.3,9.5,10,False,3.2,False,0.0,0,No
CX01626,42,Streaming,App Store,Mobile,19,Annual,Standard,4,False,20.45,381.91,Bank transfer,True,0,3,22.2,True,15,9.4,2.4,9,49.2,6.9,5,True,5.6,False,0.0,1,No
CX01627,41,Gaming,Paid Social,Desktop,10,Month-to-month,Standard,2,False,14.55,140.5,Credit card,True,0,5,11.1,True,18,29.1,8.7,12,54.0,9.7,10,False,1.1,False,0.0,1,No
CX01628,47,Fitness,Paid Social,Smart TV,20,Annual,Standard,4,False,20.91,409.42,Bank transfer,True,2,0,19.7,False,9,15.9,2.4,1,61.8,8.5,9,False,2.3,False,0.0,2,No
CX01629,60,News & Media,Referral,Mobile,24,Two year,Standard,3,False,18.72,398.24,Debit card,True,0,1,8.4,True,18,23.6,7.1,5,53.9,8.0,9,True,6.9,False,0.0,2,No
CX01630,36,Productivity,App Store,Mobile,36,Two year,Standard,4,False,21.2,756.91,Digital wallet,True,1,4,10.7,True,15,6.7,1.7,15,54.5,9.0,9,False,1.9,False,0.0,1,No
CX01631,68,Fintech,Influencer,Mobile,8,Month-to-month,Standard,5,True,24.61,187.12,Credit card,False,1,3,16.7,True,16,12.1,3.2,2,70.6,9.5,9,True,1.0,True,10.9,1,No
CX01632,18,Streaming,Paid Social,Tablet,10,Month-to-month,Premium,2,True,24.44,215.09,Digital wallet,True,0,4,7.9,True,14,21.3,5.0,3,34.8,8.5,8,True,7.5,False,0.0,2,No
CX01633,18,Gaming,Paid Social,Mobile,29,Month-to-month,Standard,1,False,14.51,377.46,UPI / Instant transfer,True,1,3,17.5,True,17,15.3,4.3,19,35.8,8.1,10,True,2.6,False,0.0,0,Yes
CX01634,35,Streaming,Influencer,Desktop,17,Month-to-month,Standard,7,False,28.59,439.02,Credit card,True,0,4,19.5,False,3,10.8,0.5,76,38.1,7.8,7,False,7.3,False,0.0,2,No
CX01635,50,Fintech,Referral,Tablet,41,Month-to-month,Standard,2,False,17.45,675.3,Buy now pay later,False,1,1,4.3,True,24,16.3,6.5,3,34.8,6.3,4,True,5.2,True,8.4,0,Yes
CX01636,37,Fintech,Paid Social,Mobile,19,Month-to-month,Plus,5,False,27.03,466.06,Digital wallet,False,1,1,32.3,True,19,16.6,5.3,5,41.7,9.0,7,True,0.3,True,20.1,2,No
CX01637,62,Fintech,Organic Search,Mobile,25,Annual,Standard,1,False,12.55,313.27,Digital wallet,False,1,3,14.4,True,16,9.4,2.5,8,51.7,9.2,9,True,0.7,False,0.0,2,No
CX01638,49,Fintech,Influencer,Mobile,2,Month-to-month,Standard,2,False,12.37,23.0,Credit card,True,0,4,8.2,True,23,20.7,7.9,21,36.8,7.5,8,False,13.0,False,0.0,1,Yes
CX01639,28,Productivity,Organic Search,Mobile,20,Month-to-month,Plus,3,True,23.23,410.58,UPI / Instant transfer,True,0,2,13.0,True,15,12.0,3.0,6,79.5,7.7,6,True,1.4,False,0.0,1,Yes
CX01640,26,Fintech,Influencer,Desktop,50,Annual,Standard,5,True,16.48,779.18,UPI / Instant transfer,True,0,2,3.4,True,12,15.6,3.1,5,41.7,8.6,7,False,0.9,True,22.2,1,No
CX01641,54,Productivity,Paid Social,Tablet,10,Month-to-month,Plus,4,False,28.27,250.51,Debit card,True,0,4,14.7,True,19,12.3,3.9,0,42.0,6.2,6,True,12.9,False,0.0,0,No
CX01642,37,News & Media,Influencer,Desktop,9,Month-to-month,Standard,3,False,14.6,121.95,Credit card,True,1,2,0.9,True,13,13.5,2.9,4,51.8,8.6,8,False,0.9,False,0.0,1,No
CX01643,26,Gaming,App Store,Desktop,9,Annual,Basic,1,True,9.97,81.37,Credit card,True,0,1,20.9,False,8,4.5,0.6,12,5.4,8.6,10,False,1.0,False,0.0,1,No
CX01644,27,Streaming,Organic Search,Desktop,9,Month-to-month,Basic,3,True,16.98,146.4,Bank transfer,True,1,2,15.9,True,13,13.5,2.9,14,46.5,7.8,8,True,5.2,False,0.0,0,No
CX01645,23,Cloud Storage,Paid Social,Tablet,11,Month-to-month,Standard,3,False,20.65,207.34,Credit card,True,0,4,20.0,False,5,8.8,0.7,26,48.6,10.0,10,False,0.1,False,0.0,3,No
CX01646,18,Cloud Storage,Organic Search,Desktop,41,Annual,Basic,2,False,10.1,380.59,Credit card,True,1,1,15.9,True,18,7.6,2.3,0,25.2,5.6,5,False,6.3,False,0.0,0,No
CX01647,48,Gaming,Referral,Mobile,7,Month-to-month,Plus,4,False,39.76,263.18,Credit card,True,2,5,10.5,True,18,4.0,1.2,9,50.8,9.6,10,False,6.7,False,0.0,2,No
CX01648,39,Productivity,Paid Social,Desktop,22,Annual,Basic,2,True,11.18,230.02,Debit card,True,1,2,7.9,True,5,4.1,0.3,3,24.8,7.9,8,False,6.1,False,0.0,0,No
CX01649,47,News & Media,Organic Search,Mobile,11,Month-to-month,Premium,2,True,25.68,276.09,Credit card,True,1,3,13.1,True,22,14.1,5.2,2,52.3,10.0,10,True,7.5,True,16.5,5,No
CX01650,36,Streaming,App Store,Mobile,14,Two year,Premium,6,False,33.77,421.86,Credit card,True,0,7,15.5,True,20,44.0,14.7,11,56.8,8.1,8,False,3.3,False,0.0,0,No
CX01651,46,Fitness,Referral,Tablet,28,Month-to-month,Plus,5,False,34.47,855.95,Credit card,True,0,2,7.4,True,25,16.2,6.8,19,81.3,9.3,8,True,7.4,False,0.0,4,No
CX01652,22,Streaming,App Store,Mobile,33,Two year,Standard,3,False,16.21,523.56,UPI / Instant transfer,True,3,4,8.2,True,15,20.7,5.2,4,40.4,8.9,10,True,2.1,False,0.0,1,No
CX01653,41,Gaming,Influencer,Mobile,25,Annual,Standard,4,False,18.26,424.09,Bank transfer,False,2,4,19.9,True,20,18.5,6.2,18,44.8,7.5,6,True,2.9,True,15.2,1,Yes
CX01654,34,News & Media,App Store,Tablet,42,Two year,Basic,2,False,10.72,411.89,Buy now pay later,True,0,1,24.6,True,21,14.7,5.1,2,35.4,7.9,8,False,4.5,True,21.4,1,No
CX01655,21,Streaming,App Store,Mobile,43,Month-to-month,Standard,3,False,23.5,936.82,Credit card,False,2,1,6.3,True,15,28.6,7.2,8,64.1,9.5,10,False,3.9,False,0.0,4,Yes
CX01656,32,Fitness,Influencer,Mobile,11,Month-to-month,Standard,2,False,15.18,157.6,UPI / Instant transfer,True,1,2,5.5,True,19,3.5,1.1,11,55.3,8.7,7,True,2.7,False,0.0,3,No
CX01657,34,Streaming,Paid Social,Mobile,2,Month-to-month,Premium,5,True,32.18,63.3,Digital wallet,False,1,0,10.0,True,20,20.5,6.8,10,45.0,8.8,9,False,3.8,False,0.0,1,No
CX01658,18,News & Media,Organic Search,Mobile,23,Two year,Standard,7,False,28.54,583.36,Credit card,True,1,0,4.2,False,7,13.5,1.6,7,40.1,9.7,9,True,12.6,False,0.0,1,No
CX01659,54,Cloud Storage,App Store,Desktop,28,Month-to-month,Standard,2,True,11.59,291.28,Bank transfer,True,1,2,11.4,True,21,9.3,3.3,8,75.4,7.5,6,True,0.4,False,0.0,1,No
CX01660,48,Productivity,Email Campaign,Mobile,10,Month-to-month,Premium,3,False,27.3,255.46,Bank transfer,False,2,2,11.0,True,24,13.2,5.3,5,56.4,6.7,8,True,7.4,False,0.0,1,No
CX01661,34,Fitness,Email Campaign,Tablet,9,Month-to-month,Basic,2,False,12.6,103.17,Credit card,True,0,1,33.1,False,7,3.9,0.5,4,50.5,5.4,3,False,2.9,False,0.0,0,Yes
CX01662,27,Fitness,Organic Search,Mobile,59,Two year,Premium,6,True,30.96,1696.31,Buy now pay later,False,4,7,5.8,True,17,3.9,1.1,7,43.2,9.2,9,False,7.5,False,0.0,0,Yes
CX01663,50,Gaming,App Store,Mobile,9,Month-to-month,Standard,2,False,21.24,170.13,UPI / Instant transfer,False,1,3,15.1,True,14,7.1,1.7,2,35.1,7.8,8,False,1.7,False,0.0,0,No
CX01664,49,Fintech,Paid Social,Mobile,18,Month-to-month,Basic,2,True,11.37,187.4,Debit card,True,0,6,48.3,True,8,11.4,1.5,15,46.3,7.6,7,False,0.5,False,0.0,0,No
CX01665,22,Fitness,Paid Social,Mobile,3,Month-to-month,Standard,3,True,20.08,54.54,Credit card,True,0,0,33.5,True,16,6.8,1.8,11,69.7,6.1,6,False,4.6,False,0.0,0,No
CX01666,19,Cloud Storage,App Store,Desktop,13,Annual,Standard,3,False,19.55,233.48,Digital wallet,False,1,1,1.7,True,18,23.6,7.1,4,40.0,8.6,7,False,5.2,False,0.0,1,No
CX01667,52,Streaming,Paid Social,Tablet,8,Month-to-month,Standard,3,False,21.84,157.79,Debit card,False,2,6,3.7,False,7,8.5,1.0,6,61.7,7.9,6,True,1.7,False,0.0,2,Yes
CX01668,44,Fitness,App Store,Mobile,25,Month-to-month,Standard,4,False,19.53,478.86,Credit card,False,1,4,11.5,True,19,9.9,3.1,1,43.6,8.9,8,True,7.5,False,0.0,1,No
CX01669,47,Cloud Storage,Organic Search,Mobile,25,Month-to-month,Standard,1,False,13.96,339.27,Digital wallet,True,0,1,24.9,True,14,3.8,0.9,6,48.6,8.2,5,False,9.2,True,27.3,2,No
CX01670,20,Fintech,Paid Social,Desktop,21,Month-to-month,Standard,2,False,15.32,310.48,UPI / Instant transfer,True,2,4,7.0,False,11,16.8,3.1,6,48.9,9.0,9,False,0.9,False,0.0,1,Yes
CX01671,34,News & Media,App Store,Mobile,29,Month-to-month,Plus,3,True,20.98,606.46,Digital wallet,True,0,2,21.4,True,15,9.1,2.3,20,30.9,8.0,9,True,5.8,False,0.0,0,Yes
CX01672,56,Streaming,App Store,Mobile,8,Annual,Basic,1,False,7.68,55.87,Debit card,True,1,1,9.2,True,23,10.5,4.0,10,15.6,7.5,5,True,3.5,True,9.4,0,No
CX01673,40,Streaming,Referral,Mobile,29,Annual,Premium,3,True,28.62,809.94,Credit card,True,0,0,32.5,False,12,11.0,2.2,14,37.2,8.0,8,False,1.5,False,0.0,1,No
CX01674,32,Fintech,App Store,Mobile,12,Month-to-month,Basic,3,True,18.47,213.13,Credit card,True,0,2,7.8,True,16,33.2,8.9,3,55.2,9.3,8,True,9.7,False,0.0,3,No
CX01675,40,Gaming,Email Campaign,Mobile,25,Annual,Standard,4,False,25.29,572.95,Digital wallet,True,0,3,7.3,True,22,16.8,6.2,48,34.3,9.6,9,False,5.2,False,0.0,2,No
CX01676,34,Fitness,Email Campaign,Mobile,4,Month-to-month,Premium,4,False,23.27,85.08,Digital wallet,True,1,1,24.8,True,24,30.6,12.2,10,67.4,9.5,6,False,3.2,True,24.3,3,No
CX01677,50,Fintech,Influencer,Mobile,17,Month-to-month,Plus,8,False,41.94,687.54,Credit card,True,0,8,20.1,True,17,26.4,7.5,8,68.1,8.4,9,False,1.4,False,0.0,1,Yes
CX01678,18,Fitness,Referral,Mobile,31,Annual,Premium,5,False,42.8,1186.56,Credit card,True,0,0,5.4,True,21,22.7,7.9,18,41.6,9.4,7,False,3.8,False,0.0,0,No
CX01679,51,Gaming,Organic Search,Mobile,26,Month-to-month,Plus,4,False,27.33,704.68,Debit card,True,2,3,16.7,True,23,3.5,1.3,1,60.4,7.5,7,False,4.5,True,14.4,0,No
CX01680,51,Fintech,Influencer,Desktop,16,Month-to-month,Plus,1,False,19.3,286.17,Credit card,True,0,0,9.8,True,27,5.4,2.4,4,44.9,7.9,9,True,1.3,False,0.0,1,Yes
CX01681,35,Cloud Storage,Influencer,Mobile,57,Annual,Standard,3,False,15.63,825.16,Debit card,False,3,0,10.3,True,20,0.6,0.2,9,36.2,7.6,9,False,22.6,False,0.0,0,Yes
CX01682,29,Fitness,Organic Search,Mobile,3,Month-to-month,Standard,3,True,16.83,48.36,UPI / Instant transfer,False,1,4,6.8,False,7,52.0,6.1,7,40.7,8.0,9,False,0.3,False,0.0,1,Yes
CX01683,53,Fitness,Influencer,Smart TV,26,Two year,Standard,4,True,18.44,430.42,Debit card,True,1,2,7.4,True,20,5.4,1.8,19,53.1,8.5,5,True,4.1,False,0.0,0,No
CX01684,39,Streaming,Paid Social,Desktop,23,Month-to-month,Premium,7,False,34.44,706.57,Debit card,True,0,3,5.6,False,11,24.1,4.4,3,42.6,9.4,10,True,4.1,False,0.0,3,No
CX01685,37,Fintech,Influencer,Mobile,17,Month-to-month,Premium,5,False,34.05,515.02,UPI / Instant transfer,True,0,3,9.4,True,18,53.7,16.1,17,45.1,9.0,10,True,0.5,False,0.0,1,Yes
CX01686,25,News & Media,Paid Social,Mobile,7,Month-to-month,Standard,3,False,15.9,104.74,Digital wallet,False,0,2,6.3,True,13,28.4,6.2,7,47.2,10.0,10,True,3.9,False,0.0,3,No
CX01687,18,Streaming,App Store,Desktop,7,Annual,Plus,4,False,27.0,177.85,UPI / Instant transfer,False,2,7,13.1,True,14,31.4,7.3,3,48.5,7.2,4,True,8.6,False,0.0,1,No
CX01688,18,Streaming,Organic Search,Smart TV,21,Annual,Basic,2,False,13.38,260.24,Digital wallet,False,0,1,8.0,True,16,8.8,2.3,8,60.2,10.0,8,True,5.3,False,0.0,1,No
CX01689,19,Streaming,Paid Social,Mobile,12,Month-to-month,Standard,2,False,17.13,191.23,Buy now pay later,True,1,1,4.9,True,21,4.1,1.4,6,56.6,8.3,6,True,1.6,True,19.1,1,Yes
CX01690,32,News & Media,Paid Social,Mobile,3,Month-to-month,Standard,3,False,16.44,47.1,Digital wallet,True,1,3,15.9,True,15,28.0,7.0,6,50.6,8.8,8,True,6.6,False,0.0,0,Yes
CX01691,32,Productivity,Paid Social,Tablet,15,Month-to-month,Plus,4,False,27.22,403.08,Credit card,True,0,2,12.7,True,28,4.8,2.2,2,48.0,7.5,6,False,7.7,False,0.0,1,Yes
CX01692,18,Productivity,Email Campaign,Tablet,8,Month-to-month,Plus,3,False,30.39,236.45,Buy now pay later,True,1,1,18.3,True,22,26.5,9.7,10,32.2,5.8,6,True,17.3,False,0.0,0,Yes
CX01693,31,Fitness,Influencer,Desktop,25,Month-to-month,Standard,1,False,20.97,461.75,UPI / Instant transfer,False,0,1,2.9,False,6,33.2,3.3,2,32.4,7.9,7,False,1.4,False,0.0,2,No
CX01694,43,Productivity,App Store,Desktop,31,Month-to-month,Plus,2,False,33.11,957.46,Digital wallet,True,3,1,11.8,False,9,9.3,1.4,20,24.6,7.1,7,True,13.6,False,0.0,0,No
CX01695,30,Fitness,Paid Social,Mobile,13,Annual,Plus,3,False,29.28,376.0,Bank transfer,False,2,1,0.7,True,22,14.7,5.4,12,59.7,10.0,10,True,1.4,False,0.0,3,No
CX01696,35,Gaming,App Store,Mobile,5,Month-to-month,Standard,3,False,18.71,85.97,Bank transfer,False,2,3,5.9,True,18,13.1,3.9,24,61.6,8.6,10,False,2.4,True,22.4,3,No
CX01697,44,Fitness,Paid Social,Desktop,13,Two year,Basic,2,False,10.62,133.93,Debit card,True,1,4,11.7,False,4,16.5,1.1,8,35.8,7.4,7,True,0.4,True,21.7,2,No
CX01698,43,Streaming,Paid Social,Mobile,4,Month-to-month,Plus,5,False,31.12,117.89,Credit card,True,0,2,5.9,False,10,38.3,6.4,5,26.0,10.0,9,True,8.1,False,0.0,1,No
CX01699,34,Fitness,Paid Social,Mobile,22,Month-to-month,Basic,1,False,8.62,179.62,UPI / Instant transfer,False,2,0,13.2,True,9,22.4,3.4,23,57.8,8.0,9,False,4.4,False,0.0,0,No
CX01700,18,Streaming,Email Campaign,Mobile,14,Annual,Plus,6,True,37.56,498.47,Digital wallet,False,1,5,4.4,True,21,17.2,6.0,3,64.1,9.1,8,False,20.6,False,0.0,1,No
CX01701,45,News & Media,Referral,Desktop,6,Month-to-month,Plus,6,False,27.8,156.55,Credit card,True,0,6,7.9,True,19,13.9,4.4,31,38.5,8.5,7,False,5.1,False,0.0,2,No
CX01702,32,Gaming,Organic Search,Desktop,11,Month-to-month,Standard,2,True,16.74,175.52,Credit card,True,1,1,7.4,False,5,26.2,2.2,12,59.8,8.0,7,False,11.3,False,0.0,5,No
CX01703,23,Productivity,Email Campaign,Mobile,3,Month-to-month,Basic,4,False,13.86,36.74,Credit card,True,0,2,1.8,True,16,16.5,4.4,7,33.8,8.7,9,True,8.8,False,0.0,1,No
CX01704,31,Streaming,Influencer,Mobile,5,Month-to-month,Plus,5,True,29.18,138.28,Debit card,False,1,4,20.9,True,19,4.7,1.5,1,65.2,7.1,6,False,0.7,True,23.2,0,No
CX01705,36,Gaming,Organic Search,Smart TV,31,Two year,Basic,2,False,10.54,317.26,Buy now pay later,True,0,0,16.8,True,19,1.3,0.4,4,39.7,6.5,4,True,3.8,True,3.0,0,No
CX01706,32,Streaming,Paid Social,Mobile,20,Month-to-month,Premium,3,False,26.35,511.61,Credit card,True,0,2,6.9,True,19,14.8,4.7,12,25.6,6.7,6,False,2.2,False,0.0,0,No
CX01707,29,Fintech,App Store,Desktop,14,Annual,Basic,2,True,11.42,141.34,Digital wallet,True,0,2,8.3,True,9,32.8,4.9,6,40.6,7.3,8,False,2.6,False,0.0,0,No
CX01708,24,Cloud Storage,Referral,Mobile,12,Month-to-month,Premium,3,False,34.6,375.34,UPI / Instant transfer,True,0,2,6.7,True,17,8.3,2.4,13,45.8,7.6,6,False,2.9,False,0.0,0,No
CX01709,18,Cloud Storage,Organic Search,Mobile,26,Annual,Basic,3,True,16.61,413.58,Debit card,False,1,2,13.3,True,10,12.0,2.0,2,38.0,7.4,9,False,0.8,False,0.0,0,Yes
CX01710,48,News & Media,App Store,Mobile,24,Annual,Standard,2,True,15.38,335.27,Digital wallet,False,1,4,17.7,True,19,10.0,3.2,8,42.3,7.9,10,True,3.9,False,0.0,0,No
CX01711,45,Productivity,App Store,Mobile,25,Month-to-month,Premium,8,False,44.38,1058.79,Buy now pay later,True,1,0,0.5,True,25,19.3,8.0,9,39.6,10.0,10,False,0.4,False,0.0,3,No
CX01712,40,Productivity,Organic Search,Mobile,40,Month-to-month,Premium,8,False,50.57,1831.39,Bank transfer,False,2,2,11.4,True,14,5.9,1.4,2,76.1,9.8,10,True,5.6,False,0.0,2,Yes
CX01713,38,Productivity,Organic Search,Tablet,18,Month-to-month,Plus,6,True,35.65,598.91,UPI / Instant transfer,True,0,2,3.9,True,21,8.2,2.9,7,42.9,7.7,7,True,2.9,False,0.0,2,No
CX01714,32,Streaming,Paid Social,Mobile,6,Month-to-month,Plus,4,True,32.35,171.74,Credit card,True,0,2,9.2,True,11,24.2,4.4,11,62.2,9.2,8,False,3.0,False,0.0,0,No
CX01715,38,News & Media,Paid Social,Tablet,13,Annual,Premium,3,False,25.54,327.19,Buy now pay later,False,1,3,2.0,True,25,23.3,9.7,10,53.3,9.1,8,True,0.7,True,10.9,1,No
CX01716,29,Fintech,Organic Search,Mobile,25,Two year,Basic,1,True,8.0,181.76,Digital wallet,True,0,0,11.4,True,21,20.7,7.2,2,33.4,9.2,10,False,0.5,False,0.0,1,No
CX01717,27,Cloud Storage,App Store,Mobile,12,Annual,Basic,2,False,13.82,165.25,Buy now pay later,True,0,1,1.7,False,8,24.5,3.3,26,66.2,7.4,7,False,2.4,False,0.0,1,No
CX01718,31,Productivity,App Store,Desktop,25,Month-to-month,Basic,1,False,7.45,167.75,Credit card,False,0,4,14.4,True,12,1.5,0.3,11,38.4,6.8,7,False,5.8,True,5.0,2,No
CX01719,53,Fintech,Paid Social,Mobile,2,Month-to-month,Premium,6,False,38.61,74.97,Digital wallet,False,0,1,10.5,True,27,2.4,1.1,16,33.9,9.9,10,False,7.6,False,0.0,3,No
CX01720,35,Fintech,Influencer,Mobile,66,Month-to-month,Premium,7,False,28.48,1673.55,Buy now pay later,True,1,2,18.4,False,5,23.1,1.9,17,55.3,8.5,9,True,2.4,False,0.0,0,No
CX01721,25,Cloud Storage,Paid Social,Desktop,62,Two year,Basic,2,False,10.36,636.97,Credit card,True,1,1,5.6,True,14,16.3,3.8,2,44.7,8.7,10,True,1.4,True,11.2,3,No
CX01722,39,Fitness,Organic Search,Tablet,33,Annual,Standard,5,False,24.16,769.31,UPI / Instant transfer,False,0,1,5.4,True,23,4.7,1.8,29,43.9,10.0,10,False,1.5,False,0.0,2,No
CX01723,18,Fitness,Referral,Mobile,27,Annual,Standard,2,False,16.74,423.85,Credit card,True,2,3,9.6,True,16,26.1,7.0,20,59.9,7.9,8,False,4.5,False,0.0,1,No
CX01724,40,Productivity,Email Campaign,Desktop,3,Month-to-month,Plus,2,False,23.67,64.31,Credit card,True,1,1,4.4,True,17,27.9,7.9,10,42.7,8.2,8,False,9.5,False,0.0,2,No
CX01725,27,Fitness,Email Campaign,Smart TV,12,Month-to-month,Standard,3,False,29.31,317.38,Credit card,True,1,2,35.8,True,19,15.6,4.9,19,36.9,8.3,7,False,3.6,False,0.0,1,Yes
CX01726,30,News & Media,Paid Social,Smart TV,14,Annual,Plus,5,False,24.39,327.6,UPI / Instant transfer,True,0,0,6.0,True,17,23.5,6.7,5,61.1,7.5,8,True,5.6,False,0.0,0,No
CX01727,25,Gaming,Organic Search,Mobile,33,Month-to-month,Premium,7,False,48.63,1578.31,UPI / Instant transfer,False,0,2,3.1,True,30,6.3,3.2,3,39.3,8.8,10,False,12.5,False,0.0,3,No
CX01728,19,News & Media,Influencer,Mobile,8,Month-to-month,Basic,1,False,7.1,51.7,UPI / Instant transfer,False,4,1,3.8,True,10,31.4,5.2,6,54.9,8.2,5,False,2.0,True,21.1,1,No
CX01729,43,Fintech,App Store,Mobile,9,Month-to-month,Standard,5,False,25.46,227.78,Debit card,True,0,4,1.3,True,17,21.8,6.2,1,50.1,7.2,10,False,25.9,False,0.0,1,No
CX01730,33,Fintech,Paid Social,Desktop,18,Annual,Basic,1,False,10.03,175.72,UPI / Instant transfer,False,0,2,1.4,False,6,8.6,0.9,9,66.7,6.5,2,True,3.8,True,17.9,1,No
CX01731,52,News & Media,Influencer,Mobile,15,Month-to-month,Plus,4,True,23.17,322.93,Credit card,False,0,4,5.9,True,16,12.4,3.3,7,46.2,8.1,10,False,7.4,True,13.9,1,Yes
CX01732,20,Fintech,Influencer,Desktop,14,Month-to-month,Standard,3,False,18.65,249.63,Debit card,True,0,2,25.8,True,11,13.3,2.4,13,48.8,8.0,6,False,9.6,False,0.0,1,Yes
CX01733,36,Fintech,App Store,Desktop,20,Month-to-month,Premium,1,False,23.03,430.09,Bank transfer,False,2,2,33.8,True,21,15.3,5.4,8,71.6,7.8,7,True,3.6,False,0.0,2,No
CX01734,33,Streaming,Referral,Mobile,24,Annual,Standard,3,False,26.18,598.39,Debit card,True,0,1,12.5,True,22,21.0,7.7,6,57.5,8.6,10,False,1.5,False,0.0,3,No
CX01735,39,Fintech,Paid Social,Tablet,21,Month-to-month,Standard,2,True,24.44,454.73,Buy now pay later,True,0,1,6.9,True,15,10.0,2.5,14,34.7,9.8,10,False,0.8,False,0.0,1,No
CX01736,30,Cloud Storage,Paid Social,Mobile,16,Annual,Plus,4,False,23.53,343.16,Digital wallet,False,0,0,3.3,False,6,24.4,2.4,12,29.2,7.0,4,True,3.3,False,0.0,0,No
CX01737,50,Streaming,Referral,Desktop,19,Month-to-month,Premium,3,False,36.04,648.03,Bank transfer,False,1,3,0.5,False,14,4.5,1.0,3,16.5,7.4,7,False,2.1,False,0.0,1,Yes
CX01738,27,Productivity,Paid Social,Desktop,8,Month-to-month,Basic,1,True,10.38,81.18,UPI / Instant transfer,True,0,1,53.6,False,4,2.7,0.2,3,50.9,7.7,8,True,7.4,False,0.0,1,No
CX01739,18,Streaming,App Store,Tablet,15,Month-to-month,Plus,3,False,32.83,457.32,Bank transfer,True,0,0,5.0,True,31,17.9,9.2,4,52.6,8.9,7,True,1.8,True,10.2,0,No
CX01740,47,Cloud Storage,Paid Social,Desktop,26,Month-to-month,Premium,4,True,35.64,916.31,UPI / Instant transfer,True,0,5,14.4,False,11,3.3,0.6,9,53.3,7.1,5,True,4.3,True,10.4,0,Yes
CX01741,48,Gaming,Organic Search,Mobile,15,Two year,Basic,1,True,9.51,133.07,Debit card,True,0,1,43.2,False,5,3.3,0.3,1,57.4,8.6,8,False,10.6,False,0.0,1,No
CX01742,37,Productivity,Organic Search,Tablet,6,Annual,Plus,3,False,25.39,151.03,Debit card,True,0,0,11.4,True,26,15.1,6.5,1,49.9,8.4,6,False,5.9,False,0.0,1,No
CX01743,18,Productivity,Organic Search,Mobile,17,Annual,Standard,5,False,20.89,319.17,Digital wallet,True,0,0,17.4,True,20,5.2,1.7,23,18.6,7.4,7,False,1.1,False,0.0,0,No
CX01744,53,Fintech,App Store,Tablet,34,Annual,Basic,2,False,11.07,344.38,Credit card,True,0,3,19.3,False,6,24.7,2.5,0,78.2,7.4,9,False,7.0,False,0.0,0,No
CX01745,18,Streaming,Organic Search,Desktop,3,Month-to-month,Standard,3,False,13.63,37.19,Bank transfer,True,0,3,4.5,True,15,46.3,11.6,7,38.0,7.8,6,False,12.2,False,0.0,0,No
CX01746,38,Streaming,Paid Social,Mobile,14,Annual,Premium,7,False,39.94,519.17,Digital wallet,False,1,3,15.7,True,25,10.1,4.2,1,53.1,10.0,10,False,4.4,False,0.0,3,No
CX01747,43,Fintech,Paid Social,Desktop,19,Annual,Standard,2,False,18.75,348.96,Digital wallet,False,0,2,26.6,False,5,25.4,2.1,1,40.4,5.0,4,False,7.3,False,0.0,0,Yes
CX01748,39,Cloud Storage,Paid Social,Mobile,21,Annual,Premium,2,True,33.15,659.15,Credit card,False,1,0,24.2,True,22,8.3,3.0,6,52.2,10.0,9,True,4.1,True,18.6,0,No
CX01749,45,Gaming,Referral,Mobile,38,Two year,Premium,4,False,30.21,1116.43,Bank transfer,False,0,4,13.3,True,19,10.4,3.3,3,59.9,8.5,8,True,2.0,True,3.0,0,No
CX01750,37,Productivity,Email Campaign,Mobile,16,Month-to-month,Plus,7,False,36.71,520.22,UPI / Instant transfer,False,0,2,10.5,True,15,23.7,5.9,2,51.4,10.0,10,False,2.2,True,3.7,5,No
CX01751,44,Productivity,Organic Search,Desktop,4,Month-to-month,Basic,1,False,7.76,29.34,UPI / Instant transfer,False,2,1,9.3,True,14,14.9,3.5,5,44.7,8.1,7,False,4.1,False,0.0,1,No
CX01752,38,Productivity,Influencer,Tablet,27,Two year,Standard,2,False,14.93,356.33,Digital wallet,True,0,1,31.8,False,4,25.8,1.7,1,38.0,6.7,5,False,7.9,False,0.0,2,No
CX01753,44,Streaming,App Store,Mobile,16,Month-to-month,Premium,4,False,33.5,511.45,Credit card,True,0,2,19.9,True,19,23.8,7.5,3,52.2,9.1,8,False,5.8,False,0.0,1,No
CX01754,18,News & Media,Influencer,Mobile,62,Two year,Premium,4,False,38.22,2349.74,Debit card,True,0,7,12.4,True,21,15.6,5.5,11,57.9,6.7,7,False,8.2,True,15.6,0,No
CX01755,23,Streaming,Influencer,Desktop,6,Month-to-month,Standard,4,False,31.38,179.78,UPI / Instant transfer,True,0,7,5.9,True,11,23.9,4.4,23,38.2,7.3,8,True,2.9,False,0.0,0,Yes
CX01756,42,Cloud Storage,App Store,Mobile,33,Month-to-month,Standard,2,False,14.78,482.56,Credit card,True,0,2,3.3,False,4,3.2,0.2,4,33.5,7.6,6,True,0.9,False,0.0,1,No
CX01757,50,Gaming,Referral,Mobile,31,Annual,Plus,3,False,22.18,668.83,Digital wallet,False,0,5,9.7,True,21,8.5,3.0,5,61.9,8.6,10,True,4.6,False,0.0,0,Yes
CX01758,38,Fitness,App Store,Mobile,16,Month-to-month,Basic,2,False,17.89,252.07,Debit card,False,1,1,5.8,True,14,30.2,7.0,18,36.3,7.7,7,False,9.4,False,0.0,0,No
CX01759,46,Gaming,Paid Social,Mobile,12,Month-to-month,Plus,3,False,32.84,363.73,Credit card,True,0,3,6.4,True,25,12.1,5.0,7,58.5,6.9,8,False,7.0,False,0.0,0,Yes
CX01760,45,Gaming,Organic Search,Mobile,7,Month-to-month,Premium,7,False,45.1,310.91,Credit card,False,1,2,22.9,True,21,6.7,2.3,14,49.6,10.0,8,True,7.8,True,11.3,1,Yes
CX01761,31,News & Media,Paid Social,Desktop,22,Month-to-month,Standard,6,False,28.42,583.62,Buy now pay later,True,0,2,5.0,True,15,16.6,4.2,0,40.8,6.8,7,False,4.7,False,0.0,0,No
CX01762,54,News & Media,App Store,Mobile,36,Two year,Basic,2,False,13.14,472.31,Credit card,True,0,3,6.9,True,22,59.3,21.7,3,61.2,8.8,7,True,2.2,False,0.0,2,No
CX01763,45,Gaming,Organic Search,Mobile,13,Annual,Premium,6,False,39.86,477.18,UPI / Instant transfer,True,0,2,13.8,True,20,11.0,3.7,9,44.3,8.6,7,False,0.9,False,0.0,3,No
CX01764,29,Streaming,Paid Social,Mobile,34,Month-to-month,Standard,6,False,30.04,958.87,Credit card,False,1,2,0.5,True,24,43.4,17.4,16,28.4,7.6,7,False,9.9,False,0.0,2,Yes
CX01765,28,Cloud Storage,Influencer,Mobile,1,Month-to-month,Basic,3,True,15.07,14.56,Credit card,True,1,5,11.8,True,13,9.9,2.1,4,54.7,7.5,10,False,4.1,True,13.4,1,No
CX01766,22,Gaming,Referral,Smart TV,25,Annual,Standard,1,True,16.17,392.7,Digital wallet,True,0,3,10.5,False,8,8.5,1.1,4,43.6,8.1,9,False,0.4,False,0.0,0,Yes
CX01767,35,Cloud Storage,Influencer,Mobile,3,Month-to-month,Standard,4,False,25.26,71.25,UPI / Instant transfer,False,2,1,9.3,True,11,26.6,4.9,8,29.0,7.3,9,True,8.0,False,0.0,2,No
CX01768,32,Productivity,Referral,Smart TV,13,Month-to-month,Standard,5,False,21.26,249.53,UPI / Instant transfer,False,0,2,5.3,True,13,19.1,4.1,15,64.9,7.8,8,False,1.4,False,0.0,1,No
CX01769,40,Cloud Storage,App Store,Desktop,30,Month-to-month,Premium,6,False,33.42,891.14,Buy now pay later,True,1,6,12.0,False,8,4.8,0.6,11,54.6,6.4,9,True,12.4,True,28.3,0,Yes
CX01770,58,Productivity,Organic Search,Mobile,30,Two year,Basic,1,False,10.62,297.72,Digital wallet,True,1,2,19.9,False,7,13.7,1.6,37,36.4,6.1,6,True,1.1,True,4.6,1,No
CX01771,18,Streaming,Paid Social,Smart TV,2,Month-to-month,Basic,1,False,7.39,13.55,Credit card,False,2,3,4.6,True,22,35.7,13.1,4,18.0,7.2,7,False,1.3,False,0.0,0,No
CX01772,37,Fitness,App Store,Desktop,11,Month-to-month,Basic,2,False,11.53,123.6,UPI / Instant transfer,False,0,0,30.2,False,10,10.0,1.7,4,51.4,9.8,8,True,3.9,False,0.0,1,No
CX01773,23,Fintech,App Store,Mobile,37,Month-to-month,Standard,2,False,10.95,403.91,Digital wallet,False,1,4,18.5,True,26,4.8,2.1,2,24.7,6.5,6,False,0.4,False,0.0,2,No
CX01774,26,Fintech,Organic Search,Mobile,34,Month-to-month,Standard,3,False,23.38,701.04,Debit card,True,0,0,2.6,True,21,13.8,4.8,7,67.9,10.0,9,True,2.1,False,0.0,3,No
CX01775,36,News & Media,Email Campaign,Desktop,16,Annual,Standard,2,False,10.82,160.14,Buy now pay later,False,0,3,2.3,True,13,9.6,2.1,10,50.6,9.2,10,False,6.1,False,0.0,5,Yes
CX01776,45,Productivity,Influencer,Mobile,19,Month-to-month,Basic,1,False,9.68,177.57,Bank transfer,True,0,3,15.3,True,17,16.3,4.6,15,63.9,6.7,5,True,30.0,False,0.0,0,Yes
CX01777,55,Streaming,App Store,Mobile,52,Annual,Standard,1,False,11.58,557.79,UPI / Instant transfer,True,1,1,10.3,True,30,11.8,5.9,11,43.1,8.7,6,True,4.7,True,9.5,3,No
CX01778,38,Streaming,Referral,Desktop,27,Two year,Plus,3,False,21.85,562.19,Debit card,True,0,1,16.5,True,18,15.7,4.7,6,34.5,9.4,10,True,7.6,False,0.0,1,No
CX01779,38,Cloud Storage,Referral,Mobile,54,Annual,Plus,4,True,33.68,1810.41,UPI / Instant transfer,True,0,1,6.9,True,20,4.4,1.5,15,67.6,8.8,9,False,2.8,False,0.0,2,No
CX01780,41,Fintech,Organic Search,Mobile,39,Month-to-month,Basic,1,True,8.82,330.28,Debit card,False,0,4,18.0,True,16,14.8,3.9,10,69.1,6.0,9,False,5.0,False,0.0,0,No
CX01781,30,Streaming,App Store,Desktop,32,Month-to-month,Plus,2,False,21.93,695.05,Credit card,False,0,2,14.0,True,17,3.0,0.8,7,50.5,8.6,9,False,3.9,True,17.6,1,No
CX01782,43,Fintech,App Store,Mobile,43,Month-to-month,Standard,2,False,21.0,848.26,Debit card,False,1,1,7.4,True,20,9.1,3.0,19,53.6,7.4,7,True,3.3,True,13.8,0,No
CX01783,49,Cloud Storage,App Store,Mobile,14,Month-to-month,Basic,2,True,12.05,149.82,Digital wallet,True,0,4,35.8,False,3,22.2,1.1,27,42.4,6.0,4,False,0.3,True,27.4,0,Yes
CX01784,39,News & Media,Influencer,Desktop,18,Month-to-month,Plus,3,True,25.37,427.19,UPI / Instant transfer,False,0,1,16.3,True,25,14.9,6.2,3,66.0,8.6,6,False,8.7,True,21.8,0,No
CX01785,34,Streaming,App Store,Smart TV,5,Month-to-month,Basic,2,True,17.67,86.17,UPI / Instant transfer,False,1,4,0.9,True,17,5.4,1.5,12,47.2,7.7,8,False,1.7,True,5.1,0,Yes
CX01786,36,Streaming,Organic Search,Mobile,24,Annual,Plus,3,False,26.82,641.83,Credit card,False,1,1,9.4,True,13,24.4,5.3,3,61.0,9.8,10,False,1.8,True,9.4,4,No
CX01787,42,Productivity,Organic Search,Desktop,12,Annual,Standard,5,False,21.01,226.49,Digital wallet,True,1,4,16.1,True,17,12.1,3.4,10,34.3,9.3,8,False,0.8,False,0.0,1,No
CX01788,26,Fintech,App Store,Mobile,52,Annual,Standard,3,True,17.4,812.64,Credit card,True,0,1,8.2,True,19,4.4,1.4,11,42.8,8.4,7,False,10.4,True,16.0,3,No
CX01789,28,Fintech,Organic Search,Mobile,17,Month-to-month,Plus,6,True,29.5,496.39,Credit card,True,0,3,45.1,True,13,22.6,4.9,5,65.0,9.4,9,False,6.2,False,0.0,2,No
CX01790,29,Cloud Storage,Paid Social,Desktop,6,Month-to-month,Standard,1,True,15.86,87.23,Digital wallet,True,2,2,21.5,True,22,4.7,1.7,6,62.6,8.4,9,False,0.2,False,0.0,0,No
CX01791,29,Fitness,Organic Search,Mobile,32,Annual,Premium,4,False,29.66,843.37,Digital wallet,False,1,1,15.1,True,24,1.8,0.7,11,43.7,8.3,9,False,7.2,False,0.0,0,No
CX01792,38,Streaming,Influencer,Smart TV,14,Month-to-month,Premium,7,False,39.7,511.06,Credit card,True,0,5,14.6,True,25,23.8,9.9,12,44.7,7.8,8,True,3.2,True,8.3,3,Yes
CX01793,42,Fitness,Paid Social,Mobile,4,Month-to-month,Standard,3,False,19.13,70.36,Digital wallet,False,1,2,9.5,True,15,29.2,7.3,9,45.2,10.0,8,True,2.3,False,0.0,3,No
CX01794,39,Streaming,App Store,Desktop,28,Annual,Plus,4,False,24.54,621.34,Digital wallet,True,0,2,10.9,True,23,21.2,8.1,5,29.1,7.5,6,False,1.9,True,5.7,0,No
CX01795,33,Fintech,Paid Social,Mobile,84,Two year,Standard,3,True,25.06,1937.3,Debit card,False,1,4,15.7,True,28,21.3,9.9,6,65.9,8.6,8,True,0.7,False,0.0,3,No
CX01796,33,Fintech,App Store,Mobile,23,Annual,Basic,3,False,15.33,318.29,Credit card,True,0,3,19.8,True,12,13.1,2.6,27,53.9,10.0,7,False,5.0,False,0.0,2,No
CX01797,27,Streaming,App Store,Mobile,23,Two year,Plus,5,False,30.82,699.46,Credit card,True,1,7,25.0,True,17,3.0,0.8,8,45.9,7.3,7,True,5.0,False,0.0,0,No
CX01798,51,Streaming,Email Campaign,Desktop,15,Annual,Standard,6,False,24.47,334.27,Debit card,True,0,0,4.5,False,7,23.2,2.7,3,56.6,10.0,10,False,2.9,False,0.0,3,No
CX01799,32,Cloud Storage,Organic Search,Mobile,3,Month-to-month,Basic,2,False,9.34,24.7,Debit card,False,0,1,8.6,True,20,13.9,4.6,7,41.4,8.6,6,False,17.0,False,0.0,0,Yes
CX01800,22,Streaming,Influencer,Mobile,14,Annual,Standard,5,True,22.04,286.95,Credit card,True,0,1,20.3,True,20,31.8,10.6,15,20.1,7.6,9,False,6.0,False,0.0,2,No
CX01801,71,News & Media,Referral,Mobile,25,Annual,Basic,1,False,7.87,180.03,UPI / Instant transfer,False,4,2,28.1,True,14,8.7,2.0,5,69.0,8.1,8,True,5.6,False,0.0,1,No
CX01802,34,Cloud Storage,Influencer,Mobile,16,Month-to-month,Standard,4,False,15.61,225.4,Credit card,False,1,4,6.4,True,19,16.8,5.3,4,51.4,8.2,6,True,6.8,True,18.6,1,Yes
CX01803,44,Gaming,Organic Search,Desktop,19,Two year,Plus,3,True,21.46,367.05,Digital wallet,True,0,1,5.3,False,7,24.2,2.8,13,46.7,8.2,9,False,4.4,False,0.0,1,No
CX01804,32,Productivity,Referral,Mobile,29,Two year,Basic,1,True,7.09,199.56,Digital wallet,False,1,3,3.1,True,16,5.0,1.3,12,54.4,7.6,8,False,6.3,False,0.0,0,No
CX01805,45,Streaming,App Store,Smart TV,25,Month-to-month,Standard,5,True,23.41,577.27,Digital wallet,False,1,5,13.6,False,10,35.3,5.9,13,40.7,7.0,7,False,2.2,True,17.9,1,Yes
CX01806,44,Streaming,Paid Social,Tablet,21,Month-to-month,Plus,3,False,22.08,420.22,Credit card,True,0,4,3.4,True,23,28.6,11.0,17,37.5,7.1,8,True,4.0,True,15.4,0,Yes
CX01807,39,Fintech,Referral,Desktop,9,Month-to-month,Basic,2,True,11.65,103.0,Credit card,False,2,1,18.7,False,9,9.1,1.4,2,45.8,8.7,6,True,6.5,False,0.0,2,No
CX01808,21,Productivity,Email Campaign,Mobile,18,Month-to-month,Plus,3,False,25.86,449.19,Debit card,True,0,4,9.2,True,19,20.0,6.3,11,25.0,6.9,5,False,6.5,False,0.0,0,No
CX01809,39,Cloud Storage,Referral,Mobile,11,Month-to-month,Standard,4,False,21.98,220.01,Debit card,True,0,4,15.3,True,17,7.9,2.2,9,39.4,8.4,7,False,2.1,False,0.0,1,No
CX01810,41,Streaming,Organic Search,Desktop,15,Month-to-month,Standard,2,False,15.83,220.08,UPI / Instant transfer,False,0,2,7.1,True,24,8.9,3.6,2,55.0,7.7,8,False,14.6,False,0.0,0,Yes
CX01811,42,Fintech,Organic Search,Mobile,12,Two year,Premium,6,False,42.0,456.49,UPI / Instant transfer,True,1,3,19.6,False,13,32.1,7.0,24,36.4,7.6,8,False,4.6,False,0.0,1,No
CX01812,29,Productivity,Email Campaign,Desktop,16,Annual,Plus,2,False,24.51,379.98,UPI / Instant transfer,False,1,4,5.8,False,9,3.3,0.5,4,45.1,8.6,8,False,6.3,False,0.0,0,No
CX01813,44,Fintech,Influencer,Mobile,43,Two year,Basic,3,True,11.98,475.19,Credit card,True,0,3,9.6,True,5,21.1,1.8,4,71.8,9.1,10,False,1.3,False,0.0,2,No
CX01814,40,News & Media,Organic Search,Mobile,23,Annual,Basic,1,True,7.86,168.27,Credit card,True,0,2,25.1,False,2,6.7,0.2,31,47.2,10.0,10,False,1.7,False,0.0,2,No
CX01815,33,Gaming,Influencer,Mobile,22,Month-to-month,Basic,1,False,7.99,175.76,Debit card,False,3,0,3.0,True,19,7.5,2.4,46,68.6,9.5,8,True,4.5,False,0.0,3,No
CX01816,63,Fintech,Organic Search,Tablet,6,Annual,Basic,2,False,10.8,57.29,Credit card,True,0,4,19.9,False,6,6.9,0.7,4,29.2,5.9,6,True,1.9,True,8.7,1,No
CX01817,44,News & Media,Referral,Mobile,7,Month-to-month,Standard,3,False,19.8,133.08,Digital wallet,True,1,2,12.9,True,17,2.5,0.7,6,51.9,6.0,8,False,0.6,False,0.0,0,Yes
CX01818,40,Streaming,Referral,Smart TV,7,Two year,Premium,2,False,30.63,204.57,Credit card,True,1,1,2.6,False,10,18.9,3.2,20,23.0,7.1,6,True,4.8,False,0.0,1,No
CX01819,22,Streaming,Influencer,Tablet,12,Month-to-month,Standard,3,True,17.97,203.03,Debit card,True,0,1,3.4,True,15,10.0,2.5,1,63.3,10.0,7,False,0.8,False,0.0,1,Yes
CX01820,52,Cloud Storage,Referral,Mobile,16,Month-to-month,Standard,4,False,15.85,243.35,Debit card,True,0,3,10.4,False,7,3.8,0.4,9,73.5,9.1,9,False,3.1,True,25.8,2,No
CX01821,35,Fintech,Paid Social,Mobile,21,Annual,Standard,1,False,12.03,224.08,Credit card,True,0,2,2.8,True,16,8.9,2.4,7,59.5,10.0,9,True,6.8,False,0.0,4,No
CX01822,29,Streaming,Organic Search,Mobile,4,Month-to-month,Standard,3,True,20.5,78.99,Debit card,True,0,2,13.2,True,16,9.5,2.5,11,46.6,8.9,8,False,1.7,False,0.0,2,Yes
CX01823,45,News & Media,Referral,Tablet,29,Month-to-month,Standard,1,False,17.19,439.32,Digital wallet,False,1,1,14.4,False,8,21.9,2.9,9,37.4,9.0,6,False,3.4,False,0.0,3,Yes
CX01824,24,Streaming,Influencer,Mobile,11,Month-to-month,Standard,4,True,17.86,192.41,Debit card,True,1,3,23.7,True,19,14.3,4.5,1,33.1,8.5,8,False,3.6,False,0.0,5,No
CX01825,26,Fintech,Referral,Desktop,16,Month-to-month,Premium,4,False,26.81,383.79,Debit card,True,0,1,1.6,False,9,13.7,2.1,13,61.0,8.0,7,False,5.1,False,0.0,2,No
CX01826,32,Streaming,Paid Social,Desktop,16,Annual,Standard,4,False,20.14,283.96,Digital wallet,True,0,2,10.6,True,18,19.1,5.7,4,31.1,9.1,8,True,3.3,False,0.0,3,No
CX01827,50,Productivity,Paid Social,Mobile,46,Annual,Premium,5,True,32.33,1335.64,Debit card,True,0,3,42.9,True,31,10.1,5.2,8,44.8,6.1,8,True,0.7,False,0.0,1,Yes
CX01828,30,Gaming,Organic Search,Mobile,27,Month-to-month,Standard,1,False,9.99,247.73,Credit card,True,0,1,10.0,True,16,31.1,8.3,5,66.7,8.4,9,False,0.4,False,0.0,2,No
CX01829,43,Fintech,Paid Social,Mobile,9,Month-to-month,Standard,2,True,19.25,162.07,UPI / Instant transfer,False,0,0,4.8,True,17,3.7,1.0,6,42.0,9.0,9,True,6.9,True,18.8,2,No
CX01830,47,Productivity,App Store,Tablet,18,Month-to-month,Standard,4,True,19.46,321.99,Bank transfer,False,1,3,6.4,True,14,28.4,6.6,19,61.9,8.5,8,True,5.6,False,0.0,1,No
CX01831,18,Cloud Storage,Paid Social,Mobile,10,Month-to-month,Premium,3,False,34.83,343.31,UPI / Instant transfer,True,0,0,23.6,True,22,10.2,3.7,2,61.2,8.2,9,True,2.8,True,9.5,2,No
CX01832,28,Fintech,Influencer,Mobile,15,Annual,Standard,2,True,20.86,288.98,Credit card,True,0,3,6.0,True,21,15.7,5.5,4,24.4,8.1,9,False,6.2,True,19.5,3,No
CX01833,31,Cloud Storage,Paid Social,Smart TV,5,Month-to-month,Basic,1,False,9.0,44.13,Digital wallet,True,0,3,25.0,False,7,14.5,1.7,7,65.9,6.4,6,False,1.0,False,0.0,0,Yes
CX01834,41,Streaming,Paid Social,Desktop,29,Month-to-month,Premium,4,False,27.91,734.69,UPI / Instant transfer,True,0,1,32.8,True,23,8.5,3.3,4,37.1,8.7,5,False,5.4,False,0.0,0,No
CX01835,28,Streaming,Email Campaign,Desktop,5,Month-to-month,Premium,3,True,20.33,98.23,Credit card,False,2,7,6.6,True,30,30.7,15.4,2,58.8,8.7,9,False,5.1,False,0.0,2,No
CX01836,39,Fintech,Referral,Desktop,13,Month-to-month,Standard,2,False,25.89,324.55,UPI / Instant transfer,False,1,2,15.1,True,19,0.6,0.2,11,58.2,9.7,9,True,5.5,False,0.0,2,Yes
CX01837,37,News & Media,App Store,Desktop,9,Month-to-month,Standard,5,True,25.17,216.66,UPI / Instant transfer,True,2,4,17.3,True,16,8.4,2.2,17,62.5,8.0,10,True,6.3,True,5.7,0,Yes
CX01838,31,Fintech,Influencer,Mobile,4,Month-to-month,Premium,7,False,61.76,234.81,Digital wallet,True,0,4,2.0,True,25,5.3,2.2,7,31.7,7.5,8,False,3.1,False,0.0,0,No
CX01839,39,Cloud Storage,Organic Search,Mobile,25,Annual,Standard,1,False,16.61,386.82,Debit card,True,1,0,8.4,True,16,4.5,1.2,6,49.4,10.0,9,False,11.5,False,0.0,3,No
CX01840,36,Productivity,Organic Search,Mobile,8,Month-to-month,Premium,4,False,47.45,370.82,Bank transfer,False,1,2,12.3,True,29,15.7,7.6,18,55.1,6.6,7,False,5.0,False,0.0,0,No
CX01841,36,Fitness,Paid Social,Smart TV,8,Month-to-month,Basic,3,False,15.31,113.9,Debit card,True,0,1,14.9,True,14,4.1,1.0,14,17.2,9.7,9,True,2.5,True,30.5,1,No
CX01842,60,Fintech,App Store,Desktop,22,Month-to-month,Standard,4,False,20.3,436.75,Digital wallet,False,5,5,2.5,True,8,27.6,3.7,8,50.4,7.5,5,True,4.0,True,13.5,0,Yes
CX01843,53,Fintech,Paid Social,Mobile,22,Annual,Premium,7,True,44.46,949.2,Digital wallet,True,0,4,10.4,True,22,12.0,4.4,2,58.6,8.9,9,True,4.8,False,0.0,0,No
CX01844,25,News & Media,Email Campaign,Desktop,18,Month-to-month,Plus,4,False,33.68,567.58,Buy now pay later,True,2,2,8.8,True,31,27.7,14.3,4,37.7,6.8,7,False,1.8,False,0.0,3,No
CX01845,37,News & Media,Paid Social,Mobile,26,Annual,Premium,4,True,25.47,592.89,Digital wallet,False,1,1,8.8,True,20,4.7,1.6,2,46.5,8.9,9,False,1.3,False,0.0,2,No
CX01846,39,Fintech,App Store,Desktop,18,Annual,Standard,5,False,25.94,452.86,Bank transfer,False,3,2,7.9,True,21,3.2,1.1,5,32.2,6.1,5,False,0.4,False,0.0,0,No
CX01847,33,Gaming,App Store,Mobile,1,Month-to-month,Standard,6,False,30.55,28.84,Credit card,True,0,3,26.6,True,12,8.6,1.7,8,31.6,8.2,9,True,0.7,False,0.0,0,No
CX01848,25,Cloud Storage,Influencer,Mobile,8,Month-to-month,Basic,3,False,13.22,103.47,Credit card,False,2,4,20.4,True,13,23.3,5.0,5,65.2,8.7,8,True,6.9,True,8.0,2,Yes
CX01849,18,Streaming,Organic Search,Desktop,34,Annual,Premium,3,True,29.89,923.42,UPI / Instant transfer,True,0,2,10.8,False,7,8.0,0.9,20,34.2,7.4,6,True,5.7,False,0.0,0,No
CX01850,37,Gaming,Paid Social,Mobile,15,Annual,Premium,6,False,29.61,400.67,Digital wallet,True,0,3,10.6,True,23,24.5,9.4,22,62.4,7.8,8,False,3.7,False,0.0,1,No
CX01851,30,Productivity,Organic Search,Desktop,12,Annual,Basic,3,True,12.8,150.08,Debit card,True,0,4,14.6,False,3,23.0,1.2,15,33.0,6.4,5,False,7.9,False,0.0,0,No
CX01852,34,News & Media,Organic Search,Desktop,15,Month-to-month,Premium,5,False,28.97,391.61,Digital wallet,True,1,4,10.8,True,19,18.4,5.8,2,30.7,6.9,3,False,6.2,False,0.0,3,No
CX01853,36,Streaming,Referral,Mobile,10,Annual,Standard,3,True,20.59,191.75,Credit card,True,0,0,5.6,False,5,0.9,0.1,7,24.9,7.7,9,False,4.1,True,24.9,2,No
CX01854,34,Fintech,Referral,Mobile,3,Month-to-month,Basic,1,False,11.26,29.99,UPI / Instant transfer,False,2,1,4.3,True,17,8.9,2.5,11,45.0,8.0,10,False,5.8,False,0.0,2,Yes
CX01855,35,Streaming,App Store,Mobile,3,Month-to-month,Basic,1,False,8.32,23.5,Credit card,False,2,0,6.4,True,20,14.8,4.9,5,50.1,9.7,9,False,7.2,True,18.2,2,No
CX01856,30,Streaming,Organic Search,Mobile,15,Annual,Premium,8,False,43.99,626.43,Debit card,True,0,5,6.8,True,22,4.7,1.7,2,44.7,6.6,4,False,2.5,False,0.0,0,No
CX01857,25,Gaming,App Store,Desktop,25,Month-to-month,Standard,2,True,13.04,308.86,Buy now pay later,True,0,3,15.8,True,15,5.8,1.4,12,67.3,7.8,9,False,6.8,False,0.0,0,No
CX01858,45,Cloud Storage,Paid Social,Mobile,15,Annual,Standard,2,False,13.37,198.35,Credit card,True,0,2,12.3,True,19,3.7,1.2,17,43.3,10.0,10,True,2.7,False,0.0,2,No
CX01859,50,Fitness,Email Campaign,Mobile,18,Month-to-month,Basic,2,False,10.64,187.61,UPI / Instant transfer,True,0,4,19.0,True,16,20.6,5.5,8,58.3,8.9,9,False,0.7,True,28.1,5,No
CX01860,37,Productivity,Organic Search,Desktop,6,Month-to-month,Standard,1,False,14.58,84.78,Buy now pay later,False,0,3,25.1,True,22,5.2,1.9,7,63.9,6.8,8,True,3.2,True,9.2,0,No
CX01861,29,Fitness,Influencer,Smart TV,20,Month-to-month,Plus,3,False,26.49,500.77,Digital wallet,True,0,0,13.7,True,19,5.2,1.6,19,53.8,8.1,10,False,6.7,False,0.0,0,Yes
CX01862,33,Fintech,Organic Search,Mobile,43,Month-to-month,Basic,1,True,6.18,257.84,Credit card,True,1,1,15.7,True,16,11.5,3.1,7,58.4,8.3,7,True,2.3,False,0.0,0,No
CX01863,32,Cloud Storage,Influencer,Smart TV,18,Month-to-month,Standard,2,True,12.82,218.3,Debit card,False,1,1,5.3,False,7,12.9,1.5,5,51.4,10.0,10,True,5.5,True,3.0,2,Yes
CX01864,18,Fitness,App Store,Tablet,1,Month-to-month,Plus,4,False,23.52,22.81,Bank transfer,True,1,2,4.1,True,20,6.9,2.3,4,39.3,8.1,7,True,0.6,False,0.0,0,No
CX01865,37,News & Media,Paid Social,Mobile,34,Two year,Premium,7,True,58.93,1992.96,Credit card,True,1,6,2.8,True,22,11.8,4.3,11,73.3,9.3,9,False,4.6,False,0.0,2,No
CX01866,18,Fitness,Organic Search,Mobile,15,Annual,Basic,2,False,6.32,89.21,Credit card,True,1,2,28.5,True,19,10.8,3.4,18,30.2,8.2,7,False,23.1,True,10.8,1,No
CX01867,44,Productivity,App Store,Desktop,12,Annual,Premium,6,False,34.2,388.8,Digital wallet,True,1,3,10.3,False,8,9.3,1.2,14,61.5,9.0,7,False,8.9,False,0.0,2,No
CX01868,42,Productivity,Email Campaign,Mobile,21,Month-to-month,Basic,5,True,20.19,403.46,Bank transfer,True,0,1,19.8,True,7,9.4,1.1,10,41.3,7.3,9,False,3.8,False,0.0,2,No
CX01869,34,News & Media,Paid Social,Mobile,20,Month-to-month,Basic,2,False,10.67,203.36,Credit card,True,1,3,3.6,True,18,20.0,6.0,0,28.0,8.7,7,False,17.2,True,23.9,2,No
CX01870,39,Productivity,Paid Social,Smart TV,21,Annual,Basic,2,False,11.83,230.89,Credit card,True,1,2,9.4,True,20,9.0,3.0,7,26.4,8.3,9,False,1.8,False,0.0,2,No
CX01871,39,Productivity,Paid Social,Mobile,62,Two year,Standard,5,False,22.83,1313.9,Credit card,True,0,1,5.2,True,22,35.8,13.1,21,64.6,8.2,10,True,5.8,False,0.0,2,No
CX01872,32,News & Media,App Store,Desktop,17,Annual,Standard,2,True,19.82,324.39,Digital wallet,True,1,6,6.8,False,3,2.4,0.1,59,26.1,8.8,10,False,7.5,False,0.0,1,Yes
CX01873,60,Fitness,Organic Search,Mobile,14,Month-to-month,Basic,2,False,14.98,208.87,Debit card,True,0,1,13.6,True,11,25.7,4.7,9,68.9,7.8,8,True,7.2,False,0.0,1,No
CX01874,23,Streaming,Organic Search,Mobile,16,Annual,Standard,3,False,19.32,272.79,Credit card,False,2,3,2.9,True,18,18.1,5.4,8,43.8,8.8,10,False,4.4,True,12.0,2,No
CX01875,42,Streaming,Paid Social,Smart TV,6,Month-to-month,Standard,4,False,26.89,156.37,Credit card,False,2,3,8.8,False,8,7.3,1.0,1,29.1,7.6,7,False,6.1,False,0.0,1,No
CX01876,57,Fintech,App Store,Mobile,5,Month-to-month,Standard,5,False,29.84,140.48,Credit card,False,0,3,3.0,True,19,36.5,11.6,37,55.4,6.9,5,False,4.7,False,0.0,0,Yes
CX01877,36,Cloud Storage,Organic Search,Mobile,10,Month-to-month,Premium,3,False,28.95,283.65,Buy now pay later,True,0,4,9.6,True,9,4.8,0.7,8,58.9,9.7,10,False,2.7,False,0.0,0,Yes
CX01878,55,Cloud Storage,Email Campaign,Mobile,35,Two year,Standard,2,False,19.32,618.66,Digital wallet,False,3,1,12.7,True,13,12.5,2.7,2,44.9,8.5,8,False,2.3,True,17.6,1,No
CX01879,36,Fintech,Referral,Mobile,3,Month-to-month,Standard,3,True,18.24,54.17,UPI / Instant transfer,False,0,6,1.0,True,20,4.1,1.4,8,45.6,7.7,8,False,5.5,False,0.0,3,Yes
CX01880,33,Streaming,Organic Search,Desktop,8,Annual,Premium,7,False,44.27,337.12,Digital wallet,True,0,0,11.3,False,8,6.6,0.9,1,56.4,6.3,6,True,18.0,False,0.0,1,No
CX01881,42,News & Media,Paid Social,Desktop,11,Month-to-month,Premium,5,True,40.57,419.9,Bank transfer,False,2,4,2.6,False,16,4.3,1.1,8,44.5,8.3,7,False,0.9,False,0.0,0,Yes
CX01882,38,Cloud Storage,Paid Social,Desktop,2,Month-to-month,Premium,4,False,22.08,41.45,UPI / Instant transfer,True,1,3,20.9,True,20,19.0,6.3,19,62.2,7.4,6,False,5.1,False,0.0,0,No
CX01883,40,Cloud Storage,Influencer,Mobile,25,Annual,Basic,4,True,12.1,280.95,Debit card,True,1,3,9.5,False,5,23.1,1.9,28,33.5,9.3,10,False,1.8,False,0.0,2,Yes
CX01884,44,Cloud Storage,Organic Search,Mobile,5,Month-to-month,Standard,3,True,21.36,106.34,Credit card,True,0,3,1.4,True,20,5.8,1.9,11,46.0,7.3,8,False,2.8,False,0.0,3,No
CX01885,37,Productivity,Organic Search,Mobile,17,Month-to-month,Premium,6,False,30.24,484.11,Credit card,True,0,0,19.3,True,26,33.5,14.5,0,41.9,6.7,7,False,1.6,False,0.0,0,Yes
CX01886,30,Gaming,Influencer,Mobile,42,Annual,Plus,3,False,28.51,1058.31,Credit card,True,1,2,10.7,True,25,14.4,6.0,10,56.6,7.3,6,False,4.7,False,0.0,1,No
CX01887,36,Productivity,Paid Social,Smart TV,8,Annual,Basic,3,False,14.45,109.09,UPI / Instant transfer,True,0,4,2.1,True,15,14.3,3.6,5,56.9,9.8,10,False,7.3,False,0.0,3,No
CX01888,42,Fitness,Paid Social,Smart TV,3,Month-to-month,Basic,1,False,9.75,28.67,Digital wallet,True,0,0,8.3,True,13,2.8,0.6,8,47.8,10.0,10,False,4.3,False,0.0,1,Yes
CX01889,18,Fintech,Referral,Tablet,13,Month-to-month,Standard,1,False,13.27,156.87,UPI / Instant transfer,False,0,0,24.7,True,29,4.8,2.3,26,39.8,10.0,10,True,2.8,True,11.6,3,No
CX01890,22,Fitness,Organic Search,Smart TV,10,Annual,Basic,3,False,17.19,170.65,UPI / Instant transfer,False,1,4,11.6,False,2,13.2,0.4,8,65.6,7.0,8,False,12.8,False,0.0,0,Yes
CX01891,32,Productivity,App Store,Mobile,20,Annual,Premium,6,False,39.68,732.84,Digital wallet,True,0,4,0.7,True,23,7.8,3.0,8,26.4,9.4,10,False,2.2,False,0.0,4,No
CX01892,39,Productivity,Email Campaign,Mobile,25,Month-to-month,Basic,3,False,15.44,367.14,UPI / Instant transfer,False,2,3,21.7,False,5,8.4,0.7,7,42.1,9.1,9,False,0.7,False,0.0,1,No
CX01893,36,Fintech,Email Campaign,Mobile,24,Annual,Premium,6,True,45.21,1037.61,Bank transfer,False,0,5,19.0,True,16,32.7,8.7,11,62.3,6.1,6,False,10.0,False,0.0,0,No
CX01894,18,Streaming,App Store,Desktop,15,Month-to-month,Standard,1,False,10.19,138.13,UPI / Instant transfer,True,0,2,3.3,True,13,10.1,2.2,8,39.0,7.4,7,True,14.2,False,0.0,0,Yes
CX01895,34,News & Media,Organic Search,Smart TV,10,Annual,Premium,7,False,44.06,439.89,UPI / Instant transfer,True,0,5,15.5,False,11,13.3,2.4,9,75.2,8.2,10,False,1.7,False,0.0,2,No
CX01896,54,Streaming,App Store,Mobile,30,Annual,Standard,4,True,23.5,671.86,Credit card,True,0,2,20.1,False,3,5.4,0.3,28,50.1,7.3,9,False,7.2,False,0.0,0,No
CX01897,53,Streaming,Influencer,Desktop,32,Month-to-month,Basic,1,False,8.55,259.23,Digital wallet,True,1,5,4.6,True,9,14.0,2.1,9,51.1,7.6,8,False,12.6,True,13.9,1,Yes
CX01898,35,Streaming,App Store,Mobile,3,Month-to-month,Basic,1,False,11.27,30.34,Buy now pay later,True,0,2,12.6,True,14,6.6,1.5,14,71.4,8.8,10,True,1.8,False,0.0,1,No
CX01899,36,Productivity,Paid Social,Desktop,49,Annual,Plus,3,True,23.66,1158.46,Credit card,True,0,3,5.3,True,21,1.4,0.5,4,72.4,9.2,9,False,13.2,False,0.0,2,No
CX01900,27,Streaming,Influencer,Mobile,69,Two year,Basic,2,False,9.54,647.66,Credit card,True,1,3,2.4,True,17,7.9,2.2,12,60.2,8.7,9,True,6.5,True,20.1,3,No
CX01901,39,Streaming,App Store,Desktop,20,Annual,Standard,5,True,25.83,495.0,Debit card,True,0,5,23.2,False,8,12.6,1.7,9,66.9,6.5,7,False,3.4,False,0.0,1,Yes
CX01902,25,Fintech,Organic Search,Desktop,26,Annual,Basic,2,True,10.04,240.29,Bank transfer,True,1,1,22.3,False,4,15.6,1.0,4,67.2,9.8,10,True,11.1,False,0.0,2,No
CX01903,20,Fintech,Referral,Mobile,29,Two year,Standard,5,False,19.03,518.02,Bank transfer,True,0,1,15.7,True,19,14.8,4.7,4,40.4,9.0,8,True,1.2,False,0.0,2,No
CX01904,38,Fintech,Organic Search,Mobile,6,Month-to-month,Standard,3,False,23.85,132.32,Digital wallet,True,1,1,2.1,True,22,21.5,7.9,7,34.8,9.8,10,False,3.1,False,0.0,1,No
CX01905,18,Streaming,Referral,Tablet,28,Annual,Basic,1,True,9.14,247.0,Credit card,False,0,0,5.5,False,3,14.1,0.7,11,23.9,8.2,7,False,2.0,False,0.0,0,No
CX01906,22,Fintech,Paid Social,Desktop,8,Annual,Standard,3,False,21.95,170.35,Debit card,True,0,3,8.4,False,12,23.0,4.6,23,48.9,8.7,8,False,25.4,False,0.0,2,No
CX01907,33,Productivity,App Store,Mobile,22,Month-to-month,Plus,2,False,18.24,377.46,Credit card,False,0,3,5.7,True,14,9.9,2.3,6,55.9,9.3,10,False,1.3,False,0.0,3,Yes
CX01908,50,Productivity,Referral,Tablet,23,Annual,Basic,2,False,9.53,219.19,Bank transfer,True,1,1,5.6,False,6,19.4,1.9,10,40.4,7.1,5,False,2.0,False,0.0,1,No
CX01909,48,Fintech,Referral,Mobile,12,Month-to-month,Standard,1,False,12.96,147.87,UPI / Instant transfer,True,1,2,11.8,True,13,25.1,5.4,3,32.1,7.2,7,True,0.7,False,0.0,0,No
CX01910,43,News & Media,Paid Social,Tablet,7,Month-to-month,Plus,2,True,20.95,137.89,Credit card,True,0,2,19.0,True,17,11.9,3.4,15,50.4,7.9,10,False,3.3,False,0.0,0,No
CX01911,51,Fintech,Organic Search,Smart TV,24,Month-to-month,Plus,4,False,22.32,496.59,Digital wallet,False,4,3,9.3,False,14,40.2,9.4,7,23.4,7.5,5,False,1.8,False,0.0,0,No
CX01912,20,Productivity,Organic Search,Desktop,36,Month-to-month,Plus,3,False,22.88,758.45,UPI / Instant transfer,False,2,2,31.0,True,19,9.7,3.1,14,22.9,6.8,7,True,6.9,True,22.9,0,No
CX01913,50,News & Media,Organic Search,Desktop,7,Annual,Plus,8,True,37.7,248.33,Digital wallet,True,0,4,13.1,True,17,3.8,1.1,7,67.5,7.8,6,False,4.0,False,0.0,0,No
CX01914,20,Fintech,Referral,Mobile,39,Two year,Basic,2,False,9.03,334.28,Digital wallet,False,2,1,0.5,True,22,3.3,1.2,2,62.2,10.0,10,False,8.8,False,0.0,3,No
CX01915,50,Fitness,Influencer,Desktop,10,Month-to-month,Standard,2,False,14.4,140.14,Credit card,True,0,0,12.1,True,18,8.3,2.5,1,38.1,8.4,8,False,2.0,False,0.0,0,No
CX01916,39,Productivity,Email Campaign,Mobile,24,Two year,Plus,4,False,23.19,511.16,UPI / Instant transfer,True,0,1,17.4,True,25,13.8,5.8,15,47.4,8.7,9,True,14.9,False,0.0,3,No
CX01917,36,Cloud Storage,Organic Search,Mobile,4,Month-to-month,Standard,8,False,29.97,118.81,Debit card,True,0,1,3.6,True,14,21.0,4.9,1,36.8,7.7,10,True,0.9,False,0.0,1,No
CX01918,33,Streaming,Referral,Desktop,16,Month-to-month,Standard,1,False,15.27,240.6,Credit card,True,0,2,26.2,True,19,28.2,8.9,1,46.2,7.9,8,True,4.0,True,17.1,0,No
CX01919,41,Fitness,App Store,Mobile,10,Month-to-month,Standard,3,False,17.16,153.98,Credit card,False,2,1,12.2,True,18,9.0,2.7,4,49.7,8.2,8,False,3.6,False,0.0,2,No
CX01920,37,Fitness,Referral,Mobile,32,Month-to-month,Premium,8,False,36.65,1104.94,Digital wallet,False,0,4,13.3,True,24,15.6,6.2,8,31.2,7.0,8,False,4.3,False,0.0,0,Yes
CX01921,42,Streaming,Paid Social,Mobile,17,Annual,Plus,4,True,29.61,453.93,Bank transfer,False,2,3,5.1,True,15,10.1,2.5,8,44.8,7.5,8,False,3.2,False,0.0,3,No
CX01922,38,Streaming,App Store,Mobile,8,Annual,Basic,1,False,9.56,74.04,Bank transfer,True,0,4,7.5,True,14,13.2,3.1,2,76.1,7.3,6,False,16.1,False,0.0,1,No
CX01923,36,Productivity,Email Campaign,Smart TV,22,Month-to-month,Basic,3,False,9.85,191.86,Digital wallet,False,1,3,7.3,True,12,2.9,0.6,9,68.8,9.4,9,True,6.0,False,0.0,3,No
CX01924,48,Streaming,Paid Social,Mobile,14,Month-to-month,Standard,5,False,20.57,274.91,UPI / Instant transfer,True,1,5,11.4,True,22,18.0,6.6,10,33.9,6.0,7,False,0.1,True,9.8,0,No
CX01925,22,Fintech,Paid Social,Desktop,19,Annual,Basic,1,False,7.53,131.5,Credit card,True,1,1,13.9,False,1,21.5,0.4,67,69.1,8.6,8,False,8.2,False,0.0,0,No
CX01926,26,Cloud Storage,App Store,Mobile,8,Month-to-month,Standard,2,True,12.35,91.07,UPI / Instant transfer,True,0,1,13.6,True,16,5.7,1.5,1,41.1,8.0,7,False,1.3,False,0.0,1,No
CX01927,34,News & Media,Organic Search,Mobile,46,Annual,Basic,3,True,11.97,499.77,Debit card,True,0,2,19.6,True,15,22.0,5.5,12,59.1,8.1,10,False,4.1,False,0.0,2,No
CX01928,51,Streaming,Organic Search,Mobile,15,Month-to-month,Plus,4,False,18.17,263.73,Digital wallet,False,2,1,1.2,True,15,17.9,4.5,15,60.6,9.2,10,False,8.5,False,0.0,3,No
CX01929,25,Productivity,Email Campaign,Mobile,15,Annual,Plus,5,True,26.69,380.05,Debit card,True,0,1,34.0,True,21,16.9,5.9,2,37.5,6.6,6,True,1.4,True,12.0,0,No
CX01930,39,Streaming,Influencer,Desktop,8,Month-to-month,Standard,1,False,14.23,109.8,Credit card,False,0,1,10.4,True,17,7.5,2.1,4,67.4,7.9,10,True,1.5,True,6.0,5,Yes
CX01931,39,Streaming,Referral,Mobile,29,Month-to-month,Plus,7,False,42.65,1149.31,UPI / Instant transfer,True,0,1,3.6,True,21,16.6,5.8,8,61.5,9.3,8,False,8.5,False,0.0,4,No
CX01932,34,Fitness,Organic Search,Mobile,51,Month-to-month,Premium,5,False,29.8,1481.07,Credit card,True,0,2,4.2,True,28,7.7,3.6,21,48.4,8.9,8,False,0.3,False,0.0,2,No
CX01933,20,Fitness,Paid Social,Desktop,50,Annual,Premium,7,False,36.31,1745.83,Credit card,False,2,4,10.5,True,26,5.5,2.4,10,44.6,8.3,9,True,8.7,False,0.0,2,Yes
CX01934,29,Gaming,Organic Search,Desktop,26,Annual,Basic,3,False,12.11,277.58,Credit card,True,1,3,14.1,True,14,17.7,4.1,9,48.8,7.9,8,False,10.4,True,7.8,1,No
CX01935,21,Fintech,App Store,Desktop,14,Month-to-month,Basic,2,False,14.53,187.66,Bank transfer,True,1,0,2.6,False,4,17.1,1.1,1,53.7,9.1,9,False,0.8,False,0.0,1,No
CX01936,43,Productivity,Influencer,Mobile,5,Month-to-month,Plus,3,False,26.62,119.47,Credit card,True,0,2,4.1,True,21,22.8,8.0,2,63.9,8.5,10,True,7.3,True,3.0,1,No
CX01937,51,News & Media,App Store,Tablet,5,Month-to-month,Standard,2,False,13.49,63.98,Buy now pay later,True,0,4,11.2,False,6,7.2,0.7,4,57.5,6.8,8,False,11.0,False,0.0,0,No
CX01938,32,Streaming,Referral,Desktop,27,Month-to-month,Basic,2,False,10.05,247.56,Digital wallet,True,0,1,2.9,True,16,4.6,1.2,6,48.0,10.0,10,True,1.2,False,0.0,2,No
CX01939,35,Fitness,App Store,Mobile,47,Annual,Premium,4,False,32.81,1402.17,Bank transfer,False,3,6,9.1,True,21,4.7,1.6,5,36.5,6.3,6,True,1.3,True,3.0,0,No
CX01940,31,Fintech,Influencer,Mobile,17,Annual,Plus,6,False,27.82,418.1,Digital wallet,True,0,3,11.5,True,15,13.2,3.3,6,62.2,8.9,9,False,7.6,False,0.0,0,No
CX01941,27,Fintech,Paid Social,Desktop,12,Month-to-month,Standard,2,False,17.7,188.46,Debit card,False,2,3,12.7,False,7,3.1,0.4,26,57.0,8.4,6,True,3.7,False,0.0,1,No
CX01942,48,Streaming,Paid Social,Desktop,22,Month-to-month,Premium,4,False,35.55,738.71,Digital wallet,True,1,1,9.7,True,12,6.0,1.2,10,45.3,9.0,10,False,1.0,False,0.0,0,Yes
CX01943,48,Fitness,App Store,Desktop,3,Month-to-month,Premium,3,False,31.78,89.13,Buy now pay later,True,0,0,6.0,False,8,15.6,2.1,16,28.1,8.2,6,False,4.9,False,0.0,2,No
CX01944,35,Gaming,Referral,Mobile,8,Annual,Basic,2,True,9.0,69.63,Digital wallet,False,0,0,11.9,True,20,7.7,2.6,6,25.2,7.5,7,False,3.6,False,0.0,1,No
CX01945,31,Productivity,Influencer,Mobile,12,Month-to-month,Premium,8,False,56.81,618.14,Credit card,True,0,4,20.6,True,25,14.6,6.1,5,50.1,7.0,5,False,3.3,False,0.0,1,No
CX01946,18,Streaming,Paid Social,Desktop,18,Annual,Standard,3,True,19.86,340.98,Debit card,True,0,2,51.2,False,4,8.6,0.6,25,46.4,5.9,6,False,1.8,False,0.0,1,No
CX01947,40,Streaming,App Store,Desktop,14,Month-to-month,Standard,4,False,24.25,316.46,Bank transfer,False,1,3,4.9,True,14,12.1,2.8,13,35.3,8.6,10,False,7.0,False,0.0,2,Yes
CX01948,28,Productivity,Paid Social,Desktop,15,Month-to-month,Plus,3,False,23.91,350.43,Debit card,True,0,0,11.7,True,17,5.1,1.4,6,83.4,8.1,8,False,6.2,False,0.0,1,No
CX01949,60,Streaming,Paid Social,Mobile,4,Annual,Basic,3,False,10.29,41.09,Credit card,True,1,3,5.7,True,14,14.2,3.3,9,35.3,8.2,8,True,0.4,False,0.0,1,No
CX01950,45,Fintech,Organic Search,Desktop,12,Annual,Premium,4,False,32.87,362.41,UPI / Instant transfer,True,0,4,2.6,True,21,23.0,8.0,1,57.5,10.0,10,False,6.8,False,0.0,2,No
CX01951,18,Fitness,Organic Search,Desktop,10,Month-to-month,Plus,5,True,32.39,299.32,Credit card,True,1,3,31.6,True,17,18.1,5.1,20,43.7,7.9,6,False,5.3,True,3.9,1,Yes
CX01952,48,Cloud Storage,Referral,Tablet,48,Two year,Premium,6,False,29.55,1253.29,Debit card,True,1,3,3.8,True,24,16.0,6.4,8,39.3,8.7,8,False,12.2,False,0.0,4,No
CX01953,22,Productivity,Paid Social,Mobile,25,Annual,Premium,6,False,33.05,755.65,Credit card,True,1,1,21.9,True,26,10.9,4.7,7,42.3,7.7,8,False,0.1,False,0.0,0,No
CX01954,33,Fintech,Organic Search,Mobile,40,Annual,Basic,4,True,14.08,537.46,UPI / Instant transfer,True,0,4,13.6,True,19,28.5,9.0,12,56.6,9.5,10,True,10.8,True,23.4,1,No
CX01955,18,Streaming,App Store,Smart TV,12,Month-to-month,Standard,3,False,16.05,191.18,Credit card,True,0,1,26.2,True,17,23.0,6.5,12,12.7,6.4,4,False,1.2,False,0.0,1,Yes
CX01956,44,Gaming,Email Campaign,Desktop,14,Month-to-month,Standard,4,False,22.29,286.62,UPI / Instant transfer,True,0,2,3.8,False,10,23.1,3.8,2,58.6,7.8,8,True,6.3,False,0.0,1,No
CX01957,55,Productivity,Paid Social,Smart TV,12,Month-to-month,Basic,1,True,10.8,117.34,Digital wallet,False,1,2,6.9,False,4,7.4,0.5,11,51.2,6.7,9,False,2.5,False,0.0,1,No
CX01958,35,News & Media,Email Campaign,Mobile,38,Annual,Plus,4,False,25.05,947.82,Credit card,True,2,4,7.8,True,8,13.6,1.8,17,57.3,8.4,10,True,5.4,True,21.0,1,No
CX01959,59,Fintech,Paid Social,Desktop,31,Month-to-month,Basic,4,True,17.37,523.42,Credit card,True,0,4,32.4,False,1,11.4,0.2,9,54.4,5.8,6,True,5.1,False,0.0,0,No
CX01960,28,Streaming,Email Campaign,Desktop,14,Annual,Standard,3,False,17.55,236.14,Credit card,False,1,2,14.7,True,21,12.7,4.4,5,59.8,9.4,10,False,2.3,True,17.7,2,No
CX01961,35,Fintech,App Store,Desktop,84,Two year,Standard,3,False,21.98,1720.49,Buy now pay later,True,0,1,4.0,True,26,20.4,8.8,2,45.6,8.6,8,True,4.0,True,23.0,1,No
CX01962,21,Streaming,Organic Search,Mobile,4,Annual,Basic,1,True,8.44,31.49,Credit card,True,0,1,14.0,True,11,5.3,1.0,3,48.6,10.0,10,True,7.0,False,0.0,8,No
CX01963,27,Streaming,Organic Search,Mobile,11,Month-to-month,Plus,6,False,28.68,299.21,Bank transfer,True,0,2,12.3,True,20,11.4,3.8,4,42.4,8.9,8,True,1.6,True,11.5,2,Yes
CX01964,46,Cloud Storage,App Store,Mobile,25,Month-to-month,Standard,6,False,26.41,655.03,Credit card,False,3,2,2.5,True,20,10.3,3.4,16,51.1,7.8,6,False,9.7,True,17.3,2,No
CX01965,51,Fintech,Organic Search,Mobile,8,Month-to-month,Standard,1,True,15.44,111.16,Debit card,True,2,5,7.6,True,21,26.3,9.2,15,43.1,9.4,9,False,2.1,False,0.0,3,No
CX01966,29,Fintech,Influencer,Mobile,14,Annual,Standard,4,False,17.42,223.05,UPI / Instant transfer,False,0,2,31.5,True,9,5.4,0.8,16,19.4,5.6,4,False,5.1,False,0.0,0,Yes
CX01967,18,Productivity,App Store,Tablet,9,Month-to-month,Standard,3,False,22.85,197.8,Credit card,False,1,2,8.1,False,10,10.6,1.8,13,26.4,8.9,7,False,21.5,False,0.0,1,No
CX01968,57,Gaming,Referral,Smart TV,17,Month-to-month,Standard,2,False,19.07,300.5,Credit card,True,1,2,2.4,True,20,3.3,1.1,13,28.4,8.7,9,True,6.0,False,0.0,1,No
CX01969,43,Streaming,Email Campaign,Mobile,4,Month-to-month,Standard,4,False,21.42,78.68,Digital wallet,True,0,3,7.8,True,13,16.7,3.6,14,35.8,7.5,10,False,3.5,False,0.0,0,No
CX01970,47,Gaming,Referral,Mobile,16,Annual,Basic,3,False,20.82,296.24,Credit card,True,0,1,5.9,True,17,8.2,2.3,26,50.0,9.8,10,True,1.6,False,0.0,2,No
CX01971,37,Productivity,App Store,Desktop,37,Annual,Basic,1,False,8.03,284.05,Credit card,True,1,1,5.5,True,23,29.0,11.1,5,64.6,8.3,9,False,1.9,False,0.0,2,No
CX01972,45,Fitness,Organic Search,Smart TV,26,Annual,Standard,6,False,23.2,536.38,UPI / Instant transfer,False,3,1,25.1,False,9,5.0,0.8,2,46.5,9.6,10,False,7.4,False,0.0,3,No
CX01973,38,Fintech,Paid Social,Mobile,8,Month-to-month,Premium,8,False,33.73,261.66,Credit card,True,1,5,15.5,True,30,4.9,2.4,26,47.5,8.3,6,False,4.1,False,0.0,4,No
CX01974,41,Fintech,Referral,Mobile,32,Annual,Premium,2,True,31.73,1012.76,Debit card,True,0,3,7.0,True,19,5.2,1.6,10,52.5,8.2,9,False,8.9,True,10.4,2,Yes
CX01975,37,Cloud Storage,Paid Social,Smart TV,23,Two year,Premium,6,False,36.26,746.22,Credit card,False,2,4,8.9,True,22,7.8,2.9,23,75.4,8.4,10,False,6.7,False,0.0,0,No
CX01976,34,News & Media,Paid Social,Mobile,40,Two year,Premium,2,False,26.81,1036.9,Debit card,True,0,1,21.8,True,23,8.1,3.1,16,75.3,10.0,10,False,0.3,False,0.0,2,No
CX01977,31,Streaming,Organic Search,Mobile,21,Two year,Basic,1,False,7.08,147.06,Bank transfer,True,1,0,13.1,True,17,44.0,12.5,16,49.4,9.1,9,False,10.4,False,0.0,1,No
CX01978,51,Streaming,App Store,Mobile,24,Two year,Basic,4,False,18.51,427.28,Credit card,True,0,3,13.9,False,7,39.5,4.6,5,56.6,7.5,7,True,1.3,False,0.0,1,No
CX01979,45,Fintech,Paid Social,Mobile,42,Annual,Standard,1,False,15.58,631.16,Debit card,False,1,1,2.6,True,20,31.1,10.4,5,44.6,8.2,9,False,4.3,False,0.0,1,No
CX01980,43,Fitness,Referral,Mobile,7,Month-to-month,Plus,4,False,25.06,173.27,Debit card,False,3,4,16.6,True,14,3.9,0.9,7,38.3,6.3,7,False,2.9,True,9.6,0,Yes
CX01981,24,Streaming,Paid Social,Smart TV,22,Two year,Basic,1,False,9.5,197.35,Debit card,True,1,1,8.2,True,19,12.1,3.8,1,48.9,8.6,9,False,4.0,False,0.0,4,No
CX01982,25,Gaming,Organic Search,Mobile,12,Month-to-month,Plus,3,True,20.56,241.21,Debit card,True,0,3,12.9,True,17,4.0,1.1,8,33.1,6.8,7,True,4.6,False,0.0,1,No
CX01983,42,News & Media,Influencer,Mobile,13,Month-to-month,Standard,3,False,17.38,205.91,Buy now pay later,True,1,2,18.7,True,18,16.4,4.9,12,36.2,7.7,7,False,11.9,False,0.0,0,No
CX01984,27,Fintech,App Store,Mobile,29,Two year,Basic,2,False,10.61,306.71,Digital wallet,True,0,1,2.8,True,8,12.4,1.7,1,44.8,9.7,10,False,1.5,False,0.0,3,No
CX01985,28,Fintech,Referral,Mobile,15,Two year,Premium,3,True,30.42,423.3,Bank transfer,True,0,1,19.0,False,8,18.8,2.5,13,54.7,9.8,10,False,8.7,False,0.0,2,No
CX01986,26,Cloud Storage,Referral,Desktop,19,Month-to-month,Plus,8,False,51.78,960.62,UPI / Instant transfer,False,1,7,10.4,False,8,12.4,1.7,7,36.7,6.6,6,False,17.2,False,0.0,0,Yes
CX01987,57,Gaming,Email Campaign,Mobile,30,Two year,Premium,4,True,29.84,862.51,Credit card,True,0,4,16.8,True,21,24.6,8.6,3,53.8,7.7,9,True,2.5,False,0.0,1,No
CX01988,32,Cloud Storage,Email Campaign,Desktop,17,Month-to-month,Basic,3,False,12.87,199.71,Bank transfer,True,1,2,2.7,False,5,52.8,4.4,10,34.4,8.9,10,True,1.5,False,0.0,1,No
CX01989,46,Streaming,Referral,Smart TV,11,Month-to-month,Standard,1,False,12.77,125.84,Debit card,True,1,1,2.9,True,10,51.3,8.6,10,41.4,9.0,9,False,1.3,False,0.0,0,No
CX01990,25,Productivity,Referral,Mobile,13,Month-to-month,Plus,5,False,23.91,293.7,Bank transfer,True,0,3,22.8,True,14,24.8,5.8,11,34.8,8.4,8,False,8.0,False,0.0,2,No
CX01991,65,Fintech,Influencer,Mobile,36,Annual,Standard,2,False,15.94,515.88,Credit card,True,1,3,24.6,True,10,12.0,2.0,7,35.2,9.7,10,True,2.9,False,0.0,0,Yes
CX01992,35,Fintech,App Store,Smart TV,6,Month-to-month,Premium,5,False,27.92,151.23,Bank transfer,True,0,3,15.4,False,9,21.3,3.2,10,75.0,7.8,10,False,10.3,False,0.0,3,No
CX01993,41,Productivity,Organic Search,Smart TV,19,Annual,Plus,6,False,33.78,634.16,Credit card,False,0,3,11.6,False,9,15.6,2.3,4,38.3,8.6,10,False,1.6,False,0.0,1,No
CX01994,44,Fintech,Organic Search,Smart TV,12,Month-to-month,Plus,4,False,36.85,418.13,Digital wallet,False,3,5,29.2,False,9,20.6,3.1,4,42.7,5.4,5,True,2.3,False,0.0,0,Yes
CX01995,41,Streaming,Paid Social,Mobile,1,Month-to-month,Plus,5,False,29.45,28.37,Bank transfer,True,0,4,9.8,True,25,11.8,4.9,21,41.8,10.0,10,False,0.8,False,0.0,2,No
CX01996,34,Streaming,Organic Search,Mobile,53,Annual,Premium,4,True,38.54,1851.03,UPI / Instant transfer,False,1,1,16.4,True,29,26.0,12.6,5,61.7,8.7,8,False,2.6,True,21.7,0,No
CX01997,26,Streaming,Organic Search,Mobile,17,Annual,Standard,1,True,16.24,265.66,UPI / Instant transfer,True,0,0,4.3,True,16,9.9,2.6,12,78.3,8.2,6,False,5.7,False,0.0,1,No
CX01998,34,Fitness,Paid Social,Mobile,44,Month-to-month,Basic,2,False,11.39,475.15,Credit card,True,0,4,4.1,True,24,16.3,6.5,20,37.4,7.7,8,True,2.2,False,0.0,1,Yes
CX01999,45,Fitness,Email Campaign,Mobile,13,Month-to-month,Plus,4,False,19.24,223.32,Debit card,True,0,1,9.1,True,15,37.9,9.5,4,42.6,7.8,7,False,6.5,False,0.0,1,No
CX02000,43,Cloud Storage,Organic Search,Mobile,9,Annual,Standard,6,True,21.24,170.74,Debit card,True,0,6,4.4,True,29,11.1,5.4,9,37.3,8.3,8,True,10.5,False,0.0,0,No
CX02001,35,Gaming,Influencer,Mobile,43,Annual,Plus,6,False,31.52,1246.23,Buy now pay later,False,3,6,17.6,True,25,10.1,4.2,9,40.5,5.4,6,False,14.9,False,0.0,0,No
CX02002,38,Fintech,Paid Social,Desktop,31,Two year,Premium,3,False,24.75,678.55,UPI / Instant transfer,True,0,4,9.4,True,25,5.7,2.4,7,51.0,7.8,6,False,9.7,False,0.0,3,No
CX02003,44,Fintech,Paid Social,Mobile,8,Month-to-month,Plus,3,False,24.18,184.23,Credit card,True,1,2,2.4,True,24,2.4,1.0,12,65.8,10.0,10,False,6.8,True,9.1,3,No
CX02004,35,News & Media,Organic Search,Tablet,44,Two year,Standard,4,False,19.17,751.69,UPI / Instant transfer,False,1,3,3.1,True,21,5.6,2.0,1,45.9,10.0,10,True,21.0,False,0.0,1,No
CX02005,24,Cloud Storage,App Store,Tablet,49,Two year,Basic,1,False,10.64,506.74,Credit card,True,1,1,39.4,True,16,18.0,4.8,0,28.3,7.0,9,False,10.4,False,0.0,0,No
CX02006,47,News & Media,Referral,Mobile,32,Two year,Premium,3,False,35.25,1046.29,Bank transfer,True,0,1,3.2,True,33,3.4,1.9,3,39.3,7.4,9,True,3.5,False,0.0,1,No
CX02007,43,Cloud Storage,App Store,Desktop,15,Month-to-month,Standard,1,True,10.68,149.42,Debit card,False,1,6,15.8,True,24,9.2,3.7,9,54.6,6.4,3,True,1.2,True,15.1,0,Yes
CX02008,23,Fitness,Paid Social,Mobile,23,Annual,Plus,5,False,30.41,679.51,Digital wallet,True,0,2,10.2,True,23,12.3,4.7,2,43.5,8.7,9,False,13.1,False,0.0,1,Yes
CX02009,35,Gaming,App Store,Mobile,15,Month-to-month,Basic,3,False,8.3,118.15,UPI / Instant transfer,True,0,3,22.6,True,9,5.3,0.8,3,44.1,6.9,6,True,12.1,False,0.0,0,Yes
CX02010,26,Streaming,Email Campaign,Smart TV,34,Annual,Plus,3,False,23.16,767.55,UPI / Instant transfer,True,0,3,12.4,False,11,8.7,1.6,9,34.1,6.4,7,False,0.4,False,0.0,0,No
CX02011,19,Fitness,Organic Search,Mobile,15,Month-to-month,Standard,3,False,16.95,237.95,Bank transfer,False,1,4,9.3,True,24,10.7,4.3,7,75.1,6.3,3,False,2.8,True,16.4,0,No
CX02012,29,Fintech,Referral,Mobile,13,Annual,Plus,3,False,29.57,344.68,Credit card,True,0,3,11.8,True,20,4.9,1.6,4,54.2,7.1,8,True,3.2,True,16.2,0,No
CX02013,38,Streaming,Organic Search,Mobile,13,Month-to-month,Standard,2,False,14.56,179.86,Credit card,True,0,5,19.2,True,20,7.1,2.4,10,47.2,7.9,8,False,7.3,False,0.0,1,No
CX02014,36,News & Media,Referral,Mobile,12,Month-to-month,Basic,1,False,10.25,108.39,Credit card,True,0,2,1.4,True,12,5.9,1.2,0,38.0,7.3,9,True,6.3,False,0.0,0,Yes
CX02015,54,News & Media,Referral,Desktop,6,Month-to-month,Standard,2,True,14.47,83.05,Digital wallet,True,0,2,15.2,False,5,26.9,2.2,9,36.2,7.3,8,True,8.7,False,0.0,2,No
CX02016,36,News & Media,Organic Search,Desktop,1,Month-to-month,Premium,2,False,30.04,28.23,Credit card,False,0,1,7.0,True,12,15.1,3.0,21,38.7,8.3,9,False,3.3,False,0.0,0,No
CX02017,33,Productivity,App Store,Mobile,20,Month-to-month,Standard,4,True,19.87,356.52,Credit card,False,0,1,10.4,True,12,2.2,0.4,3,69.6,7.3,8,False,2.0,False,0.0,2,No
CX02018,36,Cloud Storage,Email Campaign,Smart TV,15,Annual,Premium,4,False,34.79,519.74,Credit card,True,1,4,21.4,True,27,12.4,5.6,8,25.3,7.3,7,False,7.1,False,0.0,0,No
CX02019,38,Streaming,Organic Search,Mobile,13,Annual,Basic,2,False,14.14,179.8,Bank transfer,True,1,2,12.1,True,16,9.4,2.5,5,34.3,8.6,7,True,6.5,False,0.0,0,No
CX02020,40,Streaming,Influencer,Tablet,12,Annual,Standard,1,False,13.75,153.68,Debit card,True,0,0,10.4,False,8,29.4,3.9,16,42.3,8.9,7,False,1.9,False,0.0,1,No
CX02021,41,Streaming,Referral,Mobile,17,Two year,Premium,7,True,47.81,725.58,Credit card,False,1,1,13.9,False,12,13.6,2.7,9,40.9,8.7,10,True,6.4,True,15.4,0,No
CX02022,22,Cloud Storage,Paid Social,Desktop,12,Month-to-month,Plus,5,False,30.49,322.82,Credit card,False,1,4,11.3,True,17,28.2,8.0,11,24.2,8.2,5,False,5.7,False,0.0,1,Yes
CX02023,30,News & Media,Organic Search,Mobile,13,Annual,Premium,5,False,30.93,359.73,Digital wallet,True,1,1,13.8,True,15,5.2,1.3,0,66.2,7.7,8,True,9.9,False,0.0,0,No
CX02024,25,Cloud Storage,Influencer,Desktop,8,Month-to-month,Standard,1,False,12.56,92.86,UPI / Instant transfer,False,1,1,9.2,True,16,55.1,14.7,7,67.5,7.8,10,True,5.4,False,0.0,1,Yes
CX02025,37,Fitness,Referral,Mobile,57,Annual,Premium,7,True,42.88,2333.63,Debit card,True,0,6,9.6,False,6,37.6,3.8,5,26.2,4.2,4,True,8.1,False,0.0,0,No
CX02026,20,Fitness,Referral,Mobile,6,Month-to-month,Standard,4,False,26.96,158.73,Credit card,True,0,3,13.0,True,18,3.4,1.0,6,10.6,6.9,6,True,3.6,False,0.0,0,Yes
CX02027,18,Fitness,Email Campaign,Mobile,9,Month-to-month,Plus,2,True,21.61,179.26,Credit card,False,0,1,5.9,True,18,15.2,4.6,21,38.1,5.8,6,False,11.6,True,3.0,0,Yes
CX02028,28,Cloud Storage,Referral,Smart TV,71,Annual,Standard,1,False,15.05,993.8,Debit card,True,1,4,12.2,False,7,8.1,0.9,21,34.0,8.0,8,True,5.9,False,0.0,1,No
CX02029,41,Streaming,Organic Search,Tablet,34,Annual,Premium,5,False,31.28,1026.73,Buy now pay later,True,0,3,12.9,True,32,27.1,14.5,5,54.0,7.8,9,False,2.4,False,0.0,3,No
CX02030,35,Fintech,Email Campaign,Mobile,12,Month-to-month,Basic,2,False,9.13,105.96,Credit card,True,0,1,13.3,True,14,28.7,6.7,12,44.4,8.3,10,True,10.0,True,16.9,1,No
CX02031,58,Streaming,App Store,Mobile,15,Annual,Standard,4,False,24.95,367.21,Credit card,True,0,2,5.7,True,13,9.0,2.0,5,23.0,8.4,8,False,2.0,False,0.0,2,No
CX02032,59,Productivity,Organic Search,Mobile,55,Month-to-month,Basic,2,True,12.2,668.63,UPI / Instant transfer,False,2,3,17.5,True,19,15.9,5.0,6,54.5,8.9,9,True,1.7,True,20.6,0,No
CX02033,45,Streaming,Organic Search,Mobile,70,Annual,Plus,6,False,37.12,2299.91,UPI / Instant transfer,False,1,2,13.8,True,18,14.8,4.4,7,44.0,9.4,9,True,1.5,True,18.1,1,No
CX02034,39,Streaming,Organic Search,Mobile,77,Annual,Premium,4,False,39.16,2682.95,Debit card,True,2,3,6.3,True,29,12.0,5.8,4,45.7,8.3,9,True,18.2,False,0.0,1,No
CX02035,28,Streaming,Influencer,Mobile,9,Month-to-month,Standard,4,False,21.44,172.79,UPI / Instant transfer,False,1,3,18.4,True,20,17.3,5.8,5,51.8,7.3,6,True,5.4,True,13.2,0,Yes
CX02036,38,Streaming,Referral,Smart TV,14,Month-to-month,Basic,2,False,10.86,141.36,Digital wallet,True,1,2,8.5,False,3,10.4,0.5,23,33.2,5.9,5,False,12.5,False,0.0,0,Yes
CX02037,39,News & Media,App Store,Smart TV,13,Month-to-month,Premium,4,False,31.6,361.7,Digital wallet,False,0,4,3.7,False,9,6.9,1.0,7,58.8,9.2,10,False,2.2,True,3.7,0,Yes
CX02038,18,Cloud Storage,Email Campaign,Mobile,31,Annual,Standard,3,True,18.56,565.8,UPI / Instant transfer,False,2,1,12.6,True,15,12.5,3.1,1,44.8,7.7,9,True,8.8,True,10.6,1,No
CX02039,21,Productivity,Paid Social,Desktop,12,Month-to-month,Standard,1,False,14.55,172.37,Bank transfer,True,1,1,6.9,False,7,5.8,0.7,2,41.4,6.8,5,True,11.8,False,0.0,1,Yes
CX02040,18,Gaming,Paid Social,Smart TV,40,Annual,Standard,2,False,10.57,380.87,Credit card,False,1,0,8.4,True,18,16.4,4.9,2,44.2,9.9,10,False,5.5,False,0.0,1,No
CX02041,35,Fitness,Organic Search,Desktop,17,Annual,Plus,2,False,22.94,363.29,Credit card,True,1,1,18.8,False,6,12.2,1.2,3,49.4,8.4,8,True,10.2,False,0.0,2,No
CX02042,50,Fitness,Email Campaign,Mobile,1,Month-to-month,Standard,2,False,15.36,15.21,Credit card,True,1,0,5.7,True,29,25.9,12.5,4,32.5,9.7,10,False,1.8,False,0.0,3,Yes
CX02043,62,News & Media,Referral,Smart TV,28,Month-to-month,Basic,3,False,12.45,339.56,Credit card,False,0,3,4.3,False,3,9.3,0.5,4,56.1,8.8,8,False,2.5,False,0.0,1,No
CX02044,18,Productivity,App Store,Mobile,6,Month-to-month,Premium,3,False,34.13,203.27,Digital wallet,False,1,4,8.6,True,18,6.5,2.0,5,47.9,7.2,7,False,4.7,True,19.8,0,Yes
CX02045,40,News & Media,Referral,Tablet,3,Month-to-month,Basic,1,False,8.83,26.48,Buy now pay later,False,3,3,8.5,True,19,8.1,2.6,2,45.2,7.6,8,True,0.3,False,0.0,0,Yes
CX02046,42,News & Media,Paid Social,Mobile,10,Month-to-month,Standard,4,False,22.19,216.5,Debit card,True,1,3,55.8,True,24,16.6,6.6,3,50.7,6.8,6,False,11.1,False,0.0,1,Yes
CX02047,18,Fintech,Organic Search,Desktop,32,Annual,Standard,2,True,19.38,612.08,Bank transfer,True,1,4,20.7,True,16,3.7,1.0,2,78.1,8.4,8,False,1.3,False,0.0,0,No
CX02048,23,News & Media,Paid Social,Mobile,9,Month-to-month,Standard,3,False,18.32,149.67,Digital wallet,False,3,1,1.1,True,14,8.0,1.9,3,63.4,9.2,10,True,1.2,True,7.9,1,No
CX02049,18,Fitness,Email Campaign,Mobile,32,Two year,Basic,1,False,7.29,229.79,Credit card,True,0,3,2.3,True,18,11.8,3.5,5,44.6,10.0,10,False,11.9,False,0.0,4,No
CX02050,34,Productivity,App Store,Mobile,25,Annual,Plus,4,True,25.53,611.99,Credit card,True,0,4,1.1,True,22,12.5,4.6,3,76.6,9.9,10,False,6.2,True,6.0,2,No
CX02051,30,Fintech,Paid Social,Smart TV,14,Month-to-month,Plus,2,True,25.54,325.36,Credit card,True,1,1,30.7,False,5,4.5,0.4,11,47.4,7.1,9,False,6.2,False,0.0,2,No
CX02052,40,Streaming,Organic Search,Desktop,33,Annual,Basic,4,True,12.37,402.87,Bank transfer,False,3,2,11.8,False,5,13.3,1.1,9,42.3,7.4,9,False,3.1,False,0.0,0,No
CX02053,39,Cloud Storage,App Store,Mobile,38,Annual,Basic,2,True,11.47,400.36,Credit card,True,0,1,20.0,True,9,13.7,2.1,10,65.2,7.5,6,False,15.7,False,0.0,0,No
CX02054,36,Streaming,Paid Social,Desktop,7,Month-to-month,Basic,1,False,7.14,45.09,Debit card,True,1,0,11.3,False,7,14.7,1.7,3,62.1,7.1,7,False,1.5,False,0.0,1,No
CX02055,25,Productivity,Email Campaign,Mobile,21,Month-to-month,Plus,5,False,28.92,590.86,Credit card,False,0,0,7.4,True,13,16.5,3.6,5,36.5,8.1,9,False,4.4,False,0.0,0,No
CX02056,42,Gaming,App Store,Smart TV,8,Month-to-month,Premium,6,False,48.37,345.96,Debit card,True,1,5,40.3,True,23,8.6,3.3,18,37.3,5.4,7,False,1.8,False,0.0,0,No
CX02057,50,Productivity,App Store,Tablet,9,Annual,Standard,2,False,13.17,105.77,Credit card,True,0,2,12.1,False,4,6.5,0.4,7,45.8,6.7,4,False,1.4,False,0.0,0,No
CX02058,56,Streaming,Organic Search,Mobile,15,Month-to-month,Premium,5,False,30.91,449.58,Credit card,True,0,2,6.0,True,24,30.1,12.0,6,55.3,10.0,10,False,2.4,False,0.0,1,No
CX02059,30,Streaming,Influencer,Tablet,16,Month-to-month,Plus,4,False,28.06,399.77,UPI / Instant transfer,True,0,4,16.9,True,12,14.1,2.8,4,36.7,6.8,8,False,10.1,True,7.7,1,No
CX02060,36,News & Media,Paid Social,Mobile,49,Two year,Standard,3,False,20.77,966.42,Digital wallet,False,0,2,11.7,True,17,21.8,6.2,0,77.3,6.7,6,False,3.9,True,22.3,0,No
CX02061,37,Fintech,Referral,Mobile,12,Annual,Standard,4,False,21.29,244.26,Buy now pay later,True,2,2,7.3,True,17,21.3,6.0,5,44.4,6.5,5,False,1.9,False,0.0,0,No
CX02062,50,Cloud Storage,Email Campaign,Smart TV,21,Month-to-month,Plus,3,True,20.31,395.24,Credit card,False,0,1,12.2,True,28,10.7,5.0,28,57.5,9.5,10,False,21.2,False,0.0,1,Yes
CX02063,40,Streaming,App Store,Mobile,19,Annual,Plus,4,False,23.82,429.8,Debit card,False,0,2,8.5,True,23,14.7,5.6,7,55.6,7.9,8,False,2.9,False,0.0,1,No
CX02064,33,Fintech,Influencer,Desktop,13,Annual,Plus,4,False,28.73,341.46,Credit card,True,0,5,25.2,True,20,13.1,4.4,1,45.5,5.9,5,False,2.8,True,15.2,0,No
CX02065,51,News & Media,Organic Search,Mobile,35,Annual,Standard,2,False,15.66,518.02,Bank transfer,True,1,1,8.7,True,12,12.4,2.5,5,44.3,9.1,8,True,7.4,False,0.0,2,No
CX02066,53,Streaming,Influencer,Mobile,46,Month-to-month,Plus,7,False,26.6,1118.54,Credit card,True,1,6,3.1,True,24,11.3,4.5,1,50.4,8.7,9,False,2.9,True,6.1,2,No
CX02067,19,Streaming,Organic Search,Mobile,40,Two year,Basic,4,True,13.46,516.84,Debit card,True,0,3,10.8,True,14,11.7,2.7,13,33.2,6.2,9,True,4.1,False,0.0,0,No
CX02068,46,Productivity,Organic Search,Desktop,2,Annual,Basic,3,False,14.14,26.56,UPI / Instant transfer,False,1,3,7.4,False,2,8.0,0.3,8,59.8,6.5,6,True,26.8,False,0.0,1,Yes
CX02069,28,Streaming,Organic Search,Mobile,2,Month-to-month,Standard,2,False,17.9,34.89,Credit card,False,2,1,18.6,True,17,35.7,10.1,4,32.6,7.8,10,True,9.0,False,0.0,3,Yes
CX02070,34,Fitness,Email Campaign,Mobile,7,Month-to-month,Basic,2,False,9.63,61.92,Buy now pay later,True,0,1,8.4,True,14,7.0,1.6,9,35.3,9.3,7,True,4.5,True,17.3,1,Yes
CX02071,29,Fitness,Organic Search,Smart TV,24,Month-to-month,Plus,3,False,24.41,565.09,Debit card,False,0,3,2.4,True,24,14.0,5.6,4,26.7,7.2,9,False,2.7,True,4.4,0,Yes
CX02072,33,News & Media,Email Campaign,Smart TV,22,Month-to-month,Standard,4,False,26.18,575.01,UPI / Instant transfer,False,2,1,6.7,True,14,4.9,1.1,8,19.9,8.2,6,False,4.5,False,0.0,0,No
CX02073,44,Fintech,Referral,Tablet,17,Month-to-month,Standard,2,False,17.39,278.7,Credit card,True,1,2,9.4,True,16,19.4,5.2,11,30.0,6.5,6,True,8.3,True,22.0,0,Yes
CX02074,25,Streaming,Paid Social,Mobile,17,Month-to-month,Standard,2,False,18.09,290.4,Credit card,True,0,2,0.7,True,13,23.5,5.1,8,56.4,9.8,10,False,4.8,False,0.0,0,No
CX02075,19,Gaming,Influencer,Smart TV,23,Two year,Standard,3,False,13.82,313.57,UPI / Instant transfer,False,3,1,4.9,True,16,10.7,2.9,2,47.9,7.5,6,False,0.0,False,0.0,0,No
CX02076,22,Streaming,Referral,Desktop,23,Annual,Standard,3,False,21.36,463.34,UPI / Instant transfer,True,0,3,4.1,False,7,3.5,0.4,4,37.8,8.8,8,False,6.6,False,0.0,2,No
CX02077,38,Fitness,Paid Social,Mobile,22,Month-to-month,Premium,6,False,50.06,969.54,Digital wallet,True,0,7,4.6,True,20,28.6,9.5,6,51.1,10.0,10,False,11.1,False,0.0,3,No
CX02078,39,Streaming,Organic Search,Tablet,25,Month-to-month,Standard,2,False,12.71,292.74,Debit card,False,1,2,8.9,True,9,11.0,1.6,10,40.0,7.2,6,False,2.2,False,0.0,3,No
CX02079,23,Cloud Storage,Organic Search,Smart TV,35,Two year,Standard,3,False,19.0,659.0,UPI / Instant transfer,False,0,3,20.3,True,19,26.2,8.3,12,60.4,6.5,6,False,0.2,False,0.0,1,No
CX02080,38,Fintech,Organic Search,Smart TV,11,Month-to-month,Basic,2,False,16.58,168.1,Digital wallet,False,0,4,11.0,True,22,15.5,5.7,18,36.0,6.1,7,False,0.6,True,5.0,1,Yes
CX02081,18,Fitness,Referral,Mobile,34,Month-to-month,Plus,4,False,20.13,628.39,Digital wallet,False,0,4,5.0,True,23,18.5,7.1,5,74.8,10.0,9,False,10.3,False,0.0,3,No
CX02082,33,Fitness,Paid Social,Mobile,20,Month-to-month,Standard,4,False,19.19,356.13,Bank transfer,True,1,5,13.2,True,25,23.5,9.8,3,38.6,8.3,6,False,5.1,False,0.0,1,No
CX02083,19,Gaming,Organic Search,Mobile,54,Month-to-month,Basic,1,False,7.0,351.68,Credit card,False,1,2,1.9,True,16,11.8,3.1,8,49.5,7.3,8,True,3.2,False,0.0,1,No
CX02084,27,Productivity,Paid Social,Mobile,7,Month-to-month,Premium,3,False,33.08,212.88,UPI / Instant transfer,False,3,2,4.4,True,23,16.7,6.4,9,64.7,7.9,7,True,5.6,False,0.0,0,No
CX02085,45,Gaming,Referral,Smart TV,10,Annual,Basic,2,False,10.97,100.56,Credit card,True,0,5,17.9,False,5,13.8,1.2,15,51.3,7.5,6,False,2.8,False,0.0,0,Yes
CX02086,48,Productivity,Organic Search,Mobile,30,Annual,Plus,4,True,30.49,850.58,UPI / Instant transfer,False,0,3,5.8,True,26,12.5,5.4,13,40.8,7.9,9,False,7.1,False,0.0,0,No
CX02087,34,Productivity,Organic Search,Mobile,7,Month-to-month,Standard,3,False,21.03,130.9,Credit card,True,0,2,15.7,True,17,13.2,3.7,5,37.8,9.1,9,True,16.2,True,12.0,0,Yes
CX02088,26,Fitness,App Store,Smart TV,27,Annual,Premium,5,True,39.4,959.69,Debit card,True,0,1,5.2,True,21,8.4,2.9,7,50.6,7.2,7,False,5.7,False,0.0,0,No
CX02089,51,Streaming,App Store,Mobile,7,Month-to-month,Plus,3,True,21.67,137.79,UPI / Instant transfer,False,0,2,15.3,True,22,8.6,3.2,3,39.9,7.7,8,True,7.3,True,9.4,2,No
CX02090,18,Streaming,Organic Search,Tablet,14,Annual,Premium,5,True,42.05,534.2,Debit card,False,0,1,8.7,True,14,8.9,2.1,2,41.1,9.3,7,False,1.4,False,0.0,0,No
CX02091,19,Productivity,Organic Search,Mobile,37,Two year,Basic,2,True,14.79,531.99,Credit card,True,0,2,5.5,True,25,42.2,17.6,3,22.5,10.0,10,False,11.6,False,0.0,4,No
CX02092,22,Streaming,Referral,Desktop,31,Annual,Plus,3,False,25.95,791.83,Debit card,True,1,3,10.1,False,7,27.2,3.2,2,49.3,9.6,10,False,0.6,False,0.0,2,No
CX02093,50,Productivity,Paid Social,Mobile,25,Annual,Premium,6,False,44.65,1055.87,Digital wallet,False,2,2,26.4,True,25,18.6,7.8,5,38.3,6.5,8,True,0.8,False,0.0,0,Yes
CX02094,33,Fintech,Referral,Mobile,19,Month-to-month,Premium,4,False,31.14,527.72,Credit card,True,0,3,13.3,True,11,9.1,1.7,25,45.2,9.3,7,False,4.3,False,0.0,3,Yes
CX02095,27,Productivity,Organic Search,Tablet,27,Month-to-month,Plus,6,False,27.34,714.75,UPI / Instant transfer,False,0,7,7.4,True,12,15.6,3.1,21,61.7,6.5,5,False,4.1,True,7.2,0,Yes
CX02096,35,News & Media,App Store,Tablet,59,Two year,Basic,4,False,12.91,671.42,Debit card,True,2,2,19.1,True,19,17.7,5.6,9,39.3,8.7,9,False,7.7,True,17.1,2,No
CX02097,43,News & Media,Paid Social,Desktop,14,Month-to-month,Standard,4,False,22.17,289.0,Credit card,True,0,1,22.5,False,5,11.0,0.9,14,44.0,7.2,7,True,2.7,False,0.0,2,Yes
CX02098,33,Streaming,Organic Search,Desktop,79,Month-to-month,Basic,1,False,9.64,685.0,UPI / Instant transfer,True,0,2,10.8,True,17,10.4,2.9,8,48.8,7.1,8,False,0.9,False,0.0,0,No
CX02099,46,Streaming,Email Campaign,Mobile,34,Annual,Standard,2,False,16.11,489.76,Credit card,True,1,5,26.1,True,17,29.0,8.2,22,43.8,6.5,7,False,2.8,False,0.0,0,Yes
CX02100,43,Fitness,Organic Search,Desktop,11,Month-to-month,Basic,5,True,18.4,198.14,Digital wallet,False,1,2,5.6,True,19,9.9,3.1,1,36.1,6.7,7,False,0.4,False,0.0,0,Yes
CX02101,27,Cloud Storage,Referral,Mobile,16,Month-to-month,Standard,3,False,24.67,360.62,Credit card,True,1,1,23.8,True,20,6.6,2.2,15,29.9,5.7,4,False,7.0,False,0.0,0,No
CX02102,32,Fitness,Influencer,Desktop,14,Month-to-month,Standard,2,False,15.57,206.81,UPI / Instant transfer,True,0,3,12.1,True,20,29.5,9.8,5,59.9,9.7,7,True,3.8,True,28.2,0,No
CX02103,40,News & Media,Referral,Mobile,10,Month-to-month,Plus,3,False,21.83,214.99,Credit card,True,0,5,6.7,True,22,12.7,4.7,5,60.6,8.7,9,True,4.3,False,0.0,0,Yes
CX02104,41,Streaming,Organic Search,Desktop,19,Two year,Basic,2,True,14.72,250.83,UPI / Instant transfer,True,0,2,4.9,True,19,6.5,2.1,11,67.0,10.0,9,False,14.3,False,0.0,2,No
CX02105,18,Fintech,Referral,Mobile,17,Month-to-month,Basic,2,False,10.37,163.62,Credit card,True,0,2,31.2,True,19,6.8,2.2,12,28.6,7.4,7,False,4.3,False,0.0,0,No
CX02106,18,Fintech,Influencer,Mobile,70,Annual,Basic,5,False,18.36,1156.27,Bank transfer,True,0,7,11.9,True,19,28.8,9.1,12,34.9,7.3,10,False,0.8,False,0.0,0,Yes
CX02107,49,Cloud Storage,Paid Social,Desktop,16,Annual,Basic,4,True,15.73,245.21,Credit card,True,0,3,7.5,True,14,5.7,1.3,5,47.1,9.1,9,False,4.3,False,0.0,3,No
CX02108,24,Fitness,App Store,Desktop,11,Month-to-month,Basic,4,True,14.86,152.78,UPI / Instant transfer,True,0,1,5.2,True,10,20.5,3.4,15,47.5,7.4,6,False,0.1,False,0.0,1,No
CX02109,34,Fitness,Referral,Desktop,19,Two year,Standard,3,False,16.26,291.63,Debit card,True,0,0,8.9,True,19,3.0,1.0,4,48.8,8.9,10,True,5.9,True,6.8,1,No
CX02110,57,Gaming,Organic Search,Mobile,21,Annual,Standard,4,False,19.15,364.99,UPI / Instant transfer,True,0,1,5.0,True,15,7.0,1.8,19,45.6,7.3,6,False,0.4,False,0.0,0,No
CX02111,30,Streaming,Paid Social,Mobile,25,Annual,Basic,2,False,8.41,192.8,Digital wallet,True,2,2,9.5,True,19,15.5,4.9,10,33.8,7.5,10,True,1.0,True,3.0,1,No
CX02112,43,Fintech,Organic Search,Tablet,30,Annual,Plus,2,False,22.03,660.4,Credit card,False,0,2,4.9,False,8,19.2,2.6,5,45.8,6.8,7,True,6.4,False,0.0,0,No
CX02113,59,Productivity,Referral,Mobile,25,Annual,Plus,2,False,21.36,517.76,Credit card,True,0,1,22.6,False,10,12.3,2.0,10,48.0,8.8,8,True,9.4,True,10.8,0,No
CX02114,45,Fintech,Influencer,Smart TV,26,Month-to-month,Standard,2,False,14.18,343.07,Buy now pay later,True,0,1,9.7,True,12,28.4,5.7,3,34.5,9.4,10,True,4.4,True,15.5,2,No
CX02115,43,Productivity,Influencer,Mobile,27,Two year,Basic,1,False,11.7,312.42,Credit card,True,1,0,2.8,True,21,8.6,3.0,11,46.3,8.7,10,False,21.1,False,0.0,2,No
CX02116,28,Streaming,Referral,Desktop,4,Month-to-month,Premium,6,False,34.33,132.92,Digital wallet,True,0,5,3.4,True,20,4.9,1.6,17,38.7,7.4,8,True,1.8,False,0.0,1,No
CX02117,58,Gaming,Organic Search,Mobile,8,Month-to-month,Standard,2,False,11.72,91.14,UPI / Instant transfer,True,0,1,18.7,True,19,7.6,2.4,36,60.0,8.4,9,True,4.2,True,18.6,1,No
CX02118,36,Streaming,Email Campaign,Mobile,5,Month-to-month,Standard,3,False,17.41,79.48,Digital wallet,False,1,3,8.8,True,16,4.7,1.3,14,49.2,7.5,9,True,5.3,False,0.0,2,Yes
CX02119,36,Streaming,Organic Search,Mobile,11,Month-to-month,Plus,3,False,23.36,250.42,Credit card,True,1,7,7.4,True,30,32.1,16.0,5,28.0,8.8,8,False,10.2,True,17.7,1,Yes
CX02120,23,Streaming,Referral,Desktop,31,Two year,Standard,1,False,12.83,368.75,Digital wallet,True,2,3,5.1,True,16,28.1,7.5,21,52.8,8.7,8,True,3.5,False,0.0,1,No
CX02121,30,News & Media,App Store,Mobile,8,Month-to-month,Standard,3,True,17.16,133.83,Digital wallet,True,0,1,14.2,True,20,16.3,5.4,2,63.9,7.8,8,False,4.3,False,0.0,0,No
CX02122,34,Gaming,Influencer,Mobile,9,Month-to-month,Standard,3,False,18.21,149.2,Debit card,True,0,2,12.9,True,15,15.9,4.0,5,53.1,9.3,10,False,4.3,False,0.0,2,No
CX02123,43,Streaming,Organic Search,Mobile,35,Annual,Basic,3,False,13.22,448.8,Credit card,True,0,4,9.5,False,3,38.2,1.9,15,35.8,7.0,8,True,0.6,False,0.0,1,No
CX02124,47,Fintech,Referral,Mobile,10,Annual,Standard,6,True,28.9,284.96,Credit card,True,0,3,39.2,True,16,17.0,4.5,19,42.4,7.8,10,False,1.7,False,0.0,0,No
CX02125,47,Productivity,Influencer,Mobile,7,Month-to-month,Standard,1,False,10.51,68.94,Credit card,True,0,2,3.8,True,21,7.2,2.5,4,38.4,6.8,6,False,4.6,False,0.0,0,No
CX02126,23,Fintech,Influencer,Mobile,30,Two year,Standard,1,False,22.34,669.87,Credit card,True,1,0,54.7,True,14,6.0,1.4,9,48.0,5.4,3,True,3.5,False,0.0,0,No
CX02127,34,News & Media,Organic Search,Desktop,13,Month-to-month,Basic,1,False,9.05,104.02,Bank transfer,False,0,0,13.4,True,16,26.9,7.2,5,60.2,8.4,9,True,4.7,True,24.0,3,No
CX02128,30,Fintech,Email Campaign,Mobile,32,Annual,Standard,3,False,19.39,567.14,UPI / Instant transfer,True,0,2,6.2,True,20,22.5,7.5,9,56.6,9.3,10,True,10.7,True,23.1,4,No
CX02129,61,Streaming,Referral,Mobile,17,Month-to-month,Standard,4,False,18.43,307.65,Debit card,False,0,2,13.4,True,14,23.1,5.4,2,38.2,8.9,9,False,8.4,False,0.0,1,No
CX02130,44,Fintech,Organic Search,Smart TV,5,Month-to-month,Standard,2,False,12.04,55.98,Debit card,True,0,0,0.8,False,9,15.4,2.3,1,53.6,10.0,9,False,3.0,False,0.0,0,No
CX02131,31,Fitness,Paid Social,Mobile,70,Two year,Standard,7,True,26.18,1797.25,Credit card,True,0,3,8.6,True,18,10.2,3.1,4,50.4,7.1,4,True,3.3,True,7.1,0,No
CX02132,28,Productivity,Paid Social,Mobile,34,Two year,Basic,3,False,15.37,474.39,Digital wallet,False,1,1,3.6,True,14,4.3,1.0,23,62.1,8.9,10,False,9.0,True,19.2,2,No
CX02133,23,Fitness,Organic Search,Desktop,40,Annual,Plus,4,False,32.65,1180.31,Debit card,False,1,2,17.1,True,15,6.6,1.6,13,55.2,7.6,6,True,15.8,False,0.0,1,No
CX02134,40,Streaming,Influencer,Mobile,2,Month-to-month,Basic,2,False,13.68,25.57,Debit card,True,2,0,5.6,True,16,11.6,3.1,8,38.1,7.8,5,False,10.4,False,0.0,1,No
CX02135,31,Fintech,App Store,Tablet,17,Two year,Plus,1,False,24.56,376.78,Debit card,True,1,2,21.2,False,16,12.7,3.4,4,57.9,9.7,9,False,5.3,True,15.3,2,No
CX02136,18,Streaming,Organic Search,Desktop,32,Month-to-month,Standard,2,False,14.31,416.72,Digital wallet,False,2,2,9.6,True,13,10.2,2.2,3,53.3,8.6,8,False,11.5,False,0.0,0,Yes
CX02137,31,Gaming,Organic Search,Mobile,23,Annual,Standard,4,False,15.51,328.37,Credit card,True,1,2,23.9,False,5,20.2,1.7,6,39.6,6.9,6,False,5.3,False,0.0,2,No
CX02138,48,Streaming,Organic Search,Mobile,26,Month-to-month,Premium,8,False,45.05,1115.46,Credit card,True,0,3,8.2,False,13,3.6,0.8,10,49.5,6.7,6,False,2.5,True,11.1,0,No
CX02139,33,News & Media,Influencer,Mobile,22,Month-to-month,Premium,3,False,25.05,525.95,Debit card,False,1,1,7.5,True,26,19.7,8.5,5,45.9,8.8,7,True,1.1,False,0.0,2,No
CX02140,74,Productivity,Referral,Mobile,13,Month-to-month,Basic,1,False,8.37,96.69,Credit card,False,1,2,10.8,True,13,1.0,0.2,12,37.2,7.5,6,False,7.2,False,0.0,0,Yes
CX02141,36,Gaming,Email Campaign,Mobile,8,Month-to-month,Plus,3,False,19.18,148.49,Bank transfer,False,0,1,26.0,True,18,11.8,3.5,1,45.8,6.2,6,False,5.2,True,24.5,0,No
CX02142,47,Streaming,App Store,Desktop,11,Month-to-month,Standard,5,True,15.56,167.03,Digital wallet,True,2,1,18.3,True,14,47.7,11.1,13,65.8,8.4,7,True,4.9,True,25.2,1,No
CX02143,43,Fintech,App Store,Mobile,64,Annual,Premium,2,False,31.14,1882.35,Digital wallet,False,3,2,6.1,True,23,8.2,3.1,3,53.4,6.8,7,False,2.9,True,16.5,1,No
CX02144,38,Streaming,Influencer,Mobile,16,Annual,Plus,2,False,16.43,250.64,Credit card,False,1,1,41.5,True,20,19.0,6.3,11,71.1,6.8,8,False,1.8,False,0.0,0,No
CX02145,25,Productivity,Paid Social,Smart TV,36,Annual,Standard,1,False,21.22,746.85,UPI / Instant transfer,True,0,5,18.6,False,5,18.4,1.5,9,40.7,7.2,6,True,9.6,False,0.0,3,No
CX02146,33,Fintech,Referral,Mobile,29,Two year,Standard,4,False,24.59,640.29,Credit card,True,0,2,14.1,True,22,12.2,4.5,32,37.6,10.0,8,True,2.7,False,0.0,2,No
CX02147,40,Productivity,Paid Social,Mobile,21,Month-to-month,Standard,4,False,21.13,394.71,Credit card,False,1,10,8.5,True,15,10.3,2.6,5,33.5,7.3,5,False,3.6,False,0.0,0,Yes
CX02148,40,Fintech,Referral,Smart TV,18,Two year,Basic,2,True,10.52,187.57,Credit card,True,0,3,9.6,False,7,15.9,1.9,3,59.3,9.1,8,False,5.1,True,19.0,1,No
CX02149,18,News & Media,Referral,Smart TV,8,Annual,Basic,2,False,9.2,72.4,Debit card,True,1,2,5.4,False,5,10.0,0.8,3,25.9,8.0,10,True,3.6,True,14.9,3,No
CX02150,41,Fintech,Email Campaign,Desktop,13,Month-to-month,Plus,8,False,26.22,337.52,Digital wallet,True,0,1,3.6,True,26,9.1,3.9,12,22.0,9.0,7,False,1.4,False,0.0,1,No
CX02151,42,Streaming,Email Campaign,Mobile,28,Annual,Plus,5,False,25.7,695.92,UPI / Instant transfer,False,3,1,7.9,True,15,7.9,2.0,8,50.0,10.0,10,True,8.0,True,21.5,2,No
CX02152,25,Streaming,App Store,Desktop,12,Month-to-month,Plus,3,False,29.24,328.83,Debit card,True,0,4,5.2,False,10,24.0,4.0,3,58.6,8.4,9,True,3.3,True,21.1,0,No
CX02153,35,Productivity,Email Campaign,Mobile,31,Month-to-month,Plus,2,False,19.54,570.73,UPI / Instant transfer,False,0,2,8.1,True,29,5.4,2.6,1,36.7,8.7,9,True,8.5,False,0.0,0,No
CX02154,52,News & Media,Paid Social,Mobile,7,Month-to-month,Premium,5,False,24.84,170.52,Bank transfer,True,0,2,7.2,True,21,7.7,2.7,20,54.5,8.5,8,True,1.4,True,5.1,0,No
CX02155,23,Productivity,Paid Social,Desktop,6,Month-to-month,Premium,7,True,42.95,238.98,Credit card,True,0,0,1.1,True,23,2.6,1.0,22,34.7,8.9,8,True,2.5,False,0.0,4,No
CX02156,35,Productivity,Influencer,Mobile,37,Month-to-month,Basic,3,True,12.58,440.81,Debit card,True,0,5,14.6,True,27,14.1,6.3,10,30.4,7.8,4,False,2.4,False,0.0,1,No
CX02157,36,Fintech,Organic Search,Mobile,55,Two year,Standard,3,True,20.68,1127.77,Bank transfer,True,0,0,5.3,True,17,7.2,2.0,13,60.1,9.4,10,False,2.9,False,0.0,1,No
CX02158,33,Fintech,App Store,Mobile,22,Two year,Premium,5,False,30.01,617.57,Debit card,True,0,2,5.2,True,17,14.3,4.1,5,59.7,10.0,10,True,6.9,True,26.3,2,No
CX02159,35,Streaming,Organic Search,Mobile,32,Month-to-month,Standard,5,True,21.45,639.66,Credit card,True,0,3,6.9,True,27,5.4,2.4,8,51.6,8.6,9,False,2.9,False,0.0,2,No
CX02160,38,Productivity,Organic Search,Desktop,21,Annual,Plus,2,True,21.32,436.16,Credit card,False,0,2,6.0,False,11,11.6,2.1,12,56.8,9.3,9,True,4.0,False,0.0,3,No
CX02161,55,Streaming,Email Campaign,Tablet,16,Month-to-month,Standard,2,False,15.25,242.84,UPI / Instant transfer,False,1,3,7.9,True,22,15.5,5.7,13,26.8,5.8,5,False,5.6,False,0.0,0,Yes
CX02162,39,Streaming,Organic Search,Desktop,16,Month-to-month,Basic,1,True,14.13,203.12,Digital wallet,True,2,1,24.6,True,15,3.8,1.0,16,35.4,8.2,6,False,2.7,False,0.0,0,Yes
CX02163,30,Fintech,Paid Social,Mobile,9,Month-to-month,Plus,3,False,24.05,194.34,Credit card,False,3,3,26.1,True,15,33.2,8.3,13,58.6,7.3,6,False,1.6,False,0.0,1,Yes
CX02164,26,Fitness,Paid Social,Smart TV,10,Month-to-month,Standard,2,False,15.47,145.57,Credit card,True,1,2,4.2,True,14,7.7,1.8,8,49.9,10.0,10,False,4.9,True,10.7,4,No
CX02165,40,Gaming,Email Campaign,Mobile,32,Annual,Plus,1,False,23.23,696.14,Digital wallet,True,0,2,7.5,True,19,18.7,5.9,7,27.8,9.1,10,True,8.8,False,0.0,3,No
CX02166,23,Fitness,Paid Social,Mobile,56,Annual,Standard,3,False,21.86,1218.06,Digital wallet,True,0,4,12.9,True,7,32.1,3.7,13,60.9,8.7,10,True,13.1,False,0.0,1,No
CX02167,41,Fintech,Influencer,Mobile,16,Month-to-month,Basic,1,False,7.31,104.0,Credit card,False,0,3,2.0,True,14,13.8,3.2,1,44.5,9.3,10,True,0.3,False,0.0,1,Yes
CX02168,31,Productivity,Organic Search,Mobile,5,Month-to-month,Basic,1,True,8.8,40.22,Bank transfer,False,0,1,12.3,True,11,5.9,1.1,7,30.5,5.8,6,True,4.0,False,0.0,0,Yes
CX02169,40,Fintech,Paid Social,Desktop,5,Month-to-month,Standard,2,False,18.11,89.9,Credit card,True,1,2,17.2,False,6,8.8,0.9,17,22.7,6.3,8,False,4.9,False,0.0,1,No
CX02170,35,Streaming,App Store,Mobile,8,Month-to-month,Standard,7,False,25.07,196.1,Credit card,True,0,3,9.5,True,20,11.1,3.7,3,51.8,9.6,10,True,6.8,True,3.0,4,No
CX02171,38,Streaming,Paid Social,Mobile,14,Month-to-month,Basic,1,False,10.49,129.76,UPI / Instant transfer,True,0,3,5.6,True,19,33.8,10.7,2,37.5,9.5,10,True,6.0,False,0.0,1,No
CX02172,31,News & Media,Referral,Mobile,74,Annual,Premium,2,False,29.37,1961.52,Bank transfer,True,0,3,2.5,True,22,4.2,1.5,7,46.2,5.9,5,True,1.6,False,0.0,0,No
CX02173,31,Streaming,Organic Search,Mobile,16,Month-to-month,Basic,2,False,11.04,173.38,UPI / Instant transfer,True,0,1,25.4,True,18,34.5,10.4,9,54.2,6.3,8,False,7.3,False,0.0,0,No
CX02174,50,Gaming,Referral,Smart TV,8,Annual,Standard,3,True,25.3,194.29,Digital wallet,True,1,3,2.6,True,22,26.8,9.8,9,61.3,9.3,8,False,2.4,False,0.0,2,No
CX02175,32,Streaming,Referral,Smart TV,15,Month-to-month,Plus,3,False,25.38,351.43,UPI / Instant transfer,True,1,4,4.4,True,16,15.3,4.1,9,44.4,8.2,10,True,5.8,False,0.0,1,No
CX02176,33,Gaming,App Store,Desktop,50,Month-to-month,Premium,1,False,23.14,1080.31,Debit card,False,1,4,5.3,True,24,12.7,5.1,13,53.8,9.2,9,False,4.1,False,0.0,1,No
CX02177,39,Streaming,Organic Search,Mobile,19,Annual,Standard,2,False,18.47,331.79,Bank transfer,False,0,3,32.9,True,10,6.5,1.1,6,33.6,7.3,6,True,16.2,True,8.4,1,No
CX02178,24,Fintech,App Store,Desktop,21,Two year,Plus,3,False,21.43,414.86,Credit card,True,1,6,5.3,False,10,15.5,2.6,6,41.1,6.7,9,True,2.5,True,23.1,1,No
CX02179,31,Fintech,Paid Social,Mobile,10,Month-to-month,Premium,5,False,29.41,259.37,Buy now pay later,False,2,10,10.5,True,20,21.5,7.2,6,38.2,7.8,10,False,1.8,True,13.2,0,No
CX02180,37,Streaming,App Store,Tablet,46,Month-to-month,Basic,2,True,12.3,557.43,Debit card,True,0,2,10.4,True,14,7.0,1.6,6,27.9,9.7,10,False,3.3,False,0.0,3,No
CX02181,18,Streaming,Referral,Mobile,20,Annual,Standard,1,False,15.56,275.39,Digital wallet,True,1,0,9.7,False,14,33.1,7.7,4,40.0,10.0,9,True,2.9,False,0.0,3,No
CX02182,40,Fitness,Email Campaign,Mobile,18,Month-to-month,Standard,1,False,13.01,218.35,Digital wallet,True,1,1,19.7,True,20,16.8,5.6,3,49.5,9.3,8,True,10.7,False,0.0,3,No
CX02183,28,Gaming,Email Campaign,Mobile,32,Month-to-month,Standard,2,False,15.46,459.89,UPI / Instant transfer,True,1,0,16.4,True,14,21.3,5.0,2,23.3,8.2,8,False,4.2,False,0.0,3,No
CX02184,24,Cloud Storage,Paid Social,Mobile,9,Month-to-month,Basic,3,True,12.98,102.92,Credit card,False,0,5,13.5,True,20,24.7,8.2,10,46.3,7.1,10,True,3.5,False,0.0,0,Yes
CX02185,40,Productivity,Organic Search,Smart TV,21,Month-to-month,Basic,2,True,10.0,188.4,Bank transfer,True,0,1,19.3,False,5,9.7,0.8,4,58.7,10.0,10,False,2.4,False,0.0,1,No
CX02186,32,Fintech,Paid Social,Mobile,26,Annual,Basic,2,True,11.94,294.26,UPI / Instant transfer,False,0,2,34.3,True,16,17.8,4.7,9,35.0,8.3,10,False,1.4,True,27.9,3,No
CX02187,50,Fitness,Referral,Mobile,17,Annual,Plus,5,False,30.05,468.24,Credit card,False,1,1,7.0,True,14,5.9,1.4,3,43.9,7.3,7,True,7.0,False,0.0,0,No
CX02188,29,Productivity,Organic Search,Mobile,15,Two year,Basic,2,False,9.78,144.47,Credit card,True,0,4,9.5,True,14,22.6,5.3,5,32.4,7.8,6,False,5.1,False,0.0,0,No
CX02189,41,Cloud Storage,Referral,Desktop,20,Month-to-month,Standard,5,False,28.92,525.73,Bank transfer,False,0,3,11.2,True,13,11.6,2.5,6,34.4,5.0,5,False,14.0,False,0.0,0,Yes
CX02190,33,Cloud Storage,Organic Search,Mobile,31,Annual,Plus,3,False,23.73,729.25,Buy now pay later,False,0,3,11.0,True,19,2.1,0.7,1,54.8,8.7,10,True,4.4,True,19.0,0,No
CX02191,28,Streaming,Paid Social,Desktop,54,Annual,Basic,4,False,20.44,1012.93,Credit card,True,0,1,10.0,True,11,18.7,3.4,3,48.9,8.7,8,True,3.2,True,13.4,1,Yes
CX02192,39,Cloud Storage,App Store,Mobile,31,Two year,Basic,1,True,10.77,326.21,Digital wallet,True,0,2,11.6,True,14,4.5,1.0,10,37.6,8.3,8,False,5.9,False,0.0,1,No
CX02193,33,Cloud Storage,Organic Search,Tablet,31,Two year,Standard,2,False,24.51,752.87,Credit card,True,0,4,8.1,False,0,9.3,0.0,3,54.7,9.1,9,False,4.8,False,0.0,0,No
CX02194,18,Productivity,Paid Social,Smart TV,9,Month-to-month,Standard,3,False,12.0,103.04,Bank transfer,True,1,3,1.5,True,19,6.3,2.0,3,41.3,8.1,8,False,4.2,False,0.0,2,No
CX02195,35,Fitness,Organic Search,Mobile,19,Month-to-month,Basic,1,False,10.28,182.75,Debit card,True,0,0,8.7,True,22,17.2,6.3,10,37.8,8.6,7,False,2.7,False,0.0,3,No
CX02196,54,Fitness,Paid Social,Desktop,7,Annual,Standard,2,False,12.05,77.43,Digital wallet,False,0,1,14.4,True,19,33.1,10.5,9,30.4,8.0,10,True,9.8,False,0.0,1,Yes
CX02197,59,Gaming,Organic Search,Mobile,9,Month-to-month,Basic,2,False,9.49,84.91,Credit card,False,0,2,6.5,True,19,17.8,5.6,0,50.6,6.2,6,False,3.4,False,0.0,0,No
CX02198,39,Cloud Storage,App Store,Desktop,26,Annual,Basic,2,False,10.64,265.44,Bank transfer,True,0,1,10.2,True,14,17.8,4.2,24,35.0,8.6,10,True,5.5,False,0.0,0,Yes
CX02199,44,Productivity,App Store,Mobile,35,Annual,Basic,3,False,10.92,344.06,UPI / Instant transfer,False,0,2,18.9,True,11,17.6,3.2,6,36.8,5.8,8,False,4.5,False,0.0,0,No
CX02200,38,News & Media,Paid Social,Mobile,18,Two year,Premium,5,True,31.49,534.74,Credit card,True,2,4,21.4,True,24,19.1,7.6,1,37.1,8.1,8,True,3.0,False,0.0,3,No
CX02201,21,Streaming,Referral,Mobile,2,Month-to-month,Standard,3,False,22.01,41.15,UPI / Instant transfer,False,0,3,34.1,True,17,8.4,2.4,21,47.3,7.6,8,False,3.1,False,0.0,1,No
CX02202,18,Streaming,Influencer,Smart TV,28,Annual,Standard,3,True,27.87,757.29,Buy now pay later,False,4,0,3.6,True,20,3.9,1.3,7,42.9,9.0,10,False,8.5,False,0.0,1,No
CX02203,50,Productivity,Referral,Desktop,34,Month-to-month,Plus,2,True,19.68,642.9,Debit card,True,0,0,20.1,True,19,11.8,3.7,8,37.7,7.9,8,False,4.1,False,0.0,1,No
CX02204,34,Productivity,Influencer,Mobile,17,Month-to-month,Plus,3,True,22.22,360.48,Digital wallet,True,0,1,1.6,True,25,2.0,0.8,6,67.0,10.0,9,True,7.2,False,0.0,1,No
CX02205,44,Fintech,Email Campaign,Desktop,32,Annual,Basic,1,False,8.06,236.61,UPI / Instant transfer,False,0,1,3.2,False,3,10.1,0.5,15,52.2,9.3,10,True,1.2,True,13.2,0,No
CX02206,31,Streaming,Paid Social,Mobile,6,Month-to-month,Standard,2,True,14.69,83.7,Credit card,True,0,5,4.5,True,20,8.8,2.9,2,37.6,6.2,2,False,2.3,True,20.1,0,No
CX02207,26,News & Media,App Store,Mobile,12,Annual,Plus,6,False,34.0,385.31,UPI / Instant transfer,True,1,1,17.9,True,18,39.1,11.7,3,17.3,7.2,8,False,1.6,True,16.6,0,Yes
CX02208,53,Streaming,Email Campaign,Desktop,14,Month-to-month,Plus,3,False,30.76,404.35,Digital wallet,True,0,1,10.7,True,13,15.9,3.4,22,54.6,7.4,5,False,2.5,False,0.0,0,No
CX02209,18,Gaming,Referral,Mobile,8,Month-to-month,Plus,3,False,28.84,214.17,UPI / Instant transfer,True,2,3,9.2,True,13,12.0,2.6,14,54.5,8.3,8,False,0.7,False,0.0,0,No
CX02210,42,Gaming,Referral,Tablet,80,Annual,Standard,1,True,10.26,749.56,Bank transfer,True,0,1,11.6,True,14,5.2,1.2,6,41.2,7.0,9,False,5.7,False,0.0,1,No
CX02211,49,Fintech,Referral,Desktop,21,Annual,Plus,6,False,26.06,501.48,Debit card,True,2,2,9.9,True,18,6.4,1.9,19,45.8,10.0,10,False,0.3,False,0.0,2,No
CX02212,44,Fintech,Paid Social,Mobile,20,Month-to-month,Plus,3,True,19.72,393.89,Digital wallet,False,1,1,3.2,True,21,13.6,4.8,5,44.7,7.5,8,False,6.3,False,0.0,1,No
CX02213,20,Gaming,Referral,Mobile,12,Month-to-month,Plus,4,False,32.89,369.56,Bank transfer,False,3,2,21.2,True,26,18.8,8.1,1,49.7,8.0,7,True,4.5,False,0.0,2,Yes
CX02214,29,Streaming,Paid Social,Desktop,8,Month-to-month,Premium,7,True,32.74,230.59,Credit card,True,0,2,5.0,False,14,9.0,2.1,6,43.5,9.1,6,False,2.4,False,0.0,1,Yes
CX02215,39,Streaming,Organic Search,Mobile,17,Month-to-month,Premium,4,True,29.87,448.98,Credit card,True,0,2,22.5,True,23,17.8,6.8,13,18.9,7.4,8,False,4.9,True,11.6,1,No
CX02216,33,Cloud Storage,App Store,Desktop,38,Month-to-month,Basic,1,False,9.4,343.19,UPI / Instant transfer,False,3,3,2.1,True,17,2.1,0.6,7,41.2,9.7,10,False,2.2,True,14.6,3,No
CX02217,46,Streaming,App Store,Smart TV,21,Annual,Plus,5,False,21.05,423.42,Digital wallet,True,0,2,31.3,True,19,4.8,1.5,6,37.2,6.8,7,False,3.5,True,6.5,1,No
CX02218,47,Cloud Storage,Organic Search,Desktop,28,Annual,Basic,1,False,8.77,223.23,Credit card,True,0,5,3.7,False,4,11.4,0.8,2,38.1,6.6,7,False,5.0,False,0.0,0,No
CX02219,50,Streaming,Organic Search,Mobile,1,Month-to-month,Basic,1,False,11.27,10.2,Bank transfer,True,0,5,3.0,True,19,22.7,7.2,2,54.3,9.6,10,True,16.7,False,0.0,2,Yes
CX02220,44,Fintech,Organic Search,Mobile,20,Month-to-month,Plus,5,False,24.7,493.43,UPI / Instant transfer,False,2,4,3.0,True,25,18.9,7.9,8,28.5,9.5,10,False,9.7,False,0.0,0,Yes
CX02221,25,Streaming,Influencer,Desktop,10,Month-to-month,Premium,5,False,29.57,293.61,Digital wallet,True,0,0,33.2,True,17,10.4,2.9,14,66.2,7.5,5,True,2.1,False,0.0,1,Yes
CX02222,22,Fintech,Influencer,Mobile,6,Month-to-month,Plus,3,True,25.32,151.05,Bank transfer,False,1,1,29.3,True,19,6.6,2.1,5,66.4,8.1,8,False,6.2,False,0.0,1,No
CX02223,37,Fintech,Referral,Desktop,20,Two year,Plus,3,False,20.99,394.78,Buy now pay later,False,0,3,10.9,False,7,5.7,0.7,10,60.5,10.0,10,False,0.8,False,0.0,2,No
CX02224,29,News & Media,App Store,Mobile,40,Month-to-month,Standard,2,False,21.27,797.16,Credit card,True,1,1,34.4,True,14,33.5,7.8,8,79.0,7.9,8,True,4.7,False,0.0,2,No
CX02225,51,Gaming,Organic Search,Mobile,15,Month-to-month,Standard,3,True,19.28,254.93,Bank transfer,False,1,4,4.6,True,14,6.4,1.5,6,41.6,9.0,10,False,0.9,False,0.0,0,Yes
CX02226,42,Productivity,App Store,Mobile,33,Two year,Basic,2,False,13.49,400.59,UPI / Instant transfer,True,1,0,9.9,True,24,28.1,11.2,18,78.4,8.8,10,False,8.7,False,0.0,2,No
CX02227,58,Cloud Storage,Referral,Mobile,72,Two year,Premium,4,False,23.45,1621.2,Buy now pay later,False,3,6,3.3,True,27,26.7,12.0,19,40.2,8.1,10,False,7.4,False,0.0,1,No
CX02228,41,Fitness,Paid Social,Mobile,7,Month-to-month,Premium,6,False,45.89,286.45,Credit card,True,2,3,3.6,True,22,14.8,5.4,11,57.3,9.2,7,True,3.2,False,0.0,1,No
CX02229,39,Fintech,Influencer,Tablet,23,Month-to-month,Premium,3,False,28.95,647.67,Digital wallet,True,1,2,13.2,False,10,13.4,2.2,5,20.0,9.5,8,True,3.5,True,8.5,2,No
CX02230,49,Streaming,Influencer,Mobile,25,Month-to-month,Basic,1,True,9.93,224.12,Credit card,True,0,1,19.5,True,11,24.7,4.5,1,45.1,6.5,7,True,16.9,True,17.5,0,Yes
CX02231,29,Gaming,Paid Social,Mobile,10,Annual,Standard,4,False,18.55,178.65,Credit card,True,0,3,10.3,False,9,8.3,1.2,16,45.8,8.7,8,False,6.5,False,0.0,1,No
CX02232,37,Fintech,App Store,Mobile,12,Month-to-month,Basic,2,False,10.33,113.91,Buy now pay later,True,2,2,4.3,True,19,2.9,0.9,3,38.3,8.8,9,False,13.8,False,0.0,1,No
CX02233,26,Gaming,Organic Search,Mobile,11,Month-to-month,Basic,4,False,15.41,166.67,Credit card,True,0,4,12.3,True,25,8.2,3.4,14,41.8,7.4,6,False,5.8,False,0.0,2,Yes
CX02234,50,Streaming,App Store,Desktop,27,Two year,Standard,2,True,15.28,391.61,UPI / Instant transfer,True,1,1,14.5,True,14,6.6,1.5,4,55.8,8.2,9,False,1.8,False,0.0,1,No
CX02235,31,Cloud Storage,Paid Social,Smart TV,4,Month-to-month,Standard,3,False,18.87,69.41,Digital wallet,True,0,2,12.1,True,21,12.7,4.4,9,34.6,9.8,8,True,5.2,False,0.0,0,Yes
CX02236,36,Cloud Storage,Paid Social,Mobile,8,Month-to-month,Basic,2,False,14.47,106.46,Credit card,True,2,3,5.5,True,11,13.4,2.5,12,74.9,10.0,10,False,5.2,True,19.5,1,No
CX02237,30,Streaming,App Store,Mobile,4,Month-to-month,Plus,4,False,28.43,101.44,Credit card,False,0,2,44.0,True,27,11.3,5.1,1,61.5,6.3,7,False,1.1,False,0.0,0,Yes
CX02238,18,Cloud Storage,Organic Search,Mobile,5,Month-to-month,Standard,5,False,15.32,73.81,Debit card,False,2,3,15.2,True,17,21.0,6.0,16,22.1,6.6,7,True,1.0,False,0.0,0,Yes
CX02239,37,Fintech,App Store,Mobile,21,Month-to-month,Plus,4,False,29.42,571.4,UPI / Instant transfer,False,1,3,5.3,True,24,11.8,4.7,6,48.8,7.3,9,False,2.1,False,0.0,1,No
CX02240,28,Fitness,Organic Search,Mobile,19,Two year,Standard,3,False,13.6,233.04,UPI / Instant transfer,False,3,1,3.6,True,22,5.9,2.2,4,35.1,8.3,9,False,12.0,True,13.4,2,No
CX02241,50,Streaming,Paid Social,Smart TV,32,Two year,Basic,1,False,10.89,341.23,Credit card,True,0,3,16.7,False,6,2.3,0.2,6,57.0,8.4,8,False,2.1,True,19.4,1,No
CX02242,54,Fintech,Paid Social,Tablet,78,Two year,Standard,6,False,25.36,1908.87,Debit card,True,0,5,12.0,True,20,4.9,1.6,16,34.7,6.8,7,False,2.1,False,0.0,1,No
CX02243,42,Gaming,Paid Social,Desktop,15,Month-to-month,Standard,4,True,21.19,300.98,Debit card,True,2,1,4.7,True,22,5.2,1.9,2,47.8,8.4,10,True,9.3,False,0.0,0,No
CX02244,20,Cloud Storage,Organic Search,Smart TV,28,Two year,Standard,2,False,15.3,424.53,Digital wallet,False,0,1,19.2,False,4,8.7,0.6,2,55.3,7.1,7,False,1.1,False,0.0,0,Yes
CX02245,45,Cloud Storage,App Store,Desktop,5,Two year,Basic,1,False,12.62,62.69,Bank transfer,False,1,1,9.7,True,19,12.0,3.8,17,42.8,6.5,7,True,8.7,False,0.0,0,No
CX02246,22,News & Media,Paid Social,Desktop,2,Month-to-month,Basic,1,False,6.13,11.56,Digital wallet,False,0,6,24.2,False,3,8.3,0.4,8,48.6,7.2,6,True,5.7,False,0.0,0,Yes
CX02247,30,Fintech,Paid Social,Mobile,19,Annual,Standard,2,False,15.96,295.74,Debit card,True,1,2,9.0,True,13,30.1,6.5,14,46.3,7.0,6,False,0.5,False,0.0,1,No
CX02248,45,Gaming,Organic Search,Mobile,14,Annual,Basic,1,True,9.18,122.59,Digital wallet,True,1,1,2.1,True,14,24.1,5.6,14,49.9,8.0,9,False,0.9,False,0.0,3,No
CX02249,18,Streaming,Referral,Mobile,18,Month-to-month,Plus,1,False,22.87,389.36,Debit card,True,1,0,2.8,True,23,12.9,4.9,6,45.1,9.7,10,False,1.7,True,23.2,2,No
CX02250,47,Gaming,Organic Search,Mobile,23,Annual,Premium,3,True,24.65,539.27,Digital wallet,True,1,4,36.0,True,33,10.8,5.9,4,30.2,8.5,10,False,1.1,True,3.0,1,No
CX02251,39,Fintech,Organic Search,Mobile,7,Annual,Premium,5,True,39.34,265.7,Debit card,True,1,3,8.4,True,25,3.2,1.3,9,58.0,9.7,9,False,6.7,False,0.0,2,No
CX02252,30,Streaming,Email Campaign,Mobile,11,Month-to-month,Plus,4,False,22.3,242.36,UPI / Instant transfer,True,0,2,6.9,True,14,18.6,4.3,6,54.5,6.9,7,False,3.3,False,0.0,1,Yes
CX02253,32,Fintech,Paid Social,Mobile,22,Annual,Plus,6,False,28.39,581.43,Credit card,True,0,1,3.9,True,14,21.8,5.1,6,62.6,6.9,8,True,2.4,False,0.0,2,No
CX02254,18,News & Media,Organic Search,Desktop,39,Month-to-month,Basic,3,False,15.74,578.09,Credit card,False,0,4,1.1,True,14,16.5,3.8,1,56.7,6.4,4,False,10.0,False,0.0,0,No
CX02255,30,Cloud Storage,App Store,Mobile,14,Month-to-month,Standard,2,False,13.73,182.16,UPI / Instant transfer,True,1,2,3.9,True,16,21.1,5.6,2,56.6,9.8,10,False,0.4,True,8.3,3,Yes
CX02256,30,Streaming,Email Campaign,Smart TV,16,Month-to-month,Standard,3,False,18.15,265.34,UPI / Instant transfer,True,1,2,25.7,False,6,6.9,0.7,33,49.1,7.4,6,True,7.6,False,0.0,1,Yes
CX02257,21,Fitness,Paid Social,Mobile,16,Month-to-month,Standard,2,False,22.83,335.86,Debit card,False,3,1,16.8,True,25,7.5,3.1,2,38.6,7.0,7,False,2.0,True,22.3,0,No
CX02258,29,Fitness,Referral,Mobile,29,Month-to-month,Basic,3,False,11.83,327.79,Digital wallet,True,0,3,10.1,True,8,28.6,3.8,3,39.6,8.2,8,True,4.2,False,0.0,1,No
CX02259,29,Fintech,Email Campaign,Mobile,72,Month-to-month,Plus,6,True,18.11,1233.59,Buy now pay later,True,0,4,24.5,True,19,8.6,2.7,2,49.3,10.0,10,False,8.4,True,26.1,2,No
CX02260,37,Streaming,Organic Search,Desktop,18,Month-to-month,Plus,5,False,32.07,573.76,UPI / Instant transfer,True,0,2,6.9,True,16,16.3,4.3,5,41.9,8.2,9,False,5.9,True,3.0,0,No
CX02261,34,Streaming,Referral,Mobile,5,Month-to-month,Basic,2,False,10.7,53.39,Credit card,False,1,2,6.2,True,14,10.6,2.5,10,41.6,6.8,5,False,1.3,False,0.0,1,No
CX02262,42,Productivity,Organic Search,Desktop,7,Month-to-month,Basic,3,False,17.88,112.87,UPI / Instant transfer,False,1,1,2.0,True,14,17.1,4.0,21,41.7,9.7,10,False,9.7,True,13.3,3,Yes
CX02263,25,Streaming,Influencer,Mobile,17,Annual,Standard,1,False,16.6,250.05,Credit card,True,0,3,31.0,True,24,9.0,3.6,16,51.0,7.7,7,False,2.0,False,0.0,1,Yes
CX02264,18,Fintech,App Store,Tablet,38,Two year,Basic,2,False,8.45,315.0,Digital wallet,True,2,3,4.5,True,13,8.4,1.8,4,42.3,8.5,8,False,2.2,False,0.0,0,No
CX02265,34,Productivity,Paid Social,Desktop,2,Month-to-month,Basic,2,False,14.88,26.8,Credit card,False,2,0,9.7,True,26,8.2,3.6,21,25.2,7.7,9,False,6.2,False,0.0,1,No
CX02266,18,Cloud Storage,Organic Search,Desktop,25,Month-to-month,Standard,3,True,17.49,389.04,UPI / Instant transfer,True,0,2,1.8,False,4,10.7,0.7,10,28.8,9.8,10,True,3.3,True,19.3,2,No
CX02267,28,Fitness,App Store,Mobile,5,Two year,Basic,4,False,15.86,72.12,UPI / Instant transfer,False,1,5,12.8,True,8,6.7,0.9,10,51.6,7.3,6,False,6.2,False,0.0,0,Yes
CX02268,33,Productivity,Paid Social,Mobile,36,Month-to-month,Plus,5,False,31.97,1019.22,UPI / Instant transfer,False,1,5,32.6,True,15,20.7,5.2,9,34.5,6.3,4,False,1.0,False,0.0,0,Yes
CX02269,67,Fitness,App Store,Mobile,25,Annual,Basic,3,True,14.37,333.9,Digital wallet,True,1,2,8.7,True,16,3.3,0.9,15,52.4,10.0,10,False,2.6,False,0.0,2,Yes
CX02270,32,Cloud Storage,Organic Search,Smart TV,19,Annual,Standard,1,False,17.98,322.63,Credit card,True,0,2,19.1,True,13,5.5,1.2,22,56.3,8.5,9,True,1.1,True,24.8,0,No
CX02271,18,Streaming,Organic Search,Mobile,55,Annual,Standard,4,False,28.58,1529.07,UPI / Instant transfer,True,0,2,5.2,True,20,19.5,6.5,2,65.5,9.5,8,False,2.0,False,0.0,0,No
CX02272,18,Fitness,Paid Social,Mobile,26,Two year,Basic,1,True,7.12,174.61,Debit card,True,0,1,23.1,True,15,9.9,2.5,11,47.1,7.1,7,False,7.3,False,0.0,0,No
CX02273,44,Fintech,Paid Social,Mobile,14,Month-to-month,Standard,2,True,13.36,184.02,Digital wallet,True,0,1,19.8,True,16,12.5,3.3,11,39.1,8.3,8,True,5.5,False,0.0,1,Yes
CX02274,44,Gaming,Referral,Desktop,4,Month-to-month,Standard,2,False,13.41,47.95,UPI / Instant transfer,False,1,3,17.7,False,7,7.8,0.9,11,49.2,7.2,6,True,10.1,False,0.0,1,Yes
CX02275,43,Fintech,Paid Social,Mobile,21,Two year,Plus,5,False,24.72,457.23,Buy now pay later,True,3,2,8.2,True,16,6.5,1.7,2,37.4,8.5,10,False,2.8,True,18.0,2,No
CX02276,31,Fintech,Email Campaign,Tablet,83,Annual,Plus,7,False,41.02,3169.05,Credit card,True,0,6,13.6,True,25,9.4,3.9,5,56.8,8.2,9,True,3.4,False,0.0,0,No
CX02277,47,Streaming,App Store,Mobile,17,Month-to-month,Standard,3,False,26.89,431.9,Credit card,True,0,1,10.1,True,15,41.3,10.3,8,56.7,8.1,6,True,5.7,True,3.0,1,No
CX02278,29,Fintech,Referral,Mobile,32,Two year,Standard,5,False,24.98,758.34,UPI / Instant transfer,True,0,0,13.4,True,14,12.1,2.8,9,35.0,9.1,10,False,2.5,False,0.0,0,No
CX02279,43,Fitness,Paid Social,Desktop,33,Two year,Premium,4,False,26.84,847.78,Credit card,True,0,2,12.2,True,24,26.5,10.6,6,22.2,9.3,8,True,17.1,False,0.0,2,No
CX02280,45,Fitness,App Store,Mobile,44,Two year,Plus,3,False,25.3,1002.26,Credit card,True,0,2,8.9,True,26,16.0,6.9,2,38.6,8.3,9,True,14.5,False,0.0,1,No
CX02281,20,Streaming,Organic Search,Mobile,4,Month-to-month,Basic,1,True,9.78,37.14,Bank transfer,True,0,0,9.6,True,12,19.0,3.8,9,59.3,8.0,8,True,6.1,False,0.0,0,No
CX02282,47,Streaming,Influencer,Mobile,3,Month-to-month,Plus,3,False,31.8,90.09,Credit card,False,2,1,15.1,True,19,9.1,2.9,0,24.1,7.4,7,False,4.8,False,0.0,1,No
CX02283,37,Streaming,Organic Search,Mobile,2,Annual,Premium,4,False,29.66,52.89,UPI / Instant transfer,False,0,1,6.6,True,24,20.0,8.0,8,40.0,6.9,8,True,8.0,False,0.0,0,No
CX02284,37,Cloud Storage,Influencer,Mobile,27,Month-to-month,Basic,3,False,15.01,387.1,Credit card,True,0,4,16.4,True,17,18.9,5.4,10,57.4,5.5,4,True,9.8,False,0.0,0,Yes
CX02285,40,Fitness,Organic Search,Smart TV,13,Annual,Standard,4,False,17.48,210.93,UPI / Instant transfer,False,1,3,32.2,True,20,9.6,3.2,11,56.8,6.5,6,False,2.3,False,0.0,1,Yes
CX02286,31,Fitness,Referral,Mobile,17,Annual,Standard,1,False,13.2,201.99,Credit card,False,1,1,25.1,True,21,10.2,3.6,1,54.4,8.2,7,True,0.9,False,0.0,1,No
CX02287,44,Streaming,Referral,Desktop,38,Annual,Plus,4,True,24.3,878.23,Digital wallet,False,1,2,20.7,True,15,37.0,9.2,2,43.6,6.3,4,False,5.5,False,0.0,1,No
CX02288,48,Streaming,Influencer,Desktop,44,Month-to-month,Basic,2,False,8.87,370.5,Digital wallet,True,1,1,1.4,True,8,5.6,0.7,5,29.9,7.9,10,False,8.4,False,0.0,0,No
CX02289,49,Streaming,App Store,Mobile,36,Annual,Standard,2,True,19.26,677.15,UPI / Instant transfer,True,1,3,5.3,True,18,4.8,1.4,6,45.0,9.7,10,False,3.6,False,0.0,2,No
CX02290,28,Streaming,Organic Search,Mobile,43,Two year,Basic,1,False,7.18,307.81,UPI / Instant transfer,True,0,2,9.8,True,26,3.1,1.3,0,38.1,9.3,9,False,0.6,False,0.0,0,No
CX02291,34,Streaming,Organic Search,Mobile,21,Month-to-month,Basic,1,True,10.52,200.16,Buy now pay later,False,3,2,2.2,True,16,5.9,1.6,5,41.3,7.1,7,True,4.8,True,17.7,1,Yes
CX02292,40,Cloud Storage,Referral,Mobile,21,Month-to-month,Standard,2,False,20.59,417.12,Credit card,False,0,0,5.6,True,15,1.4,0.4,17,54.4,9.3,9,False,15.0,False,0.0,4,No
CX02293,32,News & Media,Organic Search,Desktop,16,Annual,Basic,5,True,17.29,272.95,UPI / Instant transfer,True,1,1,8.9,True,22,7.5,2.8,1,59.0,9.5,10,False,8.3,True,3.0,1,No
CX02294,34,Fitness,Referral,Mobile,15,Month-to-month,Plus,4,False,18.56,258.75,Credit card,True,0,2,9.4,True,21,10.9,3.8,10,52.3,9.1,9,True,8.4,False,0.0,3,No
CX02295,22,Productivity,Referral,Mobile,11,Month-to-month,Premium,8,False,34.26,371.52,Credit card,True,0,2,9.7,False,5,23.3,1.9,6,49.7,7.2,9,False,6.8,False,0.0,2,No
CX02296,39,Cloud Storage,Email Campaign,Mobile,6,Month-to-month,Basic,3,False,11.73,68.44,UPI / Instant transfer,False,3,1,25.3,True,14,31.1,7.3,3,53.7,8.7,9,False,3.5,False,0.0,0,No
CX02297,49,Productivity,Email Campaign,Desktop,46,Annual,Basic,3,False,14.33,586.1,Credit card,True,0,3,8.2,True,8,4.2,0.6,10,48.7,9.1,10,False,0.2,False,0.0,1,No
CX02298,39,Fitness,Paid Social,Mobile,9,Annual,Basic,2,False,11.66,98.17,Credit card,True,0,3,9.3,True,16,2.3,0.6,4,58.8,9.9,9,True,2.4,False,0.0,2,Yes
CX02299,43,Fintech,Paid Social,Smart TV,22,Annual,Plus,7,False,24.29,518.95,Digital wallet,True,1,4,4.4,True,20,11.1,3.7,11,44.3,9.1,9,False,6.4,False,0.0,0,No
CX02300,36,Gaming,Paid Social,Desktop,5,Month-to-month,Standard,2,False,15.63,77.1,Debit card,False,0,3,2.6,True,15,8.3,2.1,3,39.8,10.0,9,False,2.8,False,0.0,0,No
CX02301,46,Streaming,Organic Search,Mobile,1,Month-to-month,Standard,2,False,13.33,12.66,Debit card,True,0,1,13.4,True,16,28.5,7.6,15,52.4,7.7,6,False,8.0,False,0.0,2,No
CX02302,37,Streaming,Paid Social,Mobile,66,Two year,Basic,1,False,9.7,579.71,Bank transfer,True,0,0,4.5,True,17,5.7,1.6,3,50.1,7.5,8,True,5.1,False,0.0,1,No
CX02303,47,Fitness,Referral,Smart TV,72,Annual,Standard,3,True,17.13,1089.08,Digital wallet,False,1,4,18.0,False,7,4.3,0.5,2,26.5,7.8,5,False,4.0,False,0.0,1,Yes
CX02304,32,Gaming,Referral,Mobile,59,Two year,Basic,1,False,11.17,648.51,Credit card,True,1,3,8.0,True,14,16.9,3.9,8,54.4,9.2,10,False,1.8,False,0.0,1,No
CX02305,40,Cloud Storage,Organic Search,Mobile,4,Month-to-month,Basic,1,False,8.21,30.42,UPI / Instant transfer,False,2,1,23.5,True,21,53.4,18.7,2,42.0,9.5,10,True,6.6,False,0.0,1,Yes
CX02306,50,Productivity,App Store,Mobile,40,Month-to-month,Basic,3,True,12.0,465.96,UPI / Instant transfer,True,0,5,12.1,True,20,10.2,3.4,1,31.6,7.4,6,False,2.9,False,0.0,2,No
CX02307,39,Fintech,Organic Search,Tablet,8,Annual,Plus,3,False,17.65,127.36,Bank transfer,False,1,0,13.8,True,16,32.0,8.5,9,64.1,8.9,10,False,0.7,True,12.4,0,No
CX02308,19,Gaming,Paid Social,Desktop,60,Month-to-month,Basic,1,False,8.07,451.05,Digital wallet,False,1,1,3.5,False,7,38.2,4.5,14,34.3,8.6,10,False,2.7,False,0.0,0,No
CX02309,18,Cloud Storage,Organic Search,Desktop,7,Month-to-month,Plus,1,True,19.16,133.67,Debit card,False,2,3,10.0,True,17,3.7,1.0,7,54.6,8.7,5,False,8.2,False,0.0,1,No
CX02310,18,News & Media,Referral,Smart TV,22,Month-to-month,Plus,2,False,22.24,461.1,Bank transfer,False,2,0,19.8,False,15,22.2,5.6,15,53.3,7.9,6,False,1.7,False,0.0,0,No
CX02311,48,Cloud Storage,Organic Search,Mobile,7,Annual,Basic,1,False,8.31,52.99,Debit card,False,2,3,9.5,True,14,31.5,7.4,5,53.8,7.9,7,False,6.6,False,0.0,1,No
CX02312,37,Fitness,App Store,Mobile,26,Month-to-month,Standard,2,True,20.15,469.48,Debit card,False,2,3,13.4,True,22,8.0,2.9,3,48.0,7.3,9,False,8.6,True,22.4,1,Yes
CX02313,37,News & Media,Paid Social,Mobile,23,Annual,Plus,3,True,25.3,566.0,Debit card,True,0,0,18.1,True,17,13.4,3.8,3,50.2,8.0,6,True,10.6,True,17.7,1,No
CX02314,18,Streaming,Referral,Desktop,17,Month-to-month,Basic,3,True,12.33,191.02,Credit card,False,1,4,3.2,False,0,13.9,0.0,73,37.1,8.5,8,False,0.8,False,0.0,1,Yes
CX02315,38,Cloud Storage,Paid Social,Mobile,37,Two year,Premium,7,True,41.3,1469.53,UPI / Instant transfer,True,1,4,19.1,True,22,15.0,5.5,2,46.4,8.8,8,True,1.5,False,0.0,1,No
CX02316,56,Streaming,Paid Social,Mobile,27,Two year,Standard,4,False,22.85,613.22,UPI / Instant transfer,True,2,0,7.6,True,16,8.9,2.4,7,35.8,8.3,7,False,3.2,False,0.0,1,No
CX02317,49,Productivity,Organic Search,Mobile,3,Month-to-month,Standard,3,True,23.49,66.9,Credit card,False,2,2,10.1,True,13,9.2,2.0,1,48.1,8.6,9,False,1.5,False,0.0,4,No
CX02318,37,Fintech,App Store,Mobile,25,Month-to-month,Standard,4,False,15.27,348.27,Buy now pay later,True,0,3,12.9,True,19,23.6,7.5,5,71.8,8.9,10,False,4.6,False,0.0,2,No
CX02319,32,News & Media,Organic Search,Mobile,34,Month-to-month,Standard,5,False,25.37,862.26,Credit card,False,2,0,5.0,True,20,4.3,1.4,15,58.2,7.7,8,False,4.0,False,0.0,0,Yes
CX02320,55,Fitness,App Store,Mobile,53,Annual,Basic,3,False,16.56,868.79,Credit card,True,1,3,11.6,True,17,25.7,7.3,3,58.9,6.6,9,False,2.1,False,0.0,1,No
CX02321,32,Productivity,Influencer,Tablet,24,Annual,Premium,5,False,42.63,1009.65,Credit card,True,0,0,5.1,True,19,11.2,3.5,5,58.3,9.7,10,False,8.2,False,0.0,4,No
CX02322,39,Fitness,Influencer,Mobile,18,Month-to-month,Basic,2,True,9.0,143.01,Buy now pay later,False,1,2,5.0,True,20,7.0,2.3,17,55.9,8.8,6,True,2.5,False,0.0,0,No
CX02323,39,Productivity,Email Campaign,Mobile,21,Month-to-month,Plus,3,False,27.12,520.27,Digital wallet,True,1,3,10.1,True,25,23.9,10.0,3,17.2,7.7,10,False,0.7,True,14.3,1,No
CX02324,47,Streaming,App Store,Tablet,8,Month-to-month,Basic,2,False,14.69,108.19,Credit card,True,0,3,7.7,True,13,12.2,2.6,15,63.7,6.6,5,True,0.3,True,33.0,2,No
CX02325,43,Fintech,Influencer,Mobile,19,Month-to-month,Premium,5,False,39.72,686.97,UPI / Instant transfer,False,0,3,8.4,True,21,11.0,3.8,20,54.0,9.3,9,True,2.5,False,0.0,1,Yes
CX02326,44,Streaming,Organic Search,Mobile,8,Annual,Standard,2,False,17.66,134.8,UPI / Instant transfer,False,2,1,11.7,True,16,17.4,4.6,3,54.6,8.3,10,False,1.8,False,0.0,3,No
CX02327,37,Cloud Storage,Referral,Mobile,27,Month-to-month,Standard,3,True,26.12,650.0,Bank transfer,False,0,3,11.0,True,22,9.2,3.4,6,35.2,8.7,6,False,4.7,True,6.3,0,No
CX02328,41,News & Media,Email Campaign,Mobile,20,Two year,Plus,3,False,26.63,526.37,Credit card,True,0,4,8.8,True,21,2.4,0.8,7,38.7,6.6,7,True,2.5,True,3.5,2,No
CX02329,34,Fintech,App Store,Mobile,15,Month-to-month,Premium,7,False,40.58,577.57,UPI / Instant transfer,True,0,5,17.5,True,25,11.2,4.7,5,52.5,7.1,7,False,6.5,True,19.4,1,Yes
CX02330,38,Streaming,Paid Social,Mobile,1,Month-to-month,Basic,2,False,11.56,10.75,UPI / Instant transfer,True,0,2,29.9,True,20,10.4,3.5,9,53.0,8.5,8,False,2.7,False,0.0,0,Yes
CX02331,28,Fintech,Organic Search,Mobile,48,Annual,Standard,2,False,17.89,839.69,Debit card,True,0,1,10.0,True,22,73.4,26.9,10,49.6,8.6,9,True,2.1,True,22.7,1,No
CX02332,35,Streaming,Email Campaign,Tablet,45,Annual,Standard,1,True,14.02,584.16,UPI / Instant transfer,False,0,2,8.1,False,8,3.2,0.4,9,45.6,7.4,7,False,5.6,False,0.0,1,No
CX02333,27,News & Media,App Store,Desktop,29,Annual,Basic,1,True,8.46,227.19,Bank transfer,True,1,3,13.9,False,4,8.3,0.6,1,55.2,8.7,9,True,5.9,False,0.0,1,No
CX02334,19,Streaming,Referral,Tablet,22,Two year,Basic,3,False,18.12,371.86,UPI / Instant transfer,True,0,1,5.1,True,14,16.7,3.9,12,35.1,8.0,9,True,5.7,False,0.0,0,No
CX02335,45,Cloud Storage,Organic Search,Smart TV,28,Two year,Plus,3,False,22.43,611.35,UPI / Instant transfer,True,2,1,9.9,True,22,6.4,2.3,4,35.7,8.2,8,False,1.0,False,0.0,2,No
CX02336,18,Streaming,Organic Search,Desktop,7,Annual,Standard,2,False,14.65,93.56,Credit card,True,0,2,6.6,True,17,16.7,4.7,5,60.1,9.0,9,False,2.3,False,0.0,1,No
CX02337,31,Gaming,App Store,Smart TV,17,Annual,Plus,7,True,24.75,414.24,Credit card,True,0,7,4.6,False,12,11.0,2.2,14,72.0,7.7,8,False,0.4,True,14.8,1,No
CX02338,57,Fintech,Paid Social,Desktop,4,Month-to-month,Basic,5,False,25.13,90.29,UPI / Instant transfer,True,0,2,5.8,True,16,3.3,0.9,14,51.2,7.5,8,True,9.1,False,0.0,2,No
CX02339,42,News & Media,Paid Social,Desktop,14,Month-to-month,Basic,1,False,6.38,88.2,UPI / Instant transfer,False,0,3,2.3,True,15,5.9,1.5,8,38.2,9.4,10,False,5.3,False,0.0,2,Yes
CX02340,47,Fintech,Paid Social,Mobile,8,Month-to-month,Standard,3,False,18.42,142.64,Bank transfer,False,0,2,5.7,True,17,65.5,18.6,28,67.2,8.7,6,False,6.0,False,0.0,2,Yes
CX02341,20,Productivity,Email Campaign,Mobile,22,Month-to-month,Standard,3,False,13.41,261.61,UPI / Instant transfer,True,1,1,1.0,True,23,17.4,6.7,2,48.2,10.0,10,False,5.0,True,12.0,1,No
CX02342,32,Fintech,Influencer,Mobile,57,Annual,Plus,3,False,27.64,1430.59,Credit card,True,1,3,15.9,True,17,50.9,14.4,6,63.5,7.8,8,False,10.9,True,30.2,1,No
CX02343,26,Fintech,Organic Search,Mobile,9,Month-to-month,Plus,4,False,28.82,249.97,Digital wallet,False,0,5,11.2,True,16,8.3,2.2,3,33.5,6.9,7,False,2.3,False,0.0,0,No
CX02344,33,Streaming,Paid Social,Desktop,21,Annual,Basic,1,False,9.82,199.85,Debit card,True,0,1,6.9,True,18,27.8,8.3,12,35.6,9.1,10,False,3.4,True,11.6,2,No
CX02345,27,Fintech,Referral,Mobile,25,Two year,Standard,5,False,34.34,847.82,Debit card,True,0,3,1.8,True,17,30.9,8.8,7,48.5,8.5,9,False,5.6,False,0.0,1,No
CX02346,42,Productivity,Email Campaign,Mobile,8,Month-to-month,Plus,6,True,30.02,226.11,Credit card,True,2,3,4.8,True,14,6.3,1.5,6,63.0,8.0,8,False,3.6,False,0.0,2,No
CX02347,36,Gaming,App Store,Mobile,32,Annual,Standard,4,True,27.16,780.4,Debit card,True,0,2,10.0,True,16,10.1,2.7,3,25.4,8.7,7,False,3.6,False,0.0,0,No
CX02348,26,Streaming,Influencer,Tablet,6,Month-to-month,Basic,4,False,17.88,107.18,Credit card,True,0,2,35.2,True,11,6.8,1.2,13,36.3,8.0,10,False,0.8,False,0.0,0,No
CX02349,50,Fintech,Organic Search,Mobile,9,Month-to-month,Basic,2,False,12.18,106.72,Buy now pay later,False,2,4,5.4,True,16,9.2,2.5,2,42.3,7.3,4,True,1.7,False,0.0,0,No
CX02350,27,Productivity,Organic Search,Desktop,8,Month-to-month,Plus,2,True,18.63,137.3,Debit card,False,4,0,17.4,False,15,29.9,7.5,25,34.0,8.0,9,True,4.0,True,16.8,1,Yes
CX02351,60,Streaming,Paid Social,Mobile,11,Month-to-month,Standard,3,False,17.18,174.83,Debit card,True,0,4,3.1,True,21,6.2,2.2,1,34.0,6.2,4,False,1.6,False,0.0,1,No
CX02352,34,Streaming,Organic Search,Mobile,10,Month-to-month,Plus,5,False,29.78,284.16,UPI / Instant transfer,True,0,0,10.2,True,23,15.9,6.1,17,39.6,8.1,7,True,4.2,False,0.0,1,No
CX02353,32,Fitness,Paid Social,Desktop,8,Month-to-month,Plus,2,True,22.04,157.92,Credit card,False,1,1,4.5,True,23,6.1,2.3,12,42.0,7.7,7,False,21.2,False,0.0,0,No
CX02354,54,Streaming,App Store,Smart TV,53,Annual,Basic,4,False,14.95,785.95,Debit card,False,1,3,12.1,True,17,19.7,5.6,6,42.0,7.8,9,False,5.3,False,0.0,0,No
CX02355,28,Fintech,App Store,Mobile,32,Annual,Basic,1,False,9.03,262.09,Buy now pay later,False,1,3,22.3,True,17,25.7,7.3,2,54.8,6.9,5,True,7.2,False,0.0,0,No
CX02356,49,Gaming,App Store,Desktop,38,Two year,Basic,3,False,10.56,353.39,UPI / Instant transfer,True,0,0,9.3,False,0,3.4,0.0,21,43.9,7.6,7,False,7.4,False,0.0,1,No
CX02357,31,News & Media,Referral,Tablet,49,Two year,Basic,2,False,11.65,529.96,Debit card,True,0,2,3.5,True,22,17.7,6.5,10,39.2,9.2,10,False,2.5,False,0.0,3,No
CX02358,35,Gaming,Influencer,Desktop,13,Annual,Premium,3,False,25.66,294.36,Credit card,False,0,6,18.8,True,25,1.4,0.6,13,67.8,7.9,8,True,4.1,False,0.0,1,No
CX02359,18,Cloud Storage,App Store,Mobile,18,Annual,Plus,4,True,34.28,558.4,Credit card,True,0,3,18.4,True,11,0.9,0.2,7,39.5,6.0,7,True,2.9,True,17.9,0,No
CX02360,52,Streaming,Email Campaign,Mobile,15,Annual,Standard,5,True,21.58,292.63,Credit card,True,0,2,6.6,True,15,4.0,1.0,1,53.2,10.0,10,False,7.8,False,0.0,1,No
CX02361,36,Streaming,Organic Search,Mobile,8,Month-to-month,Basic,1,False,8.26,62.55,Credit card,True,0,0,23.6,True,9,1.6,0.2,0,40.5,7.9,6,False,4.7,False,0.0,0,No
CX02362,63,Fintech,Organic Search,Desktop,21,Annual,Plus,4,False,26.73,527.13,Debit card,False,0,2,11.4,True,16,10.0,2.7,1,40.3,7.5,9,False,9.6,False,0.0,0,No
CX02363,20,Productivity,Paid Social,Mobile,37,Annual,Standard,3,True,16.19,589.93,Digital wallet,True,0,4,1.5,True,25,28.8,12.0,10,39.2,6.8,9,True,16.1,False,0.0,0,Yes
CX02364,31,News & Media,Referral,Mobile,23,Two year,Plus,8,True,40.79,880.55,Bank transfer,True,0,1,20.4,True,21,39.5,13.8,14,33.6,7.0,8,False,3.9,False,0.0,0,No
CX02365,18,Gaming,Paid Social,Desktop,40,Month-to-month,Standard,6,False,17.89,706.83,Debit card,False,1,5,8.0,True,15,8.2,2.0,15,57.0,7.7,8,False,3.6,False,0.0,0,Yes
CX02366,22,Streaming,App Store,Mobile,52,Two year,Basic,2,False,7.56,388.67,Debit card,True,2,4,3.6,True,17,30.9,8.8,22,48.0,9.1,8,False,2.7,True,11.0,0,No
CX02367,49,Streaming,App Store,Mobile,13,Month-to-month,Standard,3,False,18.27,227.48,Credit card,True,1,4,5.5,True,25,8.2,3.4,9,29.8,8.4,10,False,6.7,False,0.0,2,No
CX02368,29,Streaming,Referral,Mobile,4,Month-to-month,Standard,1,False,10.12,40.22,Bank transfer,False,1,0,12.5,True,24,8.2,3.3,18,28.8,6.9,6,False,2.1,True,4.5,1,Yes
CX02369,34,Productivity,Referral,Desktop,30,Annual,Premium,2,False,26.27,778.25,Debit card,False,1,2,8.6,False,19,3.2,1.0,2,47.4,9.4,10,False,0.9,False,0.0,1,No
CX02370,29,Fintech,Referral,Mobile,2,Month-to-month,Premium,5,True,36.24,70.56,Credit card,False,1,1,3.7,True,21,27.2,9.5,14,65.1,8.4,8,False,5.2,False,0.0,2,Yes
CX02371,39,Productivity,Referral,Desktop,17,Month-to-month,Standard,3,True,21.64,330.08,Credit card,False,2,0,28.5,True,10,7.6,1.3,10,33.3,6.4,7,True,1.9,True,14.6,1,Yes
CX02372,26,Productivity,Paid Social,Desktop,28,Month-to-month,Basic,1,False,9.44,242.53,Digital wallet,False,0,3,1.2,True,19,17.2,5.4,5,38.3,7.2,7,False,4.2,True,5.4,1,No
CX02373,18,Streaming,App Store,Mobile,7,Month-to-month,Basic,4,False,15.92,105.97,UPI / Instant transfer,False,3,4,12.0,True,14,9.3,2.2,11,43.7,6.8,9,False,7.1,False,0.0,2,Yes
CX02374,39,Productivity,App Store,Desktop,18,Annual,Plus,6,True,37.36,632.04,Credit card,False,0,3,11.3,True,19,26.6,8.4,4,55.8,7.1,7,False,2.5,True,18.9,0,No
CX02375,37,Fitness,Paid Social,Mobile,13,Annual,Plus,4,False,29.98,374.58,UPI / Instant transfer,False,0,3,13.8,True,18,24.5,7.4,6,48.8,8.8,9,True,4.7,False,0.0,2,No
CX02376,45,Fintech,App Store,Desktop,8,Month-to-month,Premium,5,False,34.5,243.95,Credit card,True,0,2,13.6,True,22,43.8,16.1,3,54.1,7.2,9,False,7.1,True,16.4,1,No
CX02377,53,Fitness,Email Campaign,Smart TV,34,Month-to-month,Plus,4,True,31.73,968.29,Bank transfer,False,0,2,15.5,False,9,16.1,2.4,8,29.2,6.7,6,False,7.4,False,0.0,0,No
CX02378,23,Fitness,Organic Search,Mobile,24,Annual,Plus,7,False,29.79,695.35,Credit card,True,0,3,42.9,True,23,13.5,5.2,2,64.3,6.5,5,False,6.7,False,0.0,2,No
CX02379,28,News & Media,Influencer,Desktop,24,Month-to-month,Basic,1,False,9.27,212.71,Debit card,False,3,2,9.0,True,18,28.7,8.6,6,59.3,8.7,10,True,3.7,False,0.0,0,No
CX02380,36,Productivity,Paid Social,Desktop,50,Annual,Standard,3,False,12.75,612.61,Digital wallet,True,0,3,7.5,True,17,14.3,4.1,1,28.1,7.9,10,False,2.7,True,8.2,0,No
CX02381,51,Cloud Storage,Organic Search,Mobile,38,Two year,Plus,3,False,24.59,908.13,Credit card,True,0,4,10.0,True,15,16.0,4.0,7,69.5,8.0,9,True,2.2,False,0.0,1,No
CX02382,32,Fintech,App Store,Mobile,31,Annual,Premium,3,False,31.96,886.29,Digital wallet,True,0,4,8.9,True,16,7.4,2.0,2,43.7,6.8,10,False,5.2,False,0.0,1,Yes
CX02383,34,Fitness,App Store,Tablet,5,Annual,Premium,8,False,53.99,253.99,Digital wallet,False,1,4,11.6,True,25,22.8,9.5,5,37.0,8.0,8,False,16.8,False,0.0,2,No
CX02384,37,Cloud Storage,Referral,Desktop,32,Annual,Basic,3,False,10.85,345.94,Debit card,True,0,2,35.4,True,16,3.1,0.8,6,49.9,8.3,9,False,0.4,False,0.0,1,No
CX02385,47,Streaming,Organic Search,Mobile,5,Month-to-month,Premium,6,False,39.57,194.44,Debit card,False,1,2,11.5,False,9,23.5,3.5,14,55.6,8.1,7,False,2.6,False,0.0,1,Yes
CX02386,19,Streaming,App Store,Mobile,43,Annual,Standard,6,False,34.36,1364.99,Credit card,True,0,8,2.4,True,20,8.0,2.7,4,56.7,7.1,9,True,0.7,True,17.8,1,No
CX02387,46,Fintech,Influencer,Mobile,23,Month-to-month,Standard,3,False,18.08,409.08,Credit card,True,1,3,5.8,True,20,25.9,8.6,4,42.7,10.0,10,False,7.7,False,0.0,4,No
CX02388,38,Cloud Storage,App Store,Mobile,4,Month-to-month,Plus,4,False,34.53,126.43,Debit card,True,0,2,6.8,True,20,5.9,2.0,7,64.4,8.0,7,False,8.1,False,0.0,1,No
CX02389,45,Fintech,Influencer,Mobile,4,Annual,Basic,2,False,11.5,44.7,Debit card,True,0,3,11.2,True,22,9.9,3.6,36,60.8,8.7,9,True,3.2,True,21.9,1,No
CX02390,42,Gaming,Referral,Mobile,25,Month-to-month,Basic,2,False,14.07,325.26,Credit card,True,0,1,15.9,True,13,10.3,2.2,10,49.9,6.7,8,True,1.6,False,0.0,0,No
CX02391,18,Fintech,Referral,Smart TV,37,Annual,Plus,5,True,41.41,1415.94,Digital wallet,False,1,1,3.6,False,9,7.0,1.0,3,59.6,8.6,7,False,4.5,True,14.1,1,No
CX02392,49,Productivity,App Store,Desktop,14,Annual,Premium,3,False,23.83,323.82,Digital wallet,True,2,0,18.6,False,6,7.8,0.8,7,48.8,7.5,5,True,0.6,False,0.0,1,No
CX02393,48,Streaming,App Store,Tablet,39,Two year,Premium,3,False,31.35,1213.12,Credit card,True,0,0,5.2,True,28,7.0,3.3,5,45.2,8.2,9,True,15.3,True,3.0,0,No
CX02394,48,Fitness,App Store,Desktop,26,Month-to-month,Plus,3,True,20.99,536.35,Digital wallet,False,2,1,22.3,True,20,29.4,9.8,5,54.7,8.2,6,False,2.5,False,0.0,0,No
CX02395,18,Fintech,Paid Social,Mobile,30,Annual,Plus,7,False,32.26,916.31,Credit card,True,1,4,0.7,True,20,8.2,2.7,17,40.6,8.1,10,True,6.9,False,0.0,1,No
CX02396,26,Fintech,Organic Search,Desktop,8,Month-to-month,Standard,1,False,19.03,144.19,Credit card,False,2,1,12.4,True,21,13.0,4.6,10,49.8,7.5,7,True,1.4,False,0.0,0,No
CX02397,46,News & Media,Paid Social,Smart TV,1,Month-to-month,Basic,2,False,10.62,10.3,UPI / Instant transfer,False,1,1,10.0,False,8,31.0,4.1,12,51.3,8.9,10,False,1.5,False,0.0,0,Yes
CX02398,26,Fintech,Influencer,Mobile,2,Month-to-month,Basic,1,False,9.17,17.1,Digital wallet,False,2,0,6.7,True,18,16.0,4.8,1,93.2,10.0,9,True,6.4,False,0.0,3,No
CX02399,18,Fintech,Email Campaign,Tablet,52,Two year,Standard,4,True,16.17,826.69,Debit card,True,0,3,3.0,False,5,8.6,0.7,4,55.1,8.4,9,True,16.1,True,21.6,2,No
CX02400,34,Streaming,Organic Search,Mobile,2,Month-to-month,Basic,2,False,9.29,16.8,UPI / Instant transfer,False,1,3,2.4,True,18,19.6,5.9,11,54.0,7.3,6,True,7.5,False,0.0,1,No
CX02401,26,Fintech,Referral,Mobile,55,Annual,Premium,4,True,35.81,1907.19,Digital wallet,True,0,2,15.3,True,29,12.3,5.9,21,34.4,9.4,10,False,4.1,False,0.0,2,No
CX02402,23,Streaming,Organic Search,Mobile,10,Two year,Plus,4,False,26.69,246.9,UPI / Instant transfer,True,1,2,11.7,True,16,8.7,2.3,8,52.8,8.6,7,False,9.9,False,0.0,0,No
CX02403,29,Productivity,Referral,Mobile,43,Month-to-month,Standard,5,True,22.6,918.95,Buy now pay later,True,0,2,2.3,True,22,15.8,5.8,11,41.3,7.4,5,False,2.8,False,0.0,3,No
CX02404,18,Streaming,Organic Search,Mobile,38,Annual,Standard,2,False,16.7,630.27,Credit card,True,0,2,9.7,True,20,20.0,6.7,4,32.7,6.6,4,False,1.1,False,0.0,1,No
CX02405,43,Streaming,Paid Social,Mobile,38,Annual,Standard,2,True,24.09,879.67,Digital wallet,True,0,1,23.4,True,8,35.5,4.7,7,2.1,8.1,7,False,1.1,False,0.0,1,No
CX02406,23,Productivity,Paid Social,Mobile,43,Annual,Basic,1,False,9.0,381.13,Debit card,True,0,1,7.6,True,18,24.1,7.2,6,59.1,9.1,8,True,0.1,False,0.0,0,No
CX02407,50,Gaming,Paid Social,Mobile,21,Month-to-month,Premium,5,True,32.0,591.66,Debit card,False,0,1,2.5,False,12,18.4,3.7,10,50.7,8.4,10,False,3.0,False,0.0,1,No
CX02408,39,Gaming,Referral,Mobile,31,Two year,Basic,3,True,12.4,376.92,Digital wallet,False,1,3,17.6,True,20,34.3,11.4,3,29.9,7.7,7,False,3.1,False,0.0,0,No
CX02409,33,Fitness,Referral,Desktop,13,Two year,Premium,5,True,40.22,460.9,Buy now pay later,True,0,1,4.6,True,33,15.4,8.5,31,48.5,9.2,8,False,5.3,False,0.0,2,No
CX02410,66,Streaming,Email Campaign,Mobile,4,Month-to-month,Plus,3,False,20.64,73.98,Credit card,True,0,4,2.8,True,20,30.1,10.0,14,42.6,8.2,6,True,4.0,False,0.0,2,Yes
CX02411,50,Fintech,Email Campaign,Tablet,11,Month-to-month,Premium,6,False,47.15,476.48,Credit card,True,0,1,7.1,False,9,28.2,4.2,9,27.2,8.2,9,True,4.4,False,0.0,4,No
CX02412,55,Streaming,Organic Search,Desktop,54,Annual,Standard,4,False,21.3,1116.46,Digital wallet,True,0,1,35.8,False,10,19.3,3.2,7,56.6,9.0,7,False,7.3,False,0.0,3,No
CX02413,46,Streaming,Paid Social,Mobile,6,Month-to-month,Standard,7,False,30.94,163.59,Credit card,False,2,5,15.8,True,16,2.4,0.6,0,74.5,6.5,6,False,2.6,False,0.0,0,Yes
CX02414,36,News & Media,Referral,Mobile,9,Month-to-month,Plus,7,False,31.22,279.75,Debit card,True,0,5,3.6,True,16,2.6,0.7,14,65.7,7.4,9,True,1.7,True,10.6,2,No
CX02415,46,Gaming,Referral,Mobile,28,Two year,Plus,4,False,25.37,675.34,Credit card,True,1,2,31.0,False,4,32.4,2.2,6,40.8,8.2,8,True,2.7,False,0.0,0,Yes
CX02416,48,Streaming,Organic Search,Tablet,29,Annual,Standard,1,True,15.68,423.24,Credit card,True,0,1,6.6,True,16,18.1,4.8,16,57.6,8.3,8,True,2.6,False,0.0,3,No
CX02417,31,Productivity,Email Campaign,Desktop,16,Month-to-month,Basic,2,False,10.8,170.41,Credit card,False,4,2,10.3,True,11,2.5,0.5,20,57.9,8.5,8,False,12.6,False,0.0,3,No
CX02418,30,Cloud Storage,Paid Social,Mobile,7,Month-to-month,Plus,2,False,22.72,144.2,Credit card,False,2,0,10.3,True,28,10.1,4.7,11,48.1,10.0,10,True,1.9,False,0.0,3,Yes
CX02419,23,Fitness,Organic Search,Mobile,26,Annual,Premium,5,False,30.41,779.08,Credit card,True,0,8,12.4,True,19,9.9,3.1,24,44.5,7.3,9,True,10.0,False,0.0,0,No
CX02420,18,Fintech,Referral,Desktop,24,Month-to-month,Standard,2,False,13.17,313.03,Credit card,True,0,1,21.1,True,15,15.0,3.8,8,66.8,8.5,8,True,0.9,False,0.0,0,Yes
CX02421,45,Streaming,Organic Search,Desktop,29,Annual,Basic,3,False,15.58,417.39,UPI / Instant transfer,True,0,3,16.0,True,16,13.8,3.7,19,38.6,8.3,8,False,1.8,False,0.0,1,No
CX02422,41,Fintech,Organic Search,Mobile,2,Month-to-month,Standard,1,False,10.88,19.42,Debit card,True,0,2,5.9,True,15,17.1,4.3,5,66.1,9.5,9,False,4.2,True,16.0,1,No
CX02423,32,Fintech,Email Campaign,Tablet,4,Month-to-month,Plus,2,False,18.36,72.43,Credit card,True,1,1,3.9,True,18,17.7,5.3,12,55.8,7.9,7,False,7.4,False,0.0,3,No
CX02424,32,Productivity,App Store,Mobile,33,Annual,Plus,5,False,25.76,823.88,Digital wallet,False,2,5,5.1,True,21,8.3,2.9,7,39.1,7.1,8,False,3.8,False,0.0,0,No
CX02425,23,News & Media,Organic Search,Mobile,26,Month-to-month,Premium,6,False,34.41,832.03,Buy now pay later,True,0,4,14.3,True,27,4.2,1.9,2,72.6,6.7,8,False,4.8,False,0.0,0,No
CX02426,40,Gaming,Paid Social,Mobile,27,Annual,Standard,2,False,21.18,534.1,Bank transfer,True,0,1,8.1,True,16,21.9,5.8,2,36.2,9.6,10,True,0.8,False,0.0,2,No
CX02427,71,Streaming,App Store,Smart TV,14,Annual,Premium,5,False,37.83,466.19,Credit card,True,0,0,4.2,True,19,18.3,5.8,4,41.3,7.6,8,False,4.9,True,26.8,3,No
CX02428,28,Productivity,Organic Search,Mobile,6,Annual,Plus,2,True,17.78,103.05,Credit card,True,1,0,7.7,True,25,16.2,6.8,16,61.6,7.5,7,True,1.9,True,22.5,1,No
CX02429,39,Productivity,Paid Social,Smart TV,4,Month-to-month,Premium,3,False,30.45,115.64,UPI / Instant transfer,False,0,1,1.4,True,22,12.9,4.7,6,40.0,8.6,8,False,1.8,False,0.0,0,No
CX02430,32,Cloud Storage,Referral,Desktop,10,Annual,Standard,3,False,13.98,129.2,Digital wallet,True,0,2,4.3,False,7,1.7,0.2,4,46.7,7.0,8,False,4.6,False,0.0,0,No
CX02431,49,Streaming,Influencer,Mobile,14,Month-to-month,Standard,3,False,19.26,264.46,UPI / Instant transfer,False,2,3,26.3,True,16,15.9,4.2,16,57.5,8.3,7,False,3.6,False,0.0,1,No
CX02432,48,Fintech,Paid Social,Mobile,10,Month-to-month,Standard,3,True,20.42,180.53,Debit card,True,1,3,17.0,True,19,13.0,4.1,8,48.4,8.5,10,True,4.4,False,0.0,0,No
CX02433,49,Fintech,Organic Search,Mobile,18,Month-to-month,Basic,2,False,17.81,295.35,Bank transfer,False,2,2,14.0,True,17,26.4,7.5,18,35.5,4.9,6,False,4.7,False,0.0,0,Yes
CX02434,24,Productivity,Paid Social,Desktop,18,Annual,Plus,4,True,29.18,520.46,Digital wallet,True,0,5,12.0,False,12,7.8,1.6,20,56.2,6.9,7,True,5.8,True,11.6,4,Yes
CX02435,44,Fintech,App Store,Desktop,72,Annual,Basic,1,False,9.21,626.93,Digital wallet,True,0,0,8.4,True,24,23.6,9.4,11,41.5,9.4,10,False,2.5,True,10.8,0,No
CX02436,48,Fintech,Paid Social,Mobile,25,Annual,Basic,2,False,16.28,387.83,Debit card,True,1,1,6.0,True,13,20.1,4.4,21,52.9,9.7,10,False,5.9,False,0.0,1,No
CX02437,18,Productivity,App Store,Mobile,81,Two year,Standard,3,False,16.33,1208.15,Credit card,True,0,4,9.8,True,15,7.7,1.9,14,67.8,8.5,7,False,0.9,False,0.0,0,No
CX02438,57,Fintech,App Store,Tablet,16,Month-to-month,Standard,2,False,18.1,274.8,Digital wallet,False,1,4,16.8,True,20,12.3,4.1,1,30.3,7.0,6,True,1.4,False,0.0,0,Yes
CX02439,34,Fintech,App Store,Desktop,1,Month-to-month,Plus,2,False,20.46,18.44,Credit card,False,2,2,8.8,False,4,7.6,0.5,8,52.0,8.7,8,False,2.6,False,0.0,4,No
CX02440,32,Fintech,Organic Search,Desktop,8,Month-to-month,Standard,4,True,22.99,171.28,Credit card,True,0,10,35.7,False,4,16.0,1.1,11,56.2,4.4,4,False,4.7,False,0.0,0,No
CX02441,56,Fintech,Paid Social,Desktop,14,Month-to-month,Plus,6,True,30.04,397.52,Credit card,True,1,3,10.1,True,19,12.9,4.1,15,66.4,7.2,10,True,2.2,False,0.0,2,Yes
CX02442,24,Gaming,Organic Search,Mobile,42,Annual,Standard,2,False,15.76,645.05,Credit card,True,0,3,22.9,True,21,19.0,6.6,3,45.1,6.7,7,True,4.3,False,0.0,0,No
CX02443,41,Streaming,Organic Search,Desktop,39,Annual,Standard,2,False,14.61,521.76,Bank transfer,False,1,1,8.1,False,7,3.2,0.4,1,40.5,10.0,10,True,5.4,True,8.0,3,No
CX02444,39,News & Media,Organic Search,Mobile,5,Month-to-month,Plus,4,True,19.76,91.24,Digital wallet,True,1,1,8.0,True,26,3.4,1.5,7,61.0,9.6,8,True,2.6,False,0.0,0,No
CX02445,22,Fitness,Paid Social,Mobile,37,Month-to-month,Basic,2,False,10.48,377.09,Credit card,True,2,5,5.3,True,15,15.6,3.9,5,31.3,9.6,10,False,12.9,False,0.0,2,No
CX02446,36,News & Media,Organic Search,Mobile,26,Month-to-month,Standard,3,False,12.73,296.84,Credit card,True,1,6,5.3,True,25,27.2,11.3,21,72.1,8.5,9,True,6.5,True,25.2,0,No
CX02447,18,Fitness,Organic Search,Mobile,18,Annual,Plus,3,False,24.22,413.81,Debit card,True,0,4,26.1,True,18,16.4,4.9,5,36.9,8.1,9,True,8.5,True,8.1,2,No
CX02448,41,Gaming,Referral,Desktop,6,Month-to-month,Standard,6,False,27.85,165.69,Credit card,False,0,5,7.0,True,18,9.0,2.7,1,52.1,4.9,5,True,1.8,False,0.0,0,Yes
CX02449,56,Fitness,Paid Social,Tablet,2,Month-to-month,Basic,5,True,15.83,31.18,Credit card,True,1,3,12.4,True,19,10.3,3.3,3,47.0,7.7,5,False,7.7,False,0.0,1,No
CX02450,42,Fintech,App Store,Desktop,1,Month-to-month,Plus,6,False,39.45,38.65,Credit card,True,0,7,7.5,True,16,11.8,3.1,7,35.5,9.2,7,False,4.4,False,0.0,0,No
CX02451,41,Streaming,Paid Social,Mobile,40,Annual,Standard,3,False,17.78,685.48,Credit card,True,0,2,4.8,True,16,15.5,4.1,11,30.5,8.6,8,False,1.9,True,21.5,0,No
CX02452,36,Cloud Storage,App Store,Mobile,11,Month-to-month,Premium,8,False,35.83,388.62,Credit card,False,0,3,8.8,True,23,0.5,0.2,4,41.1,7.7,7,False,17.9,False,0.0,1,No
CX02453,19,Streaming,Email Campaign,Desktop,11,Month-to-month,Standard,3,False,22.55,239.45,Bank transfer,True,1,3,19.6,True,16,51.6,13.8,9,48.6,9.7,9,False,4.7,False,0.0,1,No
CX02454,33,Fintech,Organic Search,Mobile,13,Month-to-month,Basic,3,False,16.97,212.85,Credit card,True,1,3,2.3,True,13,6.7,1.5,2,51.0,8.6,8,False,1.4,True,12.7,1,No
CX02455,53,Fitness,App Store,Mobile,4,Month-to-month,Standard,1,False,15.86,56.66,Credit card,True,0,2,8.8,True,18,11.1,3.3,7,41.5,6.5,3,False,0.7,False,0.0,0,No
CX02456,34,Fintech,App Store,Mobile,56,Annual,Basic,2,False,12.2,680.97,UPI / Instant transfer,False,2,3,16.6,True,12,2.1,0.4,3,41.8,10.0,10,True,3.6,True,17.2,1,No
CX02457,25,Productivity,Paid Social,Mobile,20,Month-to-month,Plus,5,True,29.49,557.29,UPI / Instant transfer,True,1,5,6.4,True,24,16.0,6.4,7,49.8,5.9,4,True,2.3,True,14.7,1,No
CX02458,18,Streaming,Organic Search,Mobile,21,Month-to-month,Premium,4,False,37.91,752.78,UPI / Instant transfer,True,0,6,10.4,True,15,5.1,1.3,3,41.4,8.7,8,False,4.2,True,16.3,1,No
CX02459,25,Fitness,Organic Search,Desktop,3,Month-to-month,Standard,3,False,21.58,57.01,Debit card,True,0,0,17.3,True,22,9.4,3.4,16,30.8,7.7,6,False,0.7,False,0.0,0,Yes
CX02460,61,Streaming,Paid Social,Desktop,12,Month-to-month,Basic,3,False,14.7,161.2,Credit card,False,2,2,5.7,False,4,14.1,0.9,1,50.8,8.7,8,True,3.1,True,23.2,0,No
CX02461,38,Cloud Storage,Paid Social,Desktop,7,Annual,Plus,1,False,15.26,100.1,Credit card,True,0,3,17.4,True,23,9.4,3.6,5,41.1,7.1,6,True,1.9,True,26.0,2,No
CX02462,31,Fitness,Organic Search,Desktop,18,Month-to-month,Plus,3,False,27.38,447.0,UPI / Instant transfer,True,1,0,10.8,True,17,29.3,8.3,16,29.1,8.1,4,False,9.8,False,0.0,0,Yes
CX02463,40,Productivity,Organic Search,Mobile,42,Annual,Standard,2,True,13.58,522.88,Digital wallet,True,0,2,10.8,True,27,12.2,5.5,10,39.5,8.8,10,True,4.9,False,0.0,2,No
CX02464,44,Productivity,Paid Social,Mobile,13,Annual,Plus,5,True,24.5,314.58,Credit card,True,1,1,8.5,True,14,15.3,3.6,24,19.5,9.0,10,False,16.4,True,5.0,1,Yes
CX02465,60,Fintech,Referral,Mobile,10,Month-to-month,Plus,3,False,33.05,305.57,Buy now pay later,True,1,2,5.2,True,19,17.1,5.4,3,52.7,7.3,7,False,1.9,False,0.0,1,No
CX02466,37,Cloud Storage,Organic Search,Mobile,5,Month-to-month,Standard,1,False,11.97,54.76,Buy now pay later,False,1,2,8.3,True,21,7.2,2.5,0,46.2,8.9,10,True,2.7,True,20.5,1,No
CX02467,51,News & Media,Organic Search,Mobile,40,Month-to-month,Basic,3,False,13.42,510.38,Credit card,False,0,2,11.4,False,3,12.5,0.6,68,35.1,7.7,8,True,0.4,False,0.0,0,Yes
CX02468,40,Fintech,Influencer,Desktop,3,Month-to-month,Standard,4,False,19.03,53.08,Debit card,False,0,2,14.7,True,21,4.1,1.4,2,53.3,9.7,8,False,0.4,False,0.0,2,Yes
CX02469,26,Gaming,Referral,Tablet,12,Month-to-month,Basic,1,False,8.07,96.26,Buy now pay later,False,0,1,3.1,True,14,2.3,0.5,2,50.2,8.7,8,True,1.1,False,0.0,0,No
CX02470,47,Streaming,Influencer,Mobile,15,Annual,Standard,2,True,17.44,239.97,Debit card,True,0,4,3.9,True,11,28.8,5.3,5,37.7,7.9,10,False,2.5,True,5.7,0,No
CX02471,40,Fintech,Paid Social,Mobile,19,Month-to-month,Standard,3,True,16.39,280.52,Digital wallet,True,0,5,5.3,True,25,13.5,5.6,3,34.1,8.7,8,False,8.2,False,0.0,0,No
CX02472,21,Fitness,App Store,Mobile,16,Annual,Basic,1,True,7.86,111.29,Credit card,True,1,3,15.0,True,19,20.5,6.5,0,49.2,8.8,10,True,3.0,False,0.0,2,No
CX02473,55,Streaming,Influencer,Mobile,12,Month-to-month,Plus,2,False,23.36,266.66,Credit card,True,1,2,2.8,True,14,9.3,2.2,5,32.6,9.0,9,True,3.6,False,0.0,3,No
CX02474,41,Gaming,Influencer,Desktop,26,Annual,Standard,2,True,16.22,374.7,Digital wallet,True,0,2,18.8,True,19,7.1,2.2,3,46.1,8.0,8,False,1.9,False,0.0,0,No
CX02475,22,Fintech,Paid Social,Smart TV,21,Two year,Plus,5,True,27.65,513.55,Debit card,True,0,2,2.6,True,24,28.7,11.5,8,50.3,10.0,10,True,2.2,False,0.0,4,No
CX02476,39,Productivity,Paid Social,Tablet,13,Annual,Basic,2,False,7.7,91.96,Debit card,False,0,3,2.5,False,6,21.6,2.2,14,44.3,7.0,5,False,0.3,False,0.0,1,No
CX02477,29,News & Media,App Store,Smart TV,2,Month-to-month,Standard,3,False,17.57,32.89,Credit card,True,0,2,11.1,False,5,22.3,1.9,5,54.5,7.0,6,True,11.2,False,0.0,0,Yes
CX02478,19,Gaming,Paid Social,Mobile,14,Annual,Plus,4,False,28.36,379.63,Credit card,True,0,3,8.1,True,31,20.0,10.3,8,60.9,7.3,6,True,4.6,False,0.0,2,No
CX02479,27,Fintech,Paid Social,Mobile,25,Annual,Premium,5,True,21.38,530.11,Digital wallet,False,0,0,20.8,True,13,4.6,1.0,12,46.4,7.0,7,False,0.7,False,0.0,0,No
CX02480,18,Fintech,App Store,Desktop,16,Month-to-month,Basic,2,False,12.15,187.17,UPI / Instant transfer,True,1,2,7.4,True,24,24.7,9.9,8,31.6,10.0,10,False,1.5,False,0.0,2,No
CX02481,42,Fintech,Organic Search,Mobile,1,Month-to-month,Premium,5,False,31.85,30.7,Credit card,True,0,5,12.5,True,21,10.7,3.7,8,42.2,5.1,6,True,6.4,False,0.0,0,Yes
CX02482,43,Streaming,Organic Search,Mobile,17,Month-to-month,Standard,3,False,21.63,348.74,Bank transfer,True,0,4,14.5,True,12,10.4,2.1,7,34.8,8.0,7,False,1.9,False,0.0,2,No
CX02483,49,Productivity,Paid Social,Tablet,5,Month-to-month,Plus,2,False,18.45,85.79,Credit card,False,2,3,11.7,True,13,23.2,5.0,2,37.1,6.0,6,True,6.1,False,0.0,0,Yes
CX02484,45,Streaming,App Store,Mobile,5,Month-to-month,Basic,3,True,23.91,114.26,Digital wallet,False,2,0,19.3,True,16,8.4,2.2,10,28.6,8.1,9,False,7.7,True,17.3,0,No
CX02485,32,Productivity,Paid Social,Desktop,15,Month-to-month,Basic,1,False,9.51,137.7,Debit card,True,0,1,0.9,True,13,2.6,0.6,4,49.3,10.0,10,True,1.4,False,0.0,3,No
CX02486,61,Streaming,Referral,Mobile,27,Month-to-month,Basic,1,False,10.18,248.39,Bank transfer,False,4,1,4.4,True,21,16.3,5.7,10,57.0,7.7,9,True,10.1,False,0.0,1,Yes
CX02487,34,Streaming,Referral,Desktop,16,Month-to-month,Basic,4,False,19.42,306.77,Digital wallet,True,1,2,15.3,False,4,6.3,0.4,8,57.3,7.3,8,True,1.3,False,0.0,0,Yes
CX02488,55,Fintech,Influencer,Smart TV,8,Month-to-month,Premium,5,False,41.4,292.29,Credit card,True,1,4,5.1,False,21,1.3,0.5,5,67.9,8.1,8,True,2.6,False,0.0,0,Yes
CX02489,35,Productivity,Paid Social,Mobile,3,Month-to-month,Standard,3,False,19.7,52.58,Buy now pay later,True,0,3,22.7,True,20,3.8,1.3,31,34.2,7.7,8,True,0.8,False,0.0,2,No
CX02490,18,Fintech,Paid Social,Mobile,4,Month-to-month,Standard,7,False,22.66,85.24,Credit card,False,2,3,1.9,True,20,3.0,1.0,12,43.5,8.6,7,False,4.0,False,0.0,1,No
CX02491,49,Gaming,Organic Search,Mobile,15,Two year,Plus,3,False,25.9,371.87,Credit card,True,1,2,26.9,True,31,1.2,0.6,3,43.2,7.8,8,False,2.8,False,0.0,0,No
CX02492,37,Fintech,Referral,Mobile,46,Month-to-month,Standard,1,False,16.27,668.15,Credit card,False,3,3,11.8,True,15,2.7,0.7,36,69.6,9.5,7,True,5.6,False,0.0,2,Yes
CX02493,29,Streaming,App Store,Mobile,28,Month-to-month,Standard,4,False,23.04,579.79,Debit card,True,0,4,25.8,True,12,8.8,1.8,7,47.3,7.5,7,True,5.6,False,0.0,1,Yes
CX02494,33,Fitness,Influencer,Mobile,12,Two year,Standard,2,False,16.71,197.62,UPI / Instant transfer,True,1,2,1.5,True,13,30.2,6.5,6,57.2,9.9,10,False,2.6,False,0.0,2,No
CX02495,18,Productivity,Paid Social,Tablet,5,Month-to-month,Plus,4,False,26.31,118.5,Debit card,True,0,1,9.8,False,4,4.6,0.3,4,39.2,8.4,8,True,12.4,False,0.0,6,No
CX02496,40,Streaming,Referral,Desktop,34,Two year,Plus,3,False,28.27,877.48,UPI / Instant transfer,True,0,2,12.7,True,16,25.7,6.9,13,49.7,7.9,8,False,1.8,True,6.3,2,No
CX02497,38,Streaming,Paid Social,Desktop,16,Month-to-month,Basic,1,False,10.97,165.11,Credit card,True,0,0,6.7,False,3,17.2,0.9,9,41.2,8.3,7,False,0.1,False,0.0,1,No
CX02498,31,Cloud Storage,Referral,Mobile,35,Two year,Premium,5,False,25.21,825.12,Bank transfer,False,0,7,5.6,True,23,12.7,4.9,8,48.9,5.5,8,False,5.3,False,0.0,0,Yes
CX02499,54,Cloud Storage,Influencer,Mobile,33,Month-to-month,Plus,4,False,23.5,752.26,Debit card,True,1,3,2.1,True,23,4.6,1.8,9,55.3,8.3,10,True,1.9,False,0.0,1,No
CX02500,18,Streaming,App Store,Desktop,11,Annual,Basic,2,False,10.84,110.85,Credit card,False,1,1,29.2,True,12,10.8,2.2,9,62.1,7.1,6,False,5.6,False,0.0,1,No
CX02501,62,Gaming,App Store,Smart TV,20,Month-to-month,Premium,3,True,33.85,658.25,UPI / Instant transfer,True,1,3,25.5,True,26,1.8,0.8,0,60.0,7.7,8,False,1.1,False,0.0,0,No
CX02502,47,Productivity,Paid Social,Mobile,8,Month-to-month,Basic,1,False,7.5,59.81,UPI / Instant transfer,True,1,1,6.0,True,18,5.0,1.5,15,50.0,8.7,8,False,5.7,False,0.0,1,No
CX02503,42,Streaming,Paid Social,Mobile,29,Month-to-month,Plus,4,True,31.75,881.15,Debit card,False,1,5,12.4,True,22,8.1,3.0,12,67.6,6.8,7,True,3.2,True,26.3,0,Yes
CX02504,30,Streaming,Influencer,Mobile,17,Month-to-month,Standard,3,False,20.03,310.34,Credit card,True,0,1,3.2,True,14,31.6,7.4,36,56.7,8.0,8,False,2.0,True,20.1,1,No
CX02505,30,Gaming,Organic Search,Desktop,5,Month-to-month,Standard,1,False,16.26,72.85,UPI / Instant transfer,False,1,2,20.1,True,20,4.3,1.4,4,44.4,10.0,8,True,9.6,False,0.0,1,Yes
CX02506,34,Productivity,Influencer,Desktop,16,Annual,Plus,6,False,47.32,727.25,UPI / Instant transfer,True,0,3,36.6,True,23,15.3,5.9,6,42.8,8.3,9,False,7.8,False,0.0,1,Yes
CX02507,42,Gaming,Organic Search,Mobile,22,Annual,Standard,4,False,19.93,431.99,Bank transfer,False,1,3,7.2,True,26,24.5,10.6,1,36.7,10.0,10,False,6.9,False,0.0,4,No
CX02508,30,Fintech,Paid Social,Smart TV,14,Month-to-month,Basic,1,True,9.55,130.75,Credit card,False,0,1,4.0,False,4,4.9,0.3,4,40.3,6.1,5,False,6.6,False,0.0,1,Yes
CX02509,29,Fintech,Organic Search,Tablet,6,Month-to-month,Premium,4,False,27.23,156.01,Debit card,True,1,6,16.5,False,14,19.7,4.6,16,38.0,10.0,10,True,2.1,True,10.1,0,Yes
CX02510,63,Streaming,Organic Search,Mobile,30,Annual,Plus,4,False,18.88,516.56,UPI / Instant transfer,True,0,4,5.4,True,15,12.7,3.2,9,25.2,6.3,7,True,6.4,False,0.0,0,No
CX02511,48,Fintech,App Store,Desktop,15,Month-to-month,Standard,2,False,19.75,276.32,UPI / Instant transfer,False,0,3,13.0,True,18,2.6,0.8,2,56.6,9.9,9,False,1.9,True,10.5,1,No
CX02512,52,Productivity,Influencer,Mobile,62,Two year,Standard,4,False,20.85,1203.95,Debit card,True,1,2,9.7,False,9,14.4,2.2,10,39.8,9.8,9,False,1.9,True,29.6,1,No
CX02513,25,Cloud Storage,Organic Search,Mobile,34,Annual,Plus,4,False,35.52,1180.81,Bank transfer,True,1,2,21.5,True,27,7.4,3.3,5,61.9,9.2,9,False,7.9,True,16.0,1,No
CX02514,18,Streaming,Organic Search,Smart TV,20,Annual,Plus,7,False,33.31,626.46,Credit card,True,0,7,16.7,False,10,5.0,0.8,8,42.1,7.4,6,True,6.2,False,0.0,0,No
CX02515,40,Productivity,Organic Search,Mobile,31,Month-to-month,Plus,5,False,33.72,955.7,Debit card,True,1,4,1.1,True,21,19.5,6.8,8,32.4,6.8,6,False,3.7,False,0.0,1,Yes
CX02516,27,Streaming,Paid Social,Mobile,2,Month-to-month,Standard,4,False,30.37,55.96,UPI / Instant transfer,True,1,5,2.5,True,26,30.2,13.1,3,44.5,8.2,9,False,2.4,False,0.0,0,No
CX02517,55,Streaming,Referral,Mobile,12,Month-to-month,Standard,3,False,27.9,319.07,Credit card,False,0,4,3.2,True,15,27.3,6.8,4,54.5,7.7,7,False,0.8,False,0.0,2,No
CX02518,30,Productivity,Influencer,Tablet,57,Two year,Standard,1,False,10.67,567.71,Bank transfer,True,0,0,4.4,False,5,14.3,1.2,5,40.1,7.8,10,False,3.9,False,0.0,0,No
CX02519,47,Streaming,Referral,Smart TV,4,Month-to-month,Standard,2,False,17.8,67.89,Credit card,True,0,4,4.6,False,9,15.6,2.3,1,34.1,8.5,10,False,6.8,False,0.0,2,No
CX02520,35,Streaming,Paid Social,Mobile,17,Annual,Premium,4,False,39.58,628.33,Credit card,True,0,2,20.0,True,26,4.9,2.1,2,59.7,9.7,9,False,0.6,False,0.0,0,No
CX02521,41,Streaming,App Store,Desktop,23,Month-to-month,Premium,3,True,33.93,708.88,Credit card,True,1,0,3.7,True,21,20.9,7.3,23,42.6,9.6,9,True,7.3,True,19.8,1,No
CX02522,26,Fitness,App Store,Mobile,4,Month-to-month,Basic,2,True,12.0,46.65,Digital wallet,False,1,2,16.8,True,17,15.0,4.2,7,51.5,7.5,8,True,3.9,True,13.0,0,Yes
CX02523,18,Streaming,Paid Social,Smart TV,13,Month-to-month,Premium,3,False,19.75,225.99,Buy now pay later,False,3,2,6.3,False,7,17.1,2.0,2,49.4,6.6,6,False,1.4,False,0.0,0,Yes
CX02524,63,Productivity,App Store,Mobile,10,Annual,Premium,5,False,36.32,343.95,Buy now pay later,False,0,2,35.8,True,25,40.3,16.8,4,44.0,7.9,10,False,0.6,False,0.0,2,No
CX02525,29,Fintech,App Store,Mobile,41,Two year,Premium,6,False,40.38,1598.95,Digital wallet,True,1,2,9.6,True,14,22.8,5.3,19,40.6,8.3,6,True,1.0,True,20.6,1,No
CX02526,29,Cloud Storage,Paid Social,Mobile,32,Month-to-month,Basic,1,False,7.4,210.03,UPI / Instant transfer,True,0,0,10.9,True,15,27.6,6.9,16,49.2,8.9,10,True,2.2,False,0.0,1,No
CX02527,53,Productivity,Organic Search,Mobile,24,Annual,Premium,1,False,21.24,466.16,Debit card,True,1,2,1.1,True,16,8.9,2.4,8,37.1,8.5,8,True,7.5,False,0.0,1,No
CX02528,44,Gaming,App Store,Mobile,10,Month-to-month,Basic,2,True,9.31,86.26,Credit card,False,0,2,6.1,True,11,8.4,1.5,4,55.2,7.8,5,False,1.7,False,0.0,4,No
CX02529,36,Cloud Storage,App Store,Mobile,4,Month-to-month,Standard,4,False,27.53,99.98,Debit card,True,1,1,12.6,True,22,27.0,9.9,5,25.1,7.1,4,False,2.8,False,0.0,1,No
CX02530,31,Cloud Storage,Organic Search,Mobile,4,Month-to-month,Plus,5,False,26.98,103.54,Debit card,True,1,1,6.2,True,20,17.5,5.8,7,47.0,8.5,10,False,2.3,False,0.0,1,No
CX02531,45,Productivity,Organic Search,Desktop,21,Month-to-month,Basic,1,False,9.71,185.49,Credit card,False,0,4,9.0,False,6,10.8,1.1,4,43.5,10.0,10,False,2.3,False,0.0,4,No
CX02532,40,Gaming,Paid Social,Mobile,3,Month-to-month,Plus,7,False,42.54,119.58,Credit card,True,0,2,11.8,True,22,9.9,3.6,4,49.8,8.4,9,True,3.4,False,0.0,1,No
CX02533,33,Streaming,Email Campaign,Mobile,11,Annual,Standard,5,False,20.43,216.16,Buy now pay later,False,0,4,6.7,False,2,17.4,0.6,7,57.0,7.1,6,True,5.8,False,0.0,0,No
CX02534,38,Fintech,App Store,Mobile,9,Month-to-month,Basic,2,False,12.5,108.06,Debit card,True,0,0,10.3,True,15,24.3,6.1,15,54.3,9.3,10,True,4.2,False,0.0,1,No
CX02535,44,Fintech,Organic Search,Mobile,32,Annual,Plus,5,False,21.16,623.48,Credit card,False,1,4,12.5,True,18,6.0,1.8,12,46.3,6.7,8,True,1.5,True,18.4,2,No
CX02536,42,Streaming,Organic Search,Desktop,32,Annual,Basic,1,False,7.77,238.92,Credit card,False,4,2,7.4,True,17,6.5,1.8,6,54.1,7.6,7,False,10.1,False,0.0,0,Yes
CX02537,39,Productivity,Paid Social,Mobile,40,Month-to-month,Plus,3,False,27.78,1073.46,UPI / Instant transfer,True,0,2,7.7,True,15,4.4,1.1,1,42.1,6.1,4,False,6.8,False,0.0,0,Yes
CX02538,36,Cloud Storage,Paid Social,Mobile,19,Annual,Basic,3,False,12.53,233.16,Credit card,True,1,3,8.8,True,13,5.1,1.1,18,42.3,7.3,8,True,3.6,True,6.8,0,No
CX02539,52,Productivity,Paid Social,Mobile,9,Month-to-month,Premium,4,False,33.12,287.23,UPI / Instant transfer,True,1,0,5.0,True,22,3.4,1.2,3,59.1,9.8,9,False,3.2,False,0.0,1,No
CX02540,29,Fintech,Organic Search,Mobile,17,Two year,Plus,4,True,32.91,496.88,Buy now pay later,True,0,1,5.0,True,20,32.8,10.9,9,39.5,8.0,10,False,4.9,False,0.0,3,No
CX02541,48,Productivity,App Store,Desktop,21,Annual,Plus,5,False,27.78,549.1,Digital wallet,True,0,3,14.3,False,14,10.6,2.5,5,45.7,8.2,7,True,2.8,False,0.0,1,No
CX02542,28,Streaming,Paid Social,Tablet,50,Annual,Basic,3,False,17.15,825.18,Digital wallet,True,0,7,15.3,True,18,0.9,0.3,7,36.5,7.8,9,False,8.0,False,0.0,0,No
CX02543,52,Gaming,Organic Search,Mobile,6,Month-to-month,Standard,4,False,18.37,110.13,Buy now pay later,True,1,1,16.5,True,22,40.4,14.8,2,55.0,7.8,6,True,1.5,False,0.0,2,Yes
CX02544,51,News & Media,App Store,Smart TV,59,Annual,Standard,2,False,18.07,948.17,Credit card,False,0,3,8.3,True,19,12.5,4.0,11,59.0,7.0,7,False,5.0,False,0.0,0,No
CX02545,31,News & Media,Referral,Mobile,17,Annual,Premium,2,False,39.8,624.67,Credit card,True,1,3,3.6,True,19,3.8,1.2,2,20.6,7.6,7,False,19.6,False,0.0,1,No
CX02546,43,Streaming,Organic Search,Smart TV,8,Annual,Premium,3,False,18.64,144.5,Digital wallet,False,3,8,29.0,False,13,18.8,4.1,4,44.8,5.2,5,True,5.1,False,0.0,0,Yes
CX02547,30,Cloud Storage,Referral,Tablet,6,Month-to-month,Basic,3,False,13.99,76.37,Bank transfer,True,0,3,10.8,True,16,8.9,2.4,8,55.6,8.3,9,False,11.3,False,0.0,3,No
CX02548,37,News & Media,Email Campaign,Mobile,1,Month-to-month,Standard,3,False,22.11,21.34,UPI / Instant transfer,False,0,1,13.2,True,18,39.4,11.8,5,47.5,9.8,10,False,5.8,False,0.0,2,No
CX02549,24,Gaming,Paid Social,Mobile,53,Annual,Premium,4,False,26.62,1299.57,Debit card,True,0,4,2.7,True,27,23.6,10.6,3,49.5,7.5,6,False,1.0,False,0.0,2,No
CX02550,45,Streaming,App Store,Mobile,4,Month-to-month,Standard,2,False,13.97,49.75,Debit card,True,0,5,5.9,True,14,4.9,1.1,23,69.1,9.0,8,False,0.7,False,0.0,0,Yes
CX02551,56,Streaming,Paid Social,Smart TV,25,Month-to-month,Premium,4,False,28.12,622.86,UPI / Instant transfer,True,1,1,12.3,True,22,20.1,7.4,30,46.1,6.7,7,True,5.5,True,26.1,0,Yes
CX02552,28,Streaming,Organic Search,Mobile,2,Month-to-month,Basic,2,False,10.93,20.88,Bank transfer,True,1,3,9.7,False,4,8.2,0.5,4,44.8,7.4,6,False,0.8,True,6.2,0,No
CX02553,32,News & Media,Organic Search,Mobile,24,Month-to-month,Basic,2,True,10.59,245.77,Credit card,False,1,1,31.8,True,14,10.9,2.5,10,14.1,5.7,4,True,6.4,False,0.0,0,Yes
CX02554,34,Cloud Storage,Referral,Mobile,24,Month-to-month,Standard,2,False,13.57,303.25,Buy now pay later,False,1,1,11.0,True,27,7.2,3.2,6,37.8,10.0,10,False,6.1,False,0.0,1,No
CX02555,25,Fintech,Organic Search,Mobile,14,Annual,Basic,2,True,11.53,144.74,Credit card,True,1,3,2.6,True,16,4.3,1.1,8,66.7,9.6,10,False,4.5,True,3.0,0,No
CX02556,29,Streaming,App Store,Desktop,26,Month-to-month,Basic,1,False,12.15,297.01,Credit card,True,0,1,8.2,True,12,23.1,4.6,2,57.1,8.2,9,False,3.0,False,0.0,0,No
CX02557,44,News & Media,Referral,Mobile,7,Month-to-month,Premium,2,True,24.34,150.77,Debit card,True,1,2,2.7,True,31,29.3,15.1,2,54.2,9.9,9,True,4.4,False,0.0,3,Yes
CX02558,55,News & Media,Influencer,Mobile,26,Two year,Standard,3,False,16.14,380.3,Credit card,True,2,0,24.2,True,17,6.3,1.8,2,49.7,9.7,9,False,10.6,True,17.5,0,No
CX02559,18,Streaming,App Store,Tablet,13,Annual,Basic,4,False,15.03,178.56,UPI / Instant transfer,True,0,4,1.7,True,20,27.7,9.2,3,26.3,7.3,7,False,6.0,True,5.5,0,No
CX02560,18,Fitness,Paid Social,Mobile,5,Annual,Basic,2,True,14.05,65.43,Debit card,True,1,0,2.2,True,19,41.2,13.0,8,46.9,8.6,9,False,6.9,False,0.0,0,Yes
CX02561,32,Productivity,App Store,Mobile,14,Annual,Standard,2,False,15.26,211.56,Credit card,True,0,3,16.8,True,24,21.6,8.6,22,36.0,8.7,8,False,5.4,True,5.3,0,No
CX02562,21,Streaming,Paid Social,Desktop,14,Month-to-month,Basic,2,True,10.29,140.38,Bank transfer,True,2,1,4.5,False,2,22.2,0.7,9,59.2,9.5,10,False,0.8,False,0.0,1,No
CX02563,36,Streaming,Referral,Mobile,9,Annual,Basic,1,True,7.68,60.87,Debit card,True,2,2,25.8,True,13,9.1,2.0,12,66.5,6.7,7,False,5.1,False,0.0,0,No
CX02564,42,News & Media,Paid Social,Mobile,33,Annual,Basic,4,False,16.01,515.27,Digital wallet,True,0,4,7.5,True,19,17.5,5.5,11,44.5,8.6,9,False,10.0,False,0.0,2,No
CX02565,18,Fintech,Referral,Mobile,18,Month-to-month,Standard,5,True,20.17,360.9,Credit card,True,0,4,7.9,True,25,5.6,2.3,1,21.6,10.0,9,True,4.6,True,9.2,1,No
CX02566,44,Cloud Storage,Paid Social,Mobile,13,Month-to-month,Basic,3,False,11.89,144.62,Digital wallet,True,0,3,30.8,True,14,21.9,5.1,4,45.9,8.2,8,True,7.0,False,0.0,1,No
CX02567,38,Cloud Storage,Paid Social,Mobile,25,Month-to-month,Standard,3,False,17.98,418.19,Credit card,True,1,1,8.8,True,16,10.1,2.7,3,45.9,8.2,9,True,0.2,False,0.0,2,No
CX02568,40,Streaming,App Store,Mobile,16,Month-to-month,Standard,4,True,22.69,336.99,UPI / Instant transfer,True,1,1,8.4,True,21,28.1,9.8,5,45.4,9.4,9,False,1.1,False,0.0,0,No
CX02569,28,Fitness,Email Campaign,Smart TV,4,Annual,Basic,1,False,8.0,28.27,Digital wallet,True,0,2,19.6,False,4,16.1,1.1,6,43.3,5.5,3,True,14.4,True,8.9,0,Yes
CX02570,18,Fintech,App Store,Mobile,18,Two year,Premium,4,False,24.01,426.84,Debit card,True,0,2,5.0,True,22,16.1,5.9,2,43.8,7.8,6,False,6.2,False,0.0,0,No
CX02571,51,Fintech,Organic Search,Desktop,15,Two year,Standard,3,True,22.82,334.99,Digital wallet,True,0,3,4.1,True,21,2.3,0.8,10,38.6,10.0,10,False,1.4,True,25.7,0,No
CX02572,36,Cloud Storage,Paid Social,Desktop,16,Annual,Premium,6,False,44.07,636.72,UPI / Instant transfer,False,0,7,11.9,False,10,19.4,3.2,3,65.7,9.5,10,False,2.1,False,0.0,3,No
CX02573,49,Streaming,Organic Search,Mobile,15,Month-to-month,Basic,2,False,14.41,198.89,Credit card,False,3,1,9.2,True,14,14.3,3.3,19,45.7,10.0,10,True,2.0,False,0.0,3,No
CX02574,41,Fitness,Email Campaign,Mobile,18,Month-to-month,Plus,2,False,22.99,386.7,Digital wallet,False,0,0,14.2,True,16,9.5,2.5,4,40.2,6.9,6,False,7.6,False,0.0,2,No
CX02575,48,Cloud Storage,Referral,Mobile,5,Month-to-month,Plus,6,False,24.26,108.04,Debit card,True,0,1,2.4,True,15,11.6,2.9,32,35.8,8.5,8,False,5.0,False,0.0,0,No
CX02576,34,Streaming,App Store,Tablet,10,Month-to-month,Plus,3,False,34.17,329.61,Debit card,False,0,2,4.9,True,26,1.8,0.8,4,61.2,9.3,10,True,4.2,False,0.0,1,No
CX02577,35,Productivity,Paid Social,Desktop,4,Month-to-month,Standard,2,False,15.49,58.26,Debit card,True,0,2,3.6,False,9,20.2,3.0,2,30.8,10.0,10,True,1.3,False,0.0,2,No
CX02578,55,Fintech,App Store,Mobile,32,Annual,Standard,1,False,17.93,560.38,Digital wallet,False,1,1,10.0,True,20,14.0,4.7,2,28.6,7.7,6,True,13.8,False,0.0,1,No
CX02579,37,Fintech,Organic Search,Mobile,3,Month-to-month,Plus,7,False,30.8,83.84,Digital wallet,True,1,6,12.8,True,17,6.2,1.8,28,60.1,6.3,5,True,4.5,True,8.0,0,Yes
CX02580,40,Cloud Storage,Organic Search,Mobile,27,Annual,Basic,2,False,11.44,303.89,UPI / Instant transfer,True,0,0,10.7,True,19,4.9,1.6,32,43.9,8.8,7,False,2.8,False,0.0,1,No
CX02581,42,Cloud Storage,Referral,Mobile,9,Annual,Standard,3,False,15.55,131.2,Buy now pay later,False,1,2,14.1,True,12,12.6,2.5,16,37.6,9.0,10,False,3.1,True,21.0,2,No
CX02582,45,Fitness,Referral,Mobile,63,Month-to-month,Basic,2,False,9.91,620.25,UPI / Instant transfer,True,0,1,19.2,True,10,15.9,2.6,27,48.5,8.7,9,False,2.3,False,0.0,3,No
CX02583,38,Gaming,Influencer,Tablet,22,Annual,Standard,1,False,15.69,310.25,Debit card,True,0,2,5.8,True,15,23.1,5.8,8,54.8,7.5,7,False,5.3,False,0.0,1,No
CX02584,31,Streaming,Paid Social,Mobile,25,Annual,Plus,7,False,34.37,772.17,Digital wallet,True,0,6,5.4,True,16,11.5,3.1,6,28.8,7.7,10,True,5.9,False,0.0,2,No
CX02585,21,Streaming,Organic Search,Tablet,2,Month-to-month,Standard,2,False,14.32,27.73,UPI / Instant transfer,True,1,3,14.4,True,17,12.4,3.5,7,35.1,10.0,10,True,1.2,True,22.7,1,No
CX02586,65,Productivity,Influencer,Mobile,1,Month-to-month,Basic,2,False,10.9,10.07,Digital wallet,True,2,1,24.7,True,14,15.1,3.5,6,38.3,7.0,9,True,0.9,True,17.5,1,Yes
CX02587,30,Productivity,App Store,Mobile,17,Month-to-month,Plus,5,False,25.45,393.72,UPI / Instant transfer,False,1,3,11.6,False,7,24.5,2.9,5,42.4,8.8,8,False,3.9,False,0.0,3,Yes
CX02588,40,Fintech,Influencer,Mobile,31,Two year,Plus,8,False,34.23,1035.13,Bank transfer,False,1,3,7.9,True,25,10.8,4.5,10,48.5,7.3,7,False,4.9,False,0.0,0,No
CX02589,37,News & Media,Organic Search,Mobile,20,Month-to-month,Standard,3,False,19.25,368.2,Bank transfer,False,1,3,21.6,True,9,12.6,1.9,4,50.2,8.4,6,False,4.1,False,0.0,0,No
CX02590,41,Productivity,Organic Search,Mobile,7,Month-to-month,Plus,6,True,31.2,208.22,Buy now pay later,False,1,2,12.1,True,25,17.6,7.3,10,69.0,9.0,9,False,1.3,False,0.0,1,No
CX02591,36,Productivity,Paid Social,Desktop,9,Month-to-month,Standard,3,True,17.79,149.68,Digital wallet,True,0,4,4.5,True,21,2.9,1.0,2,51.1,10.0,10,True,3.3,True,3.0,1,Yes
CX02592,19,Cloud Storage,Paid Social,Mobile,9,Month-to-month,Plus,2,False,19.77,158.1,Bank transfer,False,1,0,9.8,True,20,19.4,6.5,8,46.7,7.3,7,False,5.1,False,0.0,1,No
CX02593,31,Streaming,Paid Social,Mobile,28,Annual,Standard,2,False,16.21,401.88,Credit card,True,0,1,6.1,True,21,15.3,5.4,8,52.9,9.7,10,False,2.2,True,16.6,3,No
CX02594,31,Fintech,Referral,Desktop,4,Month-to-month,Premium,3,True,20.22,76.46,Digital wallet,True,0,2,12.1,True,20,8.5,2.8,15,65.6,9.0,9,True,0.6,False,0.0,3,No
CX02595,57,Productivity,Referral,Mobile,18,Annual,Basic,2,False,7.97,137.83,Bank transfer,True,0,4,16.2,True,14,15.2,3.5,12,44.3,7.7,9,False,4.8,False,0.0,0,No
CX02596,37,Gaming,Organic Search,Mobile,53,Two year,Standard,1,False,14.83,767.52,Debit card,True,0,5,16.6,True,23,29.3,11.2,13,42.3,8.6,10,False,4.9,False,0.0,1,No
CX02597,44,Fitness,Influencer,Smart TV,12,Month-to-month,Plus,3,False,26.75,312.19,Credit card,False,3,2,12.1,True,16,2.7,0.7,1,64.3,7.2,7,True,2.4,False,0.0,1,Yes
CX02598,26,Streaming,App Store,Desktop,25,Month-to-month,Basic,4,False,14.36,342.98,Credit card,True,0,1,21.4,False,4,10.1,0.7,16,58.6,7.5,10,True,1.4,False,0.0,1,No
CX02599,41,Fintech,App Store,Mobile,12,Month-to-month,Basic,2,False,13.25,144.02,Debit card,True,0,1,11.2,True,16,16.1,4.3,7,49.1,7.2,5,False,9.8,True,33.7,1,Yes
CX02600,40,Streaming,Paid Social,Mobile,17,Month-to-month,Basic,1,True,9.39,145.1,Credit card,False,0,1,12.4,True,20,18.1,6.0,25,49.3,8.9,6,True,10.0,False,0.0,4,No
CX02601,25,Streaming,Organic Search,Mobile,8,Month-to-month,Basic,2,False,10.78,75.92,Digital wallet,True,0,0,7.2,True,19,30.7,9.7,1,40.7,9.8,10,False,18.3,True,3.0,1,No
CX02602,51,Productivity,Paid Social,Mobile,14,Annual,Basic,1,False,7.27,101.01,Credit card,True,0,0,15.0,True,24,15.4,6.2,12,58.0,7.9,6,True,4.8,True,15.5,1,No
CX02603,18,Streaming,Influencer,Mobile,66,Month-to-month,Basic,2,True,13.1,775.38,Credit card,False,3,2,3.9,True,13,10.1,2.2,12,51.4,7.1,10,True,4.7,True,13.0,0,Yes
CX02604,18,Cloud Storage,Organic Search,Desktop,44,Annual,Premium,4,True,39.71,1655.44,Debit card,True,0,4,19.1,False,7,12.5,1.5,8,44.1,8.6,9,False,8.8,False,0.0,1,No
CX02605,34,Fitness,Organic Search,Desktop,57,Annual,Basic,1,False,9.39,525.76,Debit card,True,1,0,19.4,True,16,14.2,3.8,4,41.3,8.6,7,False,7.0,False,0.0,0,No
CX02606,31,Productivity,Organic Search,Mobile,8,Annual,Standard,2,False,15.76,122.11,Credit card,True,0,4,40.8,True,17,14.6,4.1,11,33.1,6.3,4,False,1.9,False,0.0,0,No
CX02607,45,Cloud Storage,App Store,Desktop,15,Month-to-month,Basic,2,True,9.01,134.87,Debit card,True,0,3,15.1,True,14,22.7,5.3,1,36.9,8.5,6,True,6.5,True,15.4,1,Yes
CX02608,35,Cloud Storage,App Store,Tablet,8,Annual,Standard,2,False,15.75,118.26,Credit card,True,0,4,5.7,False,8,7.3,1.0,14,54.7,8.2,8,False,3.8,False,0.0,2,No
CX02609,23,Fintech,App Store,Mobile,28,Month-to-month,Standard,4,True,17.22,426.03,Credit card,True,0,4,12.0,True,12,12.1,2.4,18,54.5,7.6,8,True,5.0,True,19.1,1,No
CX02610,40,News & Media,Referral,Desktop,13,Month-to-month,Standard,3,False,23.27,298.25,Credit card,False,0,2,23.6,True,15,2.5,0.6,4,41.6,8.8,9,False,5.0,False,0.0,2,No
CX02611,44,Fintech,Referral,Mobile,24,Month-to-month,Standard,4,True,18.55,430.86,UPI / Instant transfer,False,1,7,1.9,True,28,19.5,9.1,16,44.7,8.2,9,False,12.5,False,0.0,1,Yes
CX02612,41,Fintech,App Store,Tablet,7,Month-to-month,Basic,1,False,9.77,65.43,Digital wallet,True,0,0,4.5,False,3,1.6,0.1,110,64.7,8.4,8,True,2.3,True,9.1,1,No
CX02613,39,Streaming,App Store,Mobile,24,Two year,Plus,6,False,28.69,685.88,Credit card,True,1,3,5.0,True,14,3.4,0.8,0,33.1,8.5,9,False,10.1,True,28.8,2,No
CX02614,29,Cloud Storage,Organic Search,Desktop,28,Month-to-month,Plus,8,False,38.24,969.75,Digital wallet,True,0,5,3.5,False,12,3.6,0.7,9,52.3,8.1,8,False,3.5,False,0.0,2,No
CX02615,26,Streaming,Organic Search,Mobile,23,Month-to-month,Basic,4,False,13.74,302.97,UPI / Instant transfer,True,0,3,12.6,True,17,6.4,1.8,15,28.1,8.6,9,False,5.6,False,0.0,2,No
CX02616,43,Streaming,Organic Search,Desktop,15,Month-to-month,Basic,1,False,7.35,98.88,UPI / Instant transfer,True,0,4,34.6,True,15,7.8,2.0,3,39.3,8.1,9,True,2.9,False,0.0,1,Yes
CX02617,38,Productivity,Organic Search,Smart TV,1,Month-to-month,Standard,3,False,20.55,19.19,UPI / Instant transfer,True,0,0,5.0,False,5,2.7,0.2,17,35.6,8.7,8,True,0.5,False,0.0,3,Yes
CX02618,44,Streaming,Organic Search,Mobile,8,Month-to-month,Premium,3,False,36.7,277.78,Digital wallet,True,0,3,13.7,True,27,27.6,12.4,18,56.3,6.7,5,True,0.2,True,22.0,0,No
CX02619,40,Fintech,App Store,Tablet,16,Month-to-month,Basic,3,False,13.13,195.49,Credit card,True,0,4,8.6,False,6,19.7,2.0,11,31.3,7.5,8,False,6.6,True,3.3,1,Yes
CX02620,41,Productivity,Organic Search,Mobile,75,Annual,Standard,2,False,16.54,1178.46,Credit card,True,1,2,29.0,False,8,14.8,2.0,1,44.3,6.7,7,True,2.5,True,3.0,2,Yes
CX02621,47,News & Media,App Store,Mobile,4,Month-to-month,Standard,1,False,9.42,33.98,UPI / Instant transfer,True,0,2,29.0,True,27,12.4,5.6,11,40.0,7.2,7,False,4.3,False,0.0,0,No
CX02622,36,Productivity,Paid Social,Mobile,26,Month-to-month,Plus,6,False,42.14,1055.35,Digital wallet,True,1,4,10.9,True,9,4.7,0.7,2,36.8,7.0,6,True,7.5,False,0.0,0,No
CX02623,49,Fitness,Paid Social,Desktop,15,Month-to-month,Basic,4,False,13.18,176.72,Credit card,False,0,2,4.7,False,6,12.7,1.3,18,55.2,9.4,10,False,0.9,False,0.0,3,No
CX02624,22,Cloud Storage,Organic Search,Smart TV,22,Month-to-month,Standard,2,True,9.16,197.78,Credit card,False,3,2,10.1,True,24,9.9,4.0,5,79.6,7.6,6,True,4.6,False,0.0,2,No
CX02625,46,Fintech,Referral,Smart TV,21,Month-to-month,Premium,6,False,29.11,567.35,UPI / Instant transfer,True,1,3,7.3,True,15,10.9,2.7,9,39.2,8.0,9,False,7.7,False,0.0,1,No
CX02626,38,Cloud Storage,Influencer,Desktop,18,Month-to-month,Basic,3,False,14.09,234.59,Debit card,True,0,0,7.5,False,5,4.6,0.4,7,51.3,8.5,8,True,1.0,True,20.0,0,Yes
CX02627,27,Cloud Storage,App Store,Mobile,25,Month-to-month,Plus,3,False,20.77,475.2,Buy now pay later,False,0,1,11.7,True,20,8.1,2.7,14,39.0,7.0,8,True,1.1,False,0.0,1,No
CX02628,58,Productivity,Paid Social,Mobile,16,Month-to-month,Basic,2,False,8.92,140.24,Debit card,False,2,0,16.0,True,17,18.9,5.4,15,23.6,7.3,7,False,12.0,False,0.0,0,Yes
CX02629,41,Streaming,Organic Search,Mobile,7,Month-to-month,Plus,6,False,26.69,165.51,Digital wallet,True,1,4,20.8,True,17,25.5,7.2,5,60.9,8.0,9,False,6.0,False,0.0,1,No
CX02630,28,Gaming,Organic Search,Desktop,7,Month-to-month,Basic,2,False,9.78,63.9,Credit card,True,0,4,10.6,True,16,12.2,3.3,3,53.5,7.0,5,False,2.1,False,0.0,1,Yes
CX02631,39,Fitness,Referral,Mobile,24,Annual,Plus,8,True,39.3,837.32,Credit card,False,0,5,3.2,True,18,48.1,14.4,6,43.5,8.7,7,False,1.6,False,0.0,2,No
CX02632,53,News & Media,Paid Social,Smart TV,21,Two year,Basic,1,False,9.88,194.22,Buy now pay later,True,0,2,3.2,False,6,13.8,1.4,15,35.5,9.0,10,False,6.4,False,0.0,2,No
CX02633,51,News & Media,Influencer,Smart TV,10,Month-to-month,Basic,3,False,13.34,128.99,Digital wallet,False,2,2,1.7,False,5,6.7,0.6,4,76.5,6.4,6,False,14.3,False,0.0,0,No
CX02634,29,Fitness,Referral,Mobile,7,Month-to-month,Plus,5,True,27.65,188.04,Digital wallet,False,0,4,19.0,True,12,9.4,1.9,7,14.4,7.0,6,False,4.6,False,0.0,1,No
CX02635,40,Gaming,Referral,Tablet,5,Month-to-month,Basic,1,False,8.33,36.7,Credit card,True,0,4,1.5,False,4,15.9,1.1,14,51.7,7.2,6,True,7.2,False,0.0,1,Yes
CX02636,32,Streaming,Paid Social,Desktop,4,Month-to-month,Standard,3,False,18.59,65.45,Digital wallet,False,1,0,7.6,True,16,16.2,4.3,16,26.1,7.3,7,False,2.5,False,0.0,0,No
CX02637,28,Gaming,Organic Search,Tablet,35,Two year,Basic,2,True,13.52,426.38,Debit card,True,0,0,8.5,True,22,10.4,3.8,8,56.0,9.1,10,False,6.4,False,0.0,2,No
CX02638,26,Gaming,Referral,Mobile,8,Month-to-month,Premium,7,False,48.77,375.31,Credit card,True,2,6,6.3,True,23,6.8,2.6,5,27.7,8.9,10,True,1.8,False,0.0,2,No
CX02639,37,Productivity,App Store,Mobile,3,Month-to-month,Premium,3,False,24.42,70.1,Debit card,True,1,2,17.0,True,18,16.6,5.0,2,28.6,9.7,10,False,4.9,False,0.0,1,No
CX02640,27,Productivity,Paid Social,Desktop,34,Two year,Basic,2,False,10.22,317.95,UPI / Instant transfer,False,1,0,18.8,True,12,1.8,0.4,2,42.5,8.2,6,True,4.6,False,0.0,4,No
CX02641,29,Streaming,Organic Search,Mobile,14,Annual,Basic,1,True,8.9,113.7,Debit card,False,0,0,6.6,True,18,22.4,6.7,8,53.6,9.1,10,False,1.0,True,16.5,1,No
CX02642,39,Streaming,Paid Social,Desktop,18,Annual,Plus,5,False,29.85,499.95,UPI / Instant transfer,True,0,2,1.0,True,14,8.3,1.9,10,27.7,8.8,9,False,2.4,False,0.0,5,No
CX02643,41,Fintech,Influencer,Mobile,9,Month-to-month,Standard,4,False,16.54,136.19,Bank transfer,False,2,4,15.2,True,21,28.3,9.9,1,58.3,8.6,10,False,1.5,False,0.0,1,No
CX02644,47,Productivity,Organic Search,Tablet,19,Month-to-month,Standard,5,True,27.2,507.29,Credit card,False,0,4,19.8,True,32,12.8,6.8,12,41.1,8.8,9,False,2.5,False,0.0,1,Yes
CX02645,52,Productivity,App Store,Desktop,30,Annual,Basic,1,False,6.72,194.18,UPI / Instant transfer,True,0,1,20.1,False,3,3.9,0.2,28,51.9,7.8,9,False,3.3,False,0.0,0,No
CX02646,56,Cloud Storage,Influencer,Mobile,30,Month-to-month,Standard,2,False,14.3,422.18,Credit card,False,1,1,12.4,True,16,29.2,7.8,3,29.3,8.5,6,True,4.0,True,16.5,2,No
CX02647,21,Cloud Storage,Email Campaign,Tablet,11,Month-to-month,Premium,4,False,30.2,329.12,Digital wallet,True,0,4,19.8,True,16,4.2,1.1,4,53.8,7.1,8,True,4.2,True,24.6,0,No
CX02648,18,News & Media,Paid Social,Mobile,2,Month-to-month,Basic,2,False,8.59,16.11,Debit card,True,2,3,18.2,True,13,36.1,7.8,28,66.3,7.0,9,True,1.5,False,0.0,0,Yes
CX02649,31,Streaming,Organic Search,Desktop,8,Month-to-month,Standard,7,False,29.21,226.41,Digital wallet,True,0,1,6.3,True,19,4.8,1.5,4,64.0,5.8,8,False,4.0,False,0.0,0,No
CX02650,24,Fintech,Paid Social,Mobile,37,Annual,Basic,1,False,10.4,347.48,UPI / Instant transfer,True,0,4,2.6,True,11,18.9,3.5,10,43.3,8.6,6,False,3.8,False,0.0,3,No
CX02651,18,Fintech,App Store,Mobile,2,Annual,Standard,4,False,21.09,39.93,UPI / Instant transfer,False,0,2,13.2,True,14,35.4,8.3,3,50.4,7.9,6,False,0.6,False,0.0,1,No
CX02652,27,Gaming,Referral,Smart TV,2,Month-to-month,Basic,2,False,11.3,22.1,Bank transfer,False,1,3,1.5,False,4,2.0,0.1,3,45.7,7.7,6,False,3.9,False,0.0,2,No
CX02653,24,Fitness,Email Campaign,Smart TV,16,Annual,Plus,4,True,32.24,454.44,Digital wallet,True,0,3,20.5,False,9,4.1,0.6,25,18.2,7.4,5,True,11.2,True,11.1,2,No
CX02654,32,Fintech,App Store,Tablet,5,Month-to-month,Premium,5,False,44.69,212.53,Credit card,False,0,3,14.0,True,17,13.2,3.7,14,42.1,9.0,10,False,0.1,True,28.9,2,No
CX02655,32,Fintech,Influencer,Desktop,5,Month-to-month,Plus,7,False,25.37,121.3,Bank transfer,True,1,0,13.4,True,23,6.5,2.5,8,60.9,8.8,8,False,1.2,False,0.0,2,No
CX02656,32,Fitness,App Store,Tablet,13,Annual,Basic,2,False,11.43,137.68,Credit card,True,1,2,6.2,False,4,48.4,3.2,22,39.1,7.2,5,False,7.4,True,9.8,0,No
CX02657,40,Fintech,Influencer,Desktop,16,Month-to-month,Basic,2,True,11.29,160.02,Debit card,False,1,1,14.6,False,5,10.1,0.8,4,57.6,10.0,10,False,4.3,False,0.0,5,No
CX02658,44,Fintech,App Store,Mobile,29,Annual,Basic,1,False,10.02,282.12,Credit card,True,0,4,6.0,True,12,3.1,0.6,0,44.0,9.5,10,False,0.5,True,17.0,6,No
CX02659,45,Fitness,Referral,Tablet,33,Two year,Plus,4,True,32.99,999.76,Debit card,True,1,4,3.8,False,8,14.3,1.9,4,33.5,7.0,6,True,5.3,False,0.0,1,No
CX02660,49,Streaming,App Store,Mobile,30,Annual,Basic,2,False,12.42,349.94,Credit card,True,1,3,9.9,True,18,4.7,1.4,5,48.7,8.5,10,True,3.5,True,22.4,0,Yes
CX02661,34,Productivity,Influencer,Tablet,14,Annual,Standard,4,False,18.47,238.82,UPI / Instant transfer,True,1,1,8.4,True,14,22.1,5.2,17,45.3,9.6,10,False,5.6,False,0.0,2,No
CX02662,38,Streaming,Paid Social,Smart TV,9,Month-to-month,Basic,3,True,18.62,154.19,Buy now pay later,True,0,5,13.0,True,16,8.8,2.3,4,37.2,9.5,9,False,2.0,False,0.0,1,No
CX02663,50,Gaming,Email Campaign,Desktop,4,Month-to-month,Basic,3,False,15.32,58.78,Digital wallet,False,2,0,15.6,False,9,31.0,4.6,4,65.8,6.8,5,True,4.7,False,0.0,1,No
CX02664,44,News & Media,Paid Social,Mobile,7,Month-to-month,Standard,2,False,14.94,94.85,Credit card,True,2,1,5.4,True,10,21.1,3.5,20,60.7,9.6,10,False,0.4,False,0.0,1,No
CX02665,35,Streaming,Paid Social,Mobile,23,Annual,Standard,2,True,18.99,426.63,UPI / Instant transfer,True,0,0,9.6,True,18,20.4,6.1,2,52.6,9.2,10,True,4.5,False,0.0,5,No
CX02666,47,Streaming,Paid Social,Mobile,31,Month-to-month,Basic,2,True,15.18,420.7,UPI / Instant transfer,True,0,1,9.5,True,20,35.9,12.0,10,60.2,6.1,6,True,2.6,False,0.0,0,No
CX02667,49,Streaming,Paid Social,Smart TV,15,Month-to-month,Basic,2,False,14.56,217.61,Credit card,True,0,4,1.1,True,19,3.5,1.1,2,29.2,8.9,10,True,7.5,False,0.0,1,Yes
CX02668,51,Streaming,Email Campaign,Mobile,28,Two year,Standard,4,True,16.9,418.19,Digital wallet,True,0,3,8.7,True,16,8.5,2.3,5,45.2,8.9,8,True,5.0,False,0.0,3,No
CX02669,53,Productivity,App Store,Mobile,1,Month-to-month,Basic,3,False,12.01,11.34,Bank transfer,True,1,5,6.9,True,17,11.5,3.3,1,68.5,9.4,10,True,1.9,False,0.0,1,Yes
CX02670,36,Fintech,Organic Search,Desktop,52,Month-to-month,Standard,5,False,30.14,1386.31,Credit card,True,1,3,3.3,True,22,26.0,9.5,5,72.1,8.1,8,True,1.9,False,0.0,1,No
CX02671,31,Gaming,App Store,Desktop,20,Month-to-month,Basic,2,False,13.31,240.24,Digital wallet,False,3,2,9.7,True,16,22.5,6.0,4,49.7,9.0,10,False,6.4,True,19.8,2,No
CX02672,18,Fintech,App Store,Desktop,10,Annual,Standard,2,True,12.6,118.96,Debit card,True,0,5,28.5,True,13,7.5,1.6,16,25.5,6.8,5,False,1.4,True,6.3,1,No
CX02673,47,Streaming,Organic Search,Desktop,2,Month-to-month,Plus,2,False,21.02,39.43,Debit card,False,1,3,13.7,True,15,5.8,1.4,22,37.2,9.0,9,False,4.7,False,0.0,0,No
CX02674,43,Fintech,Influencer,Desktop,18,Annual,Standard,3,True,17.13,276.34,Buy now pay later,True,0,1,4.8,True,20,9.0,3.0,1,43.8,8.6,8,True,14.6,True,16.7,3,No
CX02675,44,News & Media,Organic Search,Tablet,16,Month-to-month,Standard,1,False,10.3,150.9,Credit card,True,1,0,4.5,False,10,1.5,0.2,34,49.1,8.2,8,True,4.4,True,20.7,1,No
CX02676,53,Productivity,Influencer,Mobile,42,Two year,Standard,3,False,16.19,665.99,UPI / Instant transfer,True,2,6,9.0,True,14,12.9,3.0,9,47.6,9.6,10,True,1.5,False,0.0,3,No
CX02677,42,Streaming,Organic Search,Mobile,24,Month-to-month,Standard,4,False,25.03,544.09,UPI / Instant transfer,True,0,5,19.2,True,25,2.4,1.0,8,66.5,7.2,8,False,4.9,True,11.6,0,Yes
CX02678,27,Streaming,App Store,Mobile,8,Month-to-month,Basic,3,True,10.1,71.85,Digital wallet,True,0,4,16.1,True,14,27.1,6.3,1,43.5,8.4,9,True,1.4,False,0.0,0,No
CX02679,54,Streaming,Paid Social,Mobile,23,Annual,Standard,3,False,21.23,455.53,Debit card,False,1,0,3.2,True,20,45.7,15.2,6,57.1,8.6,9,False,3.2,False,0.0,1,No
CX02680,41,Streaming,App Store,Mobile,73,Two year,Standard,1,False,15.98,1043.66,Digital wallet,True,0,2,4.6,False,14,13.5,3.2,3,44.8,9.5,10,True,0.9,True,9.0,1,No
CX02681,49,Streaming,Organic Search,Desktop,12,Month-to-month,Plus,4,True,26.69,285.35,Credit card,True,0,3,9.7,False,12,10.1,2.0,1,25.6,8.4,9,False,1.2,False,0.0,2,No
CX02682,49,Fitness,Organic Search,Mobile,12,Month-to-month,Standard,1,False,15.01,159.47,Buy now pay later,False,0,5,11.0,True,13,5.5,1.2,13,24.2,7.1,6,True,6.0,False,0.0,0,No
CX02683,49,Streaming,Paid Social,Desktop,16,Month-to-month,Basic,2,False,11.49,172.9,UPI / Instant transfer,True,1,4,11.7,True,15,6.9,1.7,4,41.0,8.9,8,False,6.2,False,0.0,2,No
CX02684,41,Fitness,Paid Social,Mobile,69,Two year,Premium,7,False,41.07,2541.73,Credit card,True,0,3,20.0,True,16,14.6,3.9,11,39.5,7.7,7,True,13.9,False,0.0,1,No
CX02685,50,Gaming,Influencer,Mobile,21,Month-to-month,Plus,6,False,34.75,726.26,Buy now pay later,True,0,2,8.3,True,23,21.4,8.2,4,57.3,8.0,9,False,0.5,False,0.0,2,No
CX02686,38,Streaming,App Store,Mobile,34,Annual,Premium,2,True,22.69,697.05,Digital wallet,True,0,2,5.3,True,25,15.6,6.5,1,40.3,6.8,6,False,8.8,False,0.0,1,No
CX02687,45,Productivity,App Store,Tablet,9,Two year,Standard,2,False,21.15,179.46,UPI / Instant transfer,False,0,6,11.8,False,6,22.4,2.2,9,29.0,7.9,5,True,1.7,True,23.8,0,No
CX02688,22,Fintech,App Store,Smart TV,40,Annual,Standard,5,False,22.17,840.92,UPI / Instant transfer,False,1,2,6.3,False,6,27.5,2.8,3,51.7,6.7,6,True,5.3,True,19.2,2,No
CX02689,42,Streaming,Email Campaign,Desktop,43,Annual,Basic,1,True,7.62,325.52,Digital wallet,False,1,4,33.6,True,25,18.7,7.8,10,59.1,8.4,9,True,4.7,True,16.9,0,No
CX02690,45,Streaming,Paid Social,Mobile,2,Month-to-month,Standard,5,False,27.65,54.55,Credit card,True,1,4,11.6,False,5,26.0,2.2,2,62.1,10.0,10,False,5.0,False,0.0,3,No
CX02691,37,Fintech,App Store,Mobile,2,Month-to-month,Premium,3,False,26.69,47.7,Digital wallet,False,0,1,8.8,True,23,6.9,2.6,9,33.2,9.4,10,True,10.0,True,8.4,2,No
CX02692,18,Gaming,Organic Search,Desktop,15,Month-to-month,Standard,2,False,19.21,271.7,Credit card,False,1,1,4.0,True,26,10.7,4.6,7,54.9,8.8,8,False,9.4,False,0.0,1,No
CX02693,30,News & Media,Organic Search,Mobile,18,Month-to-month,Standard,1,False,12.26,210.88,Credit card,False,1,1,12.0,True,15,17.2,4.3,12,30.0,8.9,9,False,3.5,False,0.0,0,No
CX02694,23,Productivity,App Store,Tablet,22,Annual,Premium,4,False,40.88,863.91,Credit card,True,3,1,4.8,True,32,8.2,4.4,2,55.3,8.1,7,False,1.3,True,19.7,1,No
CX02695,48,Streaming,App Store,Desktop,39,Annual,Standard,3,False,26.47,979.29,Buy now pay later,True,2,2,17.5,False,13,15.6,3.4,3,40.6,9.0,7,True,8.9,True,16.5,0,No
CX02696,38,Productivity,Referral,Tablet,53,Annual,Standard,3,False,23.09,1148.11,Credit card,False,1,6,8.6,True,14,25.3,5.9,12,50.9,7.9,6,True,4.5,False,0.0,2,No
CX02697,29,Streaming,Organic Search,Mobile,7,Annual,Premium,2,False,26.46,163.46,Credit card,True,1,0,13.8,True,23,4.3,1.6,3,80.0,9.2,8,False,2.6,False,0.0,2,No
CX02698,35,Productivity,Organic Search,Mobile,56,Annual,Standard,1,False,15.33,767.82,Debit card,True,0,3,14.9,True,20,48.7,16.2,5,50.8,7.2,7,False,2.8,True,5.8,0,No
CX02699,26,Productivity,Organic Search,Mobile,18,Month-to-month,Basic,1,False,6.16,107.19,UPI / Instant transfer,True,0,3,20.3,True,14,12.7,3.0,24,53.9,7.8,9,False,5.5,False,0.0,1,No
CX02700,19,Productivity,Paid Social,Tablet,2,Month-to-month,Basic,2,False,10.15,20.04,Digital wallet,True,0,4,2.9,True,13,8.4,1.8,4,28.1,8.0,7,True,6.8,True,11.4,3,No
CX02701,23,Productivity,Referral,Tablet,10,Two year,Basic,3,False,14.14,130.61,UPI / Instant transfer,True,0,4,20.2,True,21,13.3,4.7,19,59.2,9.0,8,True,6.7,True,15.0,2,No
CX02702,43,Fintech,Organic Search,Desktop,3,Month-to-month,Basic,2,True,14.04,37.33,Digital wallet,False,2,2,12.4,False,4,12.6,0.8,4,38.9,9.6,6,False,4.3,False,0.0,2,Yes
CX02703,29,Fintech,Organic Search,Desktop,4,Month-to-month,Basic,1,False,8.24,31.54,Bank transfer,True,0,1,12.0,True,14,12.8,3.0,14,48.3,8.1,8,True,6.5,True,21.7,1,No
CX02704,40,Streaming,App Store,Tablet,2,Month-to-month,Basic,1,False,9.7,18.78,Credit card,True,1,2,8.9,False,6,5.1,0.5,5,55.8,6.8,3,True,4.7,True,25.1,0,No
CX02705,32,Fitness,Organic Search,Desktop,2,Month-to-month,Basic,5,False,21.13,39.65,Bank transfer,True,1,3,2.4,True,13,11.6,2.5,2,53.2,8.2,7,True,4.9,True,21.4,1,No
CX02706,28,Fintech,Organic Search,Smart TV,14,Month-to-month,Standard,2,False,12.02,151.72,Debit card,True,0,0,10.1,True,17,1.6,0.5,2,34.4,8.2,9,False,5.7,True,26.5,1,No
CX02707,20,News & Media,Organic Search,Desktop,16,Annual,Plus,4,True,34.02,524.63,UPI / Instant transfer,False,0,5,6.5,True,15,17.0,4.2,5,62.4,7.6,10,False,3.6,True,18.4,0,No
CX02708,49,Fintech,Organic Search,Mobile,20,Month-to-month,Basic,1,False,8.63,163.5,Credit card,True,0,0,3.0,False,6,2.5,0.2,1,66.8,7.6,8,False,9.4,False,0.0,0,Yes
CX02709,21,News & Media,App Store,Smart TV,4,Month-to-month,Basic,2,True,11.42,40.58,Debit card,False,2,2,5.0,True,17,12.9,3.7,11,37.3,8.0,10,True,4.8,False,0.0,2,No
CX02710,33,Fitness,Referral,Mobile,15,Month-to-month,Standard,1,True,16.17,242.23,Digital wallet,True,0,2,9.6,True,18,12.2,3.7,2,38.9,8.7,7,False,1.3,True,15.5,1,No
CX02711,57,Productivity,Paid Social,Mobile,34,Month-to-month,Basic,2,False,9.53,318.57,Debit card,True,0,2,10.2,True,18,19.0,5.7,18,56.9,8.2,9,True,2.2,True,3.9,1,No
CX02712,37,Fitness,Email Campaign,Desktop,10,Month-to-month,Basic,1,True,7.77,74.38,Debit card,False,0,2,10.5,True,19,6.2,2.0,17,27.1,9.0,10,False,0.4,True,12.4,2,No
CX02713,42,Gaming,Influencer,Mobile,70,Two year,Basic,4,True,17.26,1140.68,Buy now pay later,True,0,3,9.7,True,19,9.5,3.0,10,47.2,6.7,7,False,2.9,False,0.0,3,No
CX02714,38,News & Media,Email Campaign,Mobile,47,Month-to-month,Plus,4,False,33.68,1530.46,Bank transfer,False,2,1,6.1,True,26,7.0,3.0,13,60.8,8.9,9,True,2.8,False,0.0,4,No
CX02715,41,Streaming,App Store,Desktop,32,Annual,Standard,2,False,12.93,380.4,Credit card,False,0,1,13.6,False,9,1.7,0.3,11,46.7,7.5,10,False,4.0,False,0.0,1,No
CX02716,46,Fintech,Influencer,Desktop,36,Two year,Basic,1,False,10.25,329.7,Debit card,True,2,2,10.0,False,7,8.4,1.0,32,51.0,6.6,6,True,5.8,False,0.0,0,No
CX02717,36,Streaming,Organic Search,Desktop,20,Two year,Standard,2,False,16.64,306.85,Credit card,True,0,2,12.0,True,25,15.5,6.5,4,35.5,7.8,6,False,8.8,False,0.0,0,No
CX02718,48,News & Media,Organic Search,Desktop,4,Month-to-month,Premium,5,True,26.34,95.55,Credit card,True,0,7,2.8,False,8,7.6,1.0,13,70.0,7.6,9,True,4.3,False,0.0,3,Yes
CX02719,18,News & Media,Email Campaign,Mobile,17,Month-to-month,Premium,5,True,28.05,437.11,Credit card,True,0,4,4.8,True,17,1.6,0.5,4,48.0,7.5,10,False,3.5,False,0.0,0,No
CX02720,33,Streaming,Paid Social,Desktop,9,Month-to-month,Plus,5,False,18.39,147.39,Digital wallet,True,1,5,1.7,True,27,13.2,5.9,23,57.2,9.7,10,True,3.7,True,8.7,1,No
CX02721,31,Productivity,App Store,Tablet,19,Annual,Premium,6,False,32.8,590.47,Digital wallet,False,0,1,14.8,True,31,47.1,24.3,14,47.2,8.9,9,False,4.8,False,0.0,0,No
CX02722,35,Fintech,App Store,Mobile,27,Month-to-month,Plus,3,False,26.11,639.86,Credit card,False,0,1,8.0,True,18,5.5,1.6,6,60.0,7.6,6,False,5.7,False,0.0,1,No
CX02723,32,Productivity,Paid Social,Desktop,39,Annual,Plus,4,True,37.75,1389.48,Credit card,False,0,3,17.5,False,7,16.5,1.9,21,37.8,8.6,9,True,8.6,False,0.0,1,No
CX02724,27,Streaming,Paid Social,Mobile,19,Month-to-month,Premium,4,True,32.24,579.25,Credit card,True,0,3,9.5,True,21,10.9,3.8,5,66.5,10.0,9,True,0.5,True,22.2,3,No
CX02725,33,Gaming,Organic Search,Desktop,20,Month-to-month,Plus,2,False,17.96,321.3,Debit card,False,3,7,9.2,True,20,5.0,1.7,2,49.7,9.8,8,True,23.8,True,10.7,2,Yes
CX02726,30,News & Media,Paid Social,Smart TV,29,Annual,Basic,2,False,10.53,298.87,Credit card,True,0,1,14.9,True,16,13.2,3.5,11,80.5,10.0,10,False,5.7,False,0.0,3,No
CX02727,44,Streaming,Organic Search,Mobile,46,Annual,Basic,4,False,13.58,598.37,Credit card,True,0,2,3.8,True,24,10.9,4.4,5,52.3,9.0,10,False,2.1,False,0.0,1,No
CX02728,44,Streaming,Organic Search,Desktop,19,Month-to-month,Standard,4,True,18.56,322.49,Buy now pay later,False,0,2,16.3,True,24,17.4,7.0,10,36.4,8.1,8,False,1.7,False,0.0,2,No
CX02729,32,Fitness,Referral,Desktop,10,Month-to-month,Basic,2,False,9.94,92.48,Credit card,True,1,1,2.7,False,3,12.9,0.6,23,57.8,8.5,10,True,4.1,False,0.0,0,Yes
CX02730,30,Fitness,Referral,Mobile,17,Month-to-month,Standard,3,False,14.16,215.77,Credit card,True,0,2,2.3,True,12,5.5,1.1,4,67.9,10.0,9,False,8.2,False,0.0,3,Yes
CX02731,38,Fintech,Referral,Desktop,5,Month-to-month,Standard,3,False,18.1,83.92,Digital wallet,False,0,1,15.4,True,13,5.5,1.2,8,31.2,7.5,8,False,5.0,False,0.0,2,No
CX02732,46,Productivity,Paid Social,Mobile,9,Month-to-month,Premium,4,False,26.32,234.56,Credit card,False,0,4,3.9,True,28,14.5,6.8,6,56.3,7.8,6,True,6.6,False,0.0,2,No
CX02733,39,Streaming,Organic Search,Mobile,12,Annual,Standard,3,False,14.45,164.51,Credit card,True,0,1,2.7,True,16,7.5,2.0,15,77.6,6.6,7,False,5.9,False,0.0,0,No
CX02734,33,Cloud Storage,Referral,Desktop,24,Month-to-month,Basic,3,False,14.2,322.75,Credit card,True,0,2,12.9,True,18,13.7,4.1,11,60.1,8.7,8,True,6.1,True,26.1,0,No
CX02735,39,Gaming,Paid Social,Mobile,28,Annual,Plus,6,False,22.82,613.21,UPI / Instant transfer,False,2,1,20.3,True,15,13.9,3.5,3,79.6,8.6,8,False,0.8,False,0.0,3,No
CX02736,26,Streaming,Paid Social,Mobile,27,Month-to-month,Standard,2,False,14.07,344.29,Credit card,True,0,1,10.8,True,18,13.6,4.1,4,57.2,10.0,10,False,5.0,False,0.0,2,No
CX02737,49,News & Media,Organic Search,Tablet,23,Month-to-month,Standard,7,False,30.1,623.29,UPI / Instant transfer,True,0,0,10.4,False,8,2.7,0.4,12,46.8,7.6,7,False,4.9,False,0.0,0,Yes
CX02738,28,Streaming,Paid Social,Mobile,18,Month-to-month,Basic,1,False,9.48,161.02,Debit card,True,3,3,5.2,False,4,18.0,1.2,3,52.1,6.3,3,True,3.5,True,19.1,0,Yes
CX02739,48,Cloud Storage,Influencer,Smart TV,24,Month-to-month,Basic,2,False,10.96,237.33,Debit card,True,0,0,11.0,False,4,7.7,0.5,2,48.6,9.4,10,True,4.7,False,0.0,0,No
CX02740,44,Cloud Storage,Organic Search,Desktop,17,Annual,Basic,2,False,12.41,199.1,Credit card,False,3,1,4.0,True,8,11.7,1.6,8,67.7,8.3,8,False,3.0,False,0.0,0,No
CX02741,42,Fintech,Paid Social,Mobile,2,Month-to-month,Standard,2,True,18.88,37.23,Debit card,True,0,1,4.7,False,8,13.7,1.8,2,49.3,7.7,9,False,4.1,False,0.0,1,No
CX02742,46,Cloud Storage,Organic Search,Mobile,28,Two year,Standard,3,True,17.99,484.44,Digital wallet,True,0,3,10.5,True,29,34.5,16.7,6,19.0,7.5,9,False,7.2,False,0.0,1,No
CX02743,23,Fitness,Organic Search,Mobile,21,Annual,Basic,5,True,12.63,235.37,Buy now pay later,False,0,3,8.1,True,15,5.8,1.4,6,54.4,10.0,8,True,3.7,True,20.2,2,No
CX02744,52,Fintech,Paid Social,Mobile,7,Month-to-month,Plus,3,False,21.14,137.15,Credit card,False,0,2,12.3,True,18,14.6,4.4,6,58.5,9.6,10,False,4.2,False,0.0,1,Yes
CX02745,48,Streaming,Paid Social,Smart TV,10,Month-to-month,Premium,6,True,50.79,452.36,UPI / Instant transfer,True,1,1,21.4,True,18,3.2,1.0,7,33.4,7.7,9,False,7.2,False,0.0,0,No
CX02746,64,Streaming,Organic Search,Mobile,27,Month-to-month,Standard,2,False,17.89,479.56,UPI / Instant transfer,True,1,2,34.8,True,21,31.2,10.9,2,16.1,8.2,10,False,1.5,False,0.0,2,No
CX02747,29,Cloud Storage,Referral,Mobile,14,Annual,Premium,4,True,32.05,442.43,Bank transfer,False,1,2,3.0,False,5,36.5,3.0,2,40.1,7.2,6,False,1.8,False,0.0,2,No
CX02748,39,Productivity,Organic Search,Desktop,5,Month-to-month,Standard,3,True,20.33,96.02,UPI / Instant transfer,True,3,1,17.9,True,19,10.7,3.4,2,53.1,8.9,7,False,0.9,False,0.0,0,Yes
CX02749,45,Gaming,Email Campaign,Mobile,2,Annual,Basic,2,False,12.79,23.34,UPI / Instant transfer,True,0,1,18.5,True,12,30.3,6.1,3,52.7,8.3,10,False,2.5,True,14.8,1,No
CX02750,29,Fintech,App Store,Desktop,9,Month-to-month,Standard,3,False,17.67,139.95,Credit card,True,1,0,20.0,True,17,3.6,1.0,3,38.6,8.1,9,True,4.7,False,0.0,0,Yes
CX02751,31,Cloud Storage,Paid Social,Tablet,55,Two year,Plus,8,False,36.39,1826.73,Debit card,True,0,1,3.1,True,24,15.5,6.2,10,51.4,8.9,8,False,6.4,False,0.0,2,No
CX02752,42,Streaming,App Store,Mobile,79,Two year,Basic,3,False,13.72,1048.38,Digital wallet,False,2,1,5.8,True,18,16.1,4.8,1,78.9,8.7,9,True,12.8,True,29.6,1,No
CX02753,51,Fintech,App Store,Mobile,54,Annual,Basic,1,False,8.27,433.03,Credit card,True,0,0,14.5,True,19,0.9,0.3,14,36.8,8.9,10,False,9.2,False,0.0,2,Yes
CX02754,40,Streaming,App Store,Mobile,11,Month-to-month,Standard,5,False,24.82,266.09,Bank transfer,True,0,3,1.0,True,19,8.0,2.5,2,65.1,7.5,9,False,1.4,False,0.0,0,No
CX02755,63,Fintech,Paid Social,Mobile,42,Month-to-month,Basic,1,False,8.62,355.37,UPI / Instant transfer,False,2,0,20.1,True,23,9.0,3.4,12,38.1,6.0,6,True,1.5,True,3.0,0,No
CX02756,43,Productivity,Organic Search,Desktop,17,Month-to-month,Basic,3,False,14.45,238.26,Debit card,True,0,2,24.5,True,8,7.8,1.0,10,15.7,6.1,5,False,1.0,False,0.0,0,No
CX02757,35,Gaming,Organic Search,Mobile,9,Month-to-month,Basic,1,False,10.13,80.37,Buy now pay later,False,4,2,13.9,True,14,6.9,1.6,19,37.4,7.0,9,False,1.4,False,0.0,0,No
CX02758,18,Fintech,Influencer,Desktop,4,Month-to-month,Standard,5,False,27.77,101.42,Digital wallet,False,1,1,6.6,True,12,20.7,4.1,3,31.6,9.7,9,False,1.6,False,0.0,2,No
CX02759,38,Streaming,Paid Social,Mobile,19,Month-to-month,Standard,4,False,24.47,442.63,Credit card,True,1,3,3.9,True,29,7.5,3.6,11,46.6,8.0,6,False,12.2,False,0.0,2,No
CX02760,23,Fintech,Paid Social,Desktop,9,Month-to-month,Standard,3,False,21.95,192.58,Debit card,False,1,0,21.4,True,18,16.6,5.0,10,56.7,10.0,8,False,0.5,False,0.0,1,No
CX02761,48,Fintech,Referral,Mobile,61,Two year,Plus,3,False,17.34,1032.41,Credit card,True,1,4,9.7,True,21,9.4,3.3,2,71.6,7.3,8,False,6.2,False,0.0,2,No
CX02762,56,Fintech,Paid Social,Mobile,30,Annual,Standard,2,False,29.64,859.72,Bank transfer,True,1,5,17.2,True,18,9.8,2.9,13,39.0,6.8,7,False,3.5,True,29.9,1,No
CX02763,43,Cloud Storage,Email Campaign,Desktop,14,Annual,Plus,3,False,24.13,312.71,Debit card,True,0,2,4.7,True,20,26.9,9.0,19,40.3,8.7,10,False,0.6,False,0.0,0,No
CX02764,36,Cloud Storage,Organic Search,Mobile,4,Month-to-month,Plus,3,False,19.12,67.97,Bank transfer,True,0,2,3.6,True,20,12.6,4.2,10,38.0,6.5,5,True,1.4,False,0.0,0,Yes
CX02765,28,Cloud Storage,App Store,Mobile,22,Month-to-month,Premium,6,False,27.31,545.88,UPI / Instant transfer,True,1,2,16.2,True,23,2.9,1.1,19,40.3,7.4,6,True,1.9,False,0.0,0,No
CX02766,42,Productivity,Organic Search,Desktop,33,Two year,Standard,2,False,19.9,627.04,Debit card,True,0,3,15.6,True,21,1.7,0.6,6,42.1,9.7,10,True,8.2,False,0.0,4,No
CX02767,41,Streaming,Referral,Mobile,35,Month-to-month,Standard,3,False,19.0,621.09,Digital wallet,False,1,5,19.5,True,22,1.8,0.7,4,77.4,7.8,7,False,12.8,True,13.9,0,No
CX02768,46,News & Media,Paid Social,Desktop,22,Month-to-month,Plus,6,False,27.49,565.11,Credit card,True,0,1,12.2,False,9,30.7,4.6,2,21.7,9.1,9,False,2.8,True,4.9,1,No
CX02769,35,Gaming,Paid Social,Desktop,18,Month-to-month,Standard,3,False,27.3,489.27,Digital wallet,False,2,2,4.3,False,9,15.8,2.4,1,36.1,9.7,10,False,1.2,False,0.0,2,Yes
CX02770,18,Fitness,Paid Social,Mobile,34,Month-to-month,Standard,2,False,15.93,518.84,Debit card,True,0,0,26.0,True,19,18.5,5.9,18,43.0,6.0,3,False,2.7,False,0.0,1,No
CX02771,31,News & Media,Influencer,Mobile,19,Two year,Premium,5,False,31.56,581.64,Debit card,True,0,3,16.4,True,22,6.8,2.5,8,36.4,8.2,8,False,5.0,False,0.0,3,No
CX02772,45,Streaming,App Store,Mobile,27,Two year,Plus,3,True,20.34,545.52,Digital wallet,True,1,1,8.3,True,16,4.2,1.1,23,59.2,8.8,10,True,2.4,False,0.0,0,No
CX02773,43,Cloud Storage,Referral,Desktop,21,Month-to-month,Standard,2,False,19.73,366.34,Debit card,False,0,3,21.1,True,15,21.6,5.4,14,75.2,7.7,8,True,12.8,False,0.0,0,Yes
CX02774,22,News & Media,Influencer,Mobile,14,Annual,Standard,2,True,18.41,236.58,Digital wallet,False,1,3,15.6,True,18,15.0,4.5,11,55.3,9.0,10,False,5.1,False,0.0,0,No
CX02775,57,Streaming,Referral,Mobile,3,Month-to-month,Plus,2,False,17.77,48.39,Buy now pay later,False,0,2,11.9,True,19,25.4,8.0,14,36.4,9.5,10,True,2.3,True,8.2,1,Yes
CX02776,45,Streaming,Paid Social,Mobile,42,Annual,Plus,3,False,28.85,1211.45,UPI / Instant transfer,False,0,3,22.2,True,24,19.2,7.7,7,54.1,9.2,10,True,3.8,True,19.9,2,No
CX02777,27,Productivity,Paid Social,Desktop,54,Two year,Basic,2,True,12.29,593.22,Credit card,True,0,0,7.5,False,7,2.1,0.2,4,57.0,9.1,10,False,16.1,False,0.0,3,No
CX02778,40,Fitness,Paid Social,Desktop,6,Annual,Premium,8,False,56.34,298.61,Credit card,True,1,3,12.0,False,9,2.4,0.4,16,38.1,8.6,10,True,8.1,False,0.0,0,No
CX02779,30,News & Media,Organic Search,Tablet,7,Month-to-month,Plus,4,False,23.57,158.73,Digital wallet,False,2,1,55.7,False,7,17.0,2.0,8,28.9,7.6,5,False,7.6,True,19.8,1,Yes
CX02780,43,Productivity,Organic Search,Mobile,3,Month-to-month,Premium,8,True,35.4,100.0,UPI / Instant transfer,False,0,3,29.6,True,28,7.9,3.7,9,28.0,10.0,10,False,3.0,True,16.1,1,No
CX02781,57,Cloud Storage,Email Campaign,Mobile,15,Two year,Basic,1,True,9.48,141.33,Credit card,True,0,1,13.9,True,17,35.0,9.9,3,56.0,9.5,10,False,6.8,False,0.0,4,No
CX02782,52,Cloud Storage,Paid Social,Desktop,14,Two year,Standard,5,False,19.69,257.88,Debit card,True,0,3,31.2,False,7,9.9,1.2,7,36.5,8.1,9,True,3.5,False,0.0,0,No
CX02783,46,Streaming,Referral,Mobile,49,Annual,Basic,1,False,9.7,459.56,Debit card,False,1,4,1.5,False,7,5.0,0.6,4,49.2,10.0,10,True,1.2,True,21.2,1,No
CX02784,44,News & Media,Referral,Desktop,77,Two year,Plus,5,True,28.02,2141.5,Debit card,True,1,2,3.9,False,5,33.4,2.8,2,51.8,7.2,6,False,3.4,True,21.9,0,No
CX02785,52,Fintech,Paid Social,Desktop,39,Month-to-month,Standard,2,True,21.69,769.42,Debit card,False,0,1,14.7,True,14,19.3,4.5,18,49.8,7.8,4,True,6.6,False,0.0,1,Yes
CX02786,36,Productivity,Referral,Desktop,15,Month-to-month,Standard,4,False,20.53,297.27,Bank transfer,False,1,2,9.1,False,8,40.6,5.4,26,47.9,6.6,5,True,10.9,False,0.0,0,No
CX02787,33,Fintech,Organic Search,Tablet,33,Two year,Basic,3,False,15.26,457.22,Credit card,True,1,2,10.7,True,14,17.2,4.0,23,44.6,7.3,6,False,8.2,True,9.5,1,No
CX02788,36,Fitness,App Store,Smart TV,15,Month-to-month,Standard,1,True,15.98,212.0,Debit card,False,0,0,7.9,False,10,7.5,1.2,10,49.1,7.8,10,True,3.3,True,8.1,0,Yes
CX02789,30,Gaming,App Store,Mobile,32,Month-to-month,Basic,1,True,8.34,247.15,Credit card,True,2,1,6.7,True,16,8.6,2.3,11,39.1,8.9,9,True,2.8,True,10.6,1,Yes
CX02790,39,News & Media,Organic Search,Mobile,9,Month-to-month,Basic,1,False,11.09,88.93,UPI / Instant transfer,False,0,3,5.7,True,15,17.5,4.4,7,23.7,7.8,6,True,4.2,True,22.5,0,No
CX02791,29,News & Media,Email Campaign,Mobile,6,Month-to-month,Basic,1,False,10.08,54.52,Bank transfer,False,2,2,14.4,True,20,12.6,4.2,7,22.2,8.6,8,True,3.2,True,16.9,1,No
CX02792,32,Streaming,App Store,Desktop,23,Month-to-month,Plus,5,False,29.21,650.7,Debit card,True,0,5,9.3,True,19,7.0,2.2,5,37.5,6.8,7,False,1.8,False,0.0,0,No
CX02793,44,Fitness,Referral,Mobile,17,Annual,Basic,2,False,14.66,228.29,Credit card,True,0,4,14.2,True,19,10.3,3.3,8,39.8,9.7,10,True,10.8,False,0.0,3,No
CX02794,45,Fintech,Referral,Desktop,38,Annual,Premium,5,False,36.32,1263.63,UPI / Instant transfer,False,2,4,4.3,False,8,2.1,0.3,2,45.3,7.7,10,False,5.9,False,0.0,0,No
CX02795,31,Cloud Storage,Email Campaign,Mobile,17,Month-to-month,Premium,6,False,38.49,579.81,Credit card,True,0,5,17.4,True,24,7.9,3.2,7,47.2,8.2,7,False,2.4,True,9.7,0,No
CX02796,34,Cloud Storage,Referral,Mobile,45,Month-to-month,Standard,6,False,30.42,1298.67,Credit card,True,1,3,7.3,True,18,15.0,4.5,6,59.0,6.3,7,True,16.8,True,24.1,0,No
CX02797,47,Streaming,Paid Social,Mobile,48,Annual,Plus,3,False,18.42,873.92,Credit card,True,0,2,5.1,True,18,8.1,2.4,15,43.2,7.9,8,True,11.5,False,0.0,0,No
CX02798,42,Fintech,Referral,Mobile,28,Annual,Plus,2,False,25.59,664.01,Credit card,False,0,0,10.7,True,27,4.9,2.2,17,51.9,7.9,9,False,2.9,False,0.0,1,No
CX02799,21,Productivity,Email Campaign,Tablet,9,Month-to-month,Plus,5,False,20.31,176.94,Credit card,True,1,4,9.2,False,14,11.5,2.7,9,56.4,8.7,10,True,8.8,False,0.0,1,No
CX02800,25,Productivity,App Store,Mobile,16,Annual,Standard,2,False,13.49,194.86,Bank transfer,False,3,1,18.5,True,18,12.3,3.7,10,41.2,9.8,10,False,15.2,True,19.4,3,No
CX02801,30,Fintech,App Store,Smart TV,45,Annual,Standard,3,True,16.73,697.69,Debit card,True,0,3,11.5,True,17,29.0,8.2,1,52.1,8.3,6,True,5.1,True,5.7,1,No
CX02802,25,Streaming,App Store,Mobile,9,Month-to-month,Basic,1,False,10.97,97.27,Digital wallet,False,0,3,23.2,True,15,6.6,1.6,1,50.4,8.0,6,False,4.4,False,0.0,4,Yes
CX02803,39,Productivity,Email Campaign,Tablet,15,Month-to-month,Premium,6,False,40.22,602.11,Debit card,False,1,4,12.3,True,25,24.3,10.1,17,45.7,7.1,6,True,12.2,False,0.0,1,Yes
CX02804,58,Cloud Storage,Organic Search,Tablet,12,Month-to-month,Basic,1,False,12.99,149.65,Debit card,True,0,5,22.0,True,8,10.5,1.4,8,24.0,9.0,10,True,2.1,True,12.6,3,No
CX02805,24,Fintech,Organic Search,Mobile,22,Month-to-month,Standard,5,False,26.26,550.33,UPI / Instant transfer,True,0,2,7.5,True,14,14.4,3.4,16,40.6,9.4,8,True,6.0,True,14.7,3,No
CX02806,44,Fintech,Organic Search,Mobile,13,Month-to-month,Plus,4,False,29.79,349.61,UPI / Instant transfer,True,1,5,12.4,True,15,9.9,2.5,31,48.6,8.9,10,True,3.8,False,0.0,1,Yes
CX02807,33,Streaming,Organic Search,Mobile,27,Annual,Basic,2,False,10.94,270.97,Credit card,True,0,3,10.1,True,15,16.5,4.1,6,74.7,7.3,8,False,4.4,False,0.0,1,No
CX02808,50,Fintech,Organic Search,Desktop,3,Annual,Standard,2,False,14.03,38.2,UPI / Instant transfer,True,0,1,5.2,True,26,4.8,2.1,12,69.0,6.3,7,True,4.5,True,10.4,0,No
CX02809,22,Streaming,Email Campaign,Desktop,80,Two year,Basic,3,True,9.23,705.69,Credit card,False,0,2,18.4,True,17,15.6,4.4,15,42.1,9.6,8,True,3.2,False,0.0,2,No
CX02810,28,Cloud Storage,Organic Search,Mobile,67,Two year,Plus,3,False,24.82,1484.32,Debit card,True,1,3,4.1,False,6,5.7,0.6,3,53.7,7.9,7,True,3.1,True,11.7,0,No
CX02811,37,Gaming,Influencer,Desktop,10,Month-to-month,Basic,1,False,7.36,72.76,Bank transfer,True,0,1,6.3,True,26,24.2,10.5,18,34.5,9.3,8,False,2.1,True,3.9,1,No
CX02812,45,Streaming,Organic Search,Tablet,33,Annual,Basic,3,True,20.75,638.25,Debit card,True,0,2,14.5,False,4,26.1,1.7,3,27.7,6.9,6,True,2.4,False,0.0,0,No
CX02813,33,Cloud Storage,Email Campaign,Mobile,19,Month-to-month,Standard,1,False,19.1,327.78,Bank transfer,True,0,3,7.4,True,18,8.1,2.4,18,39.6,9.8,10,False,1.8,False,0.0,1,No
CX02814,33,Streaming,Paid Social,Mobile,13,Month-to-month,Plus,2,False,31.5,401.11,Credit card,True,0,3,7.1,True,14,5.9,1.4,6,73.9,7.4,5,True,9.0,True,17.5,1,No
CX02815,45,Fintech,Organic Search,Mobile,25,Month-to-month,Standard,3,False,18.05,402.92,Digital wallet,False,2,2,50.8,True,24,8.4,3.4,0,46.9,7.1,8,False,0.6,True,12.3,0,Yes
CX02816,19,Productivity,Paid Social,Mobile,24,Month-to-month,Standard,3,False,25.78,611.34,Debit card,True,1,4,3.4,True,8,24.3,3.2,2,55.7,10.0,10,True,1.2,False,0.0,0,No
CX02817,32,Productivity,Referral,Mobile,27,Annual,Standard,2,True,19.71,522.22,Buy now pay later,True,0,1,8.6,True,22,20.1,7.4,2,49.5,5.6,4,True,3.0,True,6.5,0,No
CX02818,40,Streaming,Paid Social,Desktop,20,Month-to-month,Standard,1,True,9.11,163.57,Buy now pay later,True,0,2,3.9,False,7,22.9,2.7,2,27.1,8.3,7,True,4.4,False,0.0,3,No
CX02819,38,Productivity,Organic Search,Mobile,7,Month-to-month,Standard,4,False,19.96,136.95,Credit card,False,0,3,8.7,True,27,9.9,4.5,14,58.4,8.7,9,False,4.3,False,0.0,1,No
CX02820,37,Productivity,Influencer,Smart TV,18,Month-to-month,Premium,4,False,27.85,453.0,Credit card,False,0,1,9.6,False,14,13.8,3.2,10,42.4,9.1,10,True,0.7,False,0.0,3,No
CX02821,38,Fitness,Influencer,Desktop,21,Two year,Basic,3,False,12.82,263.13,UPI / Instant transfer,False,2,1,3.8,True,10,0.9,0.2,5,20.7,7.9,7,False,3.3,False,0.0,1,No
CX02822,41,Streaming,Organic Search,Tablet,40,Month-to-month,Premium,6,False,42.4,1646.42,Credit card,False,0,4,16.4,False,9,9.7,1.5,29,37.0,7.8,8,True,2.6,True,15.7,1,Yes
CX02823,23,News & Media,Organic Search,Mobile,37,Annual,Plus,4,False,18.04,608.96,Debit card,True,0,5,16.2,False,5,29.0,2.4,4,50.5,10.0,10,False,6.5,False,0.0,1,No
CX02824,21,News & Media,Referral,Mobile,17,Annual,Basic,2,True,13.22,209.93,UPI / Instant transfer,True,0,0,11.5,True,6,7.2,0.7,17,28.8,8.3,7,True,4.1,False,0.0,1,No
CX02825,36,Productivity,Organic Search,Mobile,2,Month-to-month,Basic,3,False,15.84,30.04,UPI / Instant transfer,False,2,2,9.4,False,8,26.8,3.6,14,35.9,9.3,9,True,3.0,True,14.9,4,No
CX02826,25,Fintech,Organic Search,Desktop,13,Annual,Standard,2,False,20.04,229.92,Debit card,True,0,4,4.4,True,18,9.4,2.8,7,51.4,7.9,6,False,9.3,True,17.6,1,No
CX02827,40,News & Media,Paid Social,Tablet,20,Month-to-month,Basic,1,False,7.83,147.59,Debit card,True,0,2,13.1,True,17,25.9,7.3,27,28.8,6.9,5,False,6.1,False,0.0,1,Yes
CX02828,30,Fintech,Organic Search,Mobile,6,Annual,Basic,1,False,9.8,53.59,Debit card,True,0,3,3.8,True,7,3.5,0.4,11,73.6,8.8,10,False,4.0,False,0.0,2,No
CX02829,19,Fintech,Influencer,Mobile,5,Month-to-month,Premium,6,True,35.95,164.1,Bank transfer,False,0,2,24.8,True,15,5.1,1.3,1,26.9,8.5,8,True,2.1,False,0.0,2,Yes
CX02830,32,Fintech,Referral,Desktop,5,Month-to-month,Standard,4,False,21.25,102.46,Buy now pay later,True,1,3,8.7,True,10,8.9,1.5,5,67.6,9.9,10,True,1.2,False,0.0,7,No
CX02831,32,Cloud Storage,Referral,Mobile,12,Month-to-month,Plus,8,False,42.87,491.45,Debit card,True,0,1,4.2,False,5,9.4,0.8,16,46.2,9.6,9,False,5.5,False,0.0,7,No
CX02832,34,Streaming,App Store,Mobile,12,Month-to-month,Basic,2,False,11.55,131.66,UPI / Instant transfer,False,0,2,20.4,True,18,14.3,4.3,4,54.6,8.9,8,True,3.0,False,0.0,0,No
CX02833,51,Streaming,Organic Search,Mobile,25,Two year,Basic,1,False,9.43,234.06,UPI / Instant transfer,True,1,0,11.8,True,22,5.4,2.0,4,43.7,10.0,9,False,3.0,False,0.0,0,No
CX02834,25,Fitness,App Store,Desktop,11,Annual,Plus,7,False,44.91,471.98,Debit card,True,0,3,6.3,False,9,8.0,1.2,6,55.9,8.4,10,True,0.2,False,0.0,1,No
CX02835,37,Streaming,Email Campaign,Tablet,29,Annual,Basic,1,False,5.55,152.06,UPI / Instant transfer,True,1,2,9.2,True,16,21.3,5.7,39,36.2,8.6,10,False,0.2,True,11.3,1,No
CX02836,29,Streaming,Influencer,Mobile,5,Month-to-month,Standard,3,False,16.63,78.08,Credit card,True,0,0,10.6,True,18,25.8,7.7,6,54.4,8.2,9,False,1.0,False,0.0,1,Yes
CX02837,37,Streaming,App Store,Desktop,26,Annual,Plus,4,True,30.87,800.32,Credit card,True,0,6,20.8,True,15,30.6,7.6,1,48.3,8.0,7,False,5.3,False,0.0,1,No
CX02838,51,Gaming,Paid Social,Desktop,40,Month-to-month,Premium,7,False,42.32,1543.37,UPI / Instant transfer,False,1,2,9.2,True,17,19.5,5.5,33,79.6,9.1,10,False,8.8,False,0.0,0,No
CX02839,61,Streaming,Organic Search,Mobile,8,Month-to-month,Standard,5,False,24.65,193.27,Credit card,True,0,3,25.0,True,18,5.3,1.6,4,40.4,7.8,9,True,3.6,True,23.4,1,No
CX02840,30,Productivity,Organic Search,Desktop,63,Two year,Plus,3,False,29.64,1799.5,Debit card,True,0,6,1.1,True,17,32.7,9.3,23,78.5,7.1,5,False,2.9,False,0.0,2,No
CX02841,37,Cloud Storage,App Store,Desktop,19,Annual,Standard,6,True,23.34,421.48,Credit card,True,0,2,33.1,False,5,4.7,0.4,11,40.5,6.8,7,False,13.0,False,0.0,0,No
CX02842,38,Streaming,Paid Social,Desktop,39,Month-to-month,Plus,3,False,29.34,1079.72,UPI / Instant transfer,False,1,2,18.6,True,16,4.6,1.2,1,59.7,9.1,10,False,0.8,False,0.0,2,No
CX02843,32,Fitness,Organic Search,Desktop,15,Annual,Plus,3,True,24.72,354.4,UPI / Instant transfer,True,0,1,17.6,True,26,1.7,0.7,2,44.9,8.7,8,False,8.0,False,0.0,2,No
CX02844,32,Fintech,Paid Social,Smart TV,10,Month-to-month,Plus,1,False,15.05,138.98,UPI / Instant transfer,False,1,4,9.8,False,12,2.9,0.6,23,39.9,8.5,8,True,1.3,True,10.5,1,Yes
CX02845,18,Fintech,Referral,Mobile,28,Annual,Basic,2,False,12.18,307.01,Buy now pay later,True,2,2,10.2,True,22,10.5,3.8,5,48.7,8.7,10,True,6.1,False,0.0,2,No
CX02846,35,Fitness,Organic Search,Desktop,3,Month-to-month,Standard,4,True,17.72,47.23,Debit card,True,0,6,7.6,True,20,9.2,3.1,3,50.7,6.4,8,False,11.7,False,0.0,0,No
CX02847,51,Streaming,Referral,Mobile,20,Annual,Plus,5,True,27.47,505.21,Digital wallet,True,0,6,8.2,True,15,13.4,3.4,1,48.2,7.4,8,False,6.4,False,0.0,1,Yes
CX02848,29,Cloud Storage,Organic Search,Smart TV,23,Two year,Basic,1,False,10.18,219.38,Credit card,True,0,1,20.8,True,14,9.6,2.2,0,36.5,8.7,10,False,7.9,True,12.8,1,No
CX02849,38,Fintech,Influencer,Mobile,24,Annual,Plus,4,False,22.71,485.65,Digital wallet,True,1,3,10.3,True,18,23.6,7.1,2,53.3,7.7,9,True,10.2,True,19.5,1,No
CX02850,19,Gaming,Organic Search,Mobile,4,Month-to-month,Standard,2,True,16.63,66.49,Digital wallet,True,0,2,4.2,True,20,3.1,1.0,15,62.5,9.5,10,True,1.3,False,0.0,3,No
CX02851,38,Gaming,Influencer,Mobile,11,Month-to-month,Standard,3,False,19.06,186.22,Credit card,True,0,1,26.1,False,9,30.4,4.6,17,53.4,8.6,10,False,8.5,True,8.4,0,No
CX02852,47,Fitness,App Store,Desktop,16,Month-to-month,Plus,3,False,28.06,448.47,Bank transfer,True,0,2,19.1,True,27,12.0,5.4,5,40.9,8.1,8,True,3.1,True,17.3,0,Yes
CX02853,43,Fintech,Paid Social,Desktop,65,Month-to-month,Premium,6,False,34.68,2205.47,Bank transfer,False,1,2,10.6,True,22,18.7,6.9,4,36.0,6.9,6,False,6.9,True,3.0,1,No
CX02854,33,Productivity,App Store,Desktop,1,Month-to-month,Standard,2,True,11.77,11.34,Digital wallet,False,1,2,4.4,False,8,8.7,1.2,20,53.2,7.5,8,False,4.7,False,0.0,2,No
CX02855,25,Streaming,Paid Social,Mobile,16,Annual,Basic,1,False,10.88,168.67,Debit card,True,0,3,5.1,True,20,12.0,4.0,9,56.3,6.8,10,True,3.2,False,0.0,0,No
CX02856,37,Cloud Storage,Organic Search,Smart TV,38,Month-to-month,Basic,3,False,16.7,605.74,Credit card,True,0,1,15.5,True,11,7.4,1.4,3,34.5,7.4,9,False,12.2,False,0.0,1,No
CX02857,43,Gaming,App Store,Desktop,38,Month-to-month,Basic,1,False,8.0,297.43,Debit card,True,0,2,12.7,True,15,11.2,2.8,1,67.8,8.4,8,False,10.7,False,0.0,5,No
CX02858,31,Productivity,Paid Social,Tablet,25,Two year,Basic,5,False,21.29,478.35,UPI / Instant transfer,False,0,5,16.8,True,17,8.9,2.5,6,48.9,7.7,9,False,9.9,False,0.0,0,No
CX02859,32,Productivity,Organic Search,Mobile,6,Month-to-month,Basic,3,False,11.93,70.72,Credit card,True,0,2,25.1,True,14,7.4,1.7,17,32.4,5.9,6,False,0.4,True,19.2,0,Yes
CX02860,51,Fitness,Referral,Mobile,47,Two year,Plus,6,True,31.6,1359.6,Credit card,True,0,2,5.6,True,14,25.5,6.0,10,28.2,9.0,8,True,6.0,True,7.9,2,No
CX02861,49,News & Media,Organic Search,Mobile,5,Month-to-month,Standard,2,False,19.75,93.82,Credit card,True,2,3,5.1,True,11,2.8,0.5,19,57.2,9.5,10,False,6.9,False,0.0,3,No
CX02862,34,Cloud Storage,Organic Search,Mobile,48,Month-to-month,Basic,2,False,8.24,385.81,Debit card,True,1,0,12.0,True,16,15.7,4.2,4,34.0,8.0,10,True,17.3,False,0.0,1,Yes
CX02863,44,Streaming,Paid Social,Desktop,31,Month-to-month,Standard,3,True,23.3,661.8,Credit card,False,0,1,9.5,True,13,29.4,6.4,7,21.0,5.4,5,False,4.9,False,0.0,0,No
CX02864,26,Productivity,App Store,Mobile,15,Annual,Standard,4,True,19.81,296.21,Credit card,False,2,3,29.3,True,19,9.0,2.8,8,55.2,7.1,6,False,2.1,False,0.0,0,No
CX02865,53,Streaming,App Store,Tablet,27,Two year,Standard,3,False,15.56,382.57,Credit card,True,0,2,6.3,True,17,11.1,3.1,2,75.6,10.0,10,True,2.5,True,13.4,3,No
CX02866,27,Cloud Storage,Organic Search,Mobile,47,Month-to-month,Standard,3,False,22.82,954.31,Debit card,True,0,3,15.5,True,19,29.6,9.4,10,70.2,6.6,4,True,6.4,False,0.0,0,Yes
CX02867,20,Gaming,Organic Search,Desktop,57,Annual,Premium,2,False,25.29,1344.36,Credit card,True,2,4,12.3,True,20,0.5,0.2,7,43.0,5.5,8,False,8.9,True,15.5,0,No
CX02868,41,Productivity,App Store,Mobile,11,Month-to-month,Standard,2,False,17.81,186.93,Buy now pay later,False,3,1,1.2,True,21,11.7,4.1,12,37.8,8.0,8,False,7.3,False,0.0,0,No
CX02869,18,Cloud Storage,Referral,Mobile,23,Month-to-month,Basic,2,False,9.47,211.44,Bank transfer,True,0,3,1.2,True,12,7.5,1.5,14,54.3,6.8,5,False,4.8,False,0.0,1,No
CX02870,49,Fitness,Organic Search,Mobile,34,Month-to-month,Standard,3,False,20.64,680.91,UPI / Instant transfer,False,1,4,11.0,True,22,11.7,4.3,14,35.5,7.5,5,True,1.0,True,25.6,0,Yes
CX02871,47,Cloud Storage,Email Campaign,Mobile,4,Month-to-month,Basic,2,False,12.85,49.57,Credit card,False,1,3,15.4,True,17,16.4,4.6,1,45.2,10.0,10,True,0.9,True,3.2,1,No
CX02872,31,Fintech,Organic Search,Desktop,1,Month-to-month,Premium,4,False,27.74,25.92,UPI / Instant transfer,False,0,4,14.9,True,19,10.1,3.2,6,45.9,7.9,9,False,2.9,False,0.0,1,No
CX02873,35,Fintech,Organic Search,Desktop,8,Month-to-month,Plus,4,True,28.41,226.05,Digital wallet,True,1,2,1.6,False,5,19.3,1.6,26,50.2,8.3,6,False,2.1,False,0.0,2,No
CX02874,45,Productivity,Referral,Desktop,25,Annual,Plus,2,True,16.74,399.65,UPI / Instant transfer,True,0,3,14.9,False,9,4.4,0.7,0,38.6,7.4,8,True,3.6,False,0.0,0,No
CX02875,49,Productivity,Email Campaign,Mobile,32,Month-to-month,Plus,1,False,24.29,775.46,Digital wallet,True,0,1,29.3,True,23,7.9,3.0,3,40.8,7.9,9,True,8.1,False,0.0,1,No
CX02876,45,Cloud Storage,Organic Search,Mobile,6,Month-to-month,Premium,5,True,35.39,192.96,Debit card,True,0,5,4.7,True,22,25.2,9.2,6,27.0,8.0,8,False,3.9,False,0.0,2,No
CX02877,42,Streaming,Organic Search,Desktop,6,Month-to-month,Plus,4,False,29.22,163.36,UPI / Instant transfer,True,1,4,13.6,True,18,22.0,6.6,10,30.5,8.2,9,False,1.6,False,0.0,1,No
CX02878,18,Cloud Storage,Referral,Tablet,10,Two year,Basic,2,False,11.91,110.41,Debit card,True,0,3,31.0,True,13,17.9,3.9,2,43.3,8.3,7,True,11.7,False,0.0,0,No
CX02879,41,Streaming,Referral,Desktop,28,Month-to-month,Plus,2,False,21.16,529.99,Debit card,True,0,0,9.0,True,16,14.4,3.8,3,28.2,8.5,10,False,3.1,False,0.0,2,No
CX02880,36,Cloud Storage,Organic Search,Smart TV,28,Month-to-month,Premium,6,False,44.6,1162.89,UPI / Instant transfer,True,0,3,6.7,True,24,41.6,16.6,5,35.3,9.4,6,True,20.0,False,0.0,1,No
CX02881,30,Streaming,Organic Search,Mobile,16,Month-to-month,Plus,6,False,32.26,455.21,Credit card,True,0,1,15.5,True,18,2.2,0.7,13,51.2,9.8,8,True,2.3,False,0.0,5,Yes
CX02882,53,Streaming,App Store,Mobile,56,Annual,Standard,3,True,28.12,1530.94,Digital wallet,False,2,2,1.8,True,15,3.2,0.8,4,59.9,10.0,10,False,8.6,False,0.0,3,No
CX02883,32,News & Media,Organic Search,Desktop,18,Month-to-month,Standard,1,False,17.44,306.82,Digital wallet,True,0,0,17.3,True,14,41.0,9.6,4,43.1,9.5,10,True,4.7,False,0.0,2,Yes
CX02884,33,News & Media,Paid Social,Mobile,15,Annual,Standard,3,False,14.75,207.64,Debit card,True,1,2,3.3,True,23,23.5,9.0,5,49.4,8.6,6,False,3.2,False,0.0,1,No
CX02885,42,Gaming,Email Campaign,Desktop,30,Annual,Basic,3,True,14.66,436.37,Debit card,True,0,2,7.0,False,8,13.6,1.8,7,45.1,7.1,8,False,3.3,False,0.0,0,No
CX02886,33,Streaming,Paid Social,Mobile,17,Month-to-month,Standard,3,False,17.65,282.02,Credit card,True,0,5,8.2,True,14,6.0,1.4,6,59.2,9.3,10,False,3.5,False,0.0,2,No
CX02887,33,Fintech,Paid Social,Mobile,22,Annual,Premium,2,True,34.82,756.28,Buy now pay later,True,0,0,16.2,True,19,7.3,2.3,13,38.6,8.7,10,False,11.5,False,0.0,1,No
CX02888,44,Fintech,App Store,Mobile,48,Two year,Standard,4,False,19.98,940.27,Debit card,True,0,1,35.5,True,20,15.2,5.1,0,45.2,7.2,4,False,5.9,False,0.0,2,No
CX02889,33,Streaming,Organic Search,Desktop,1,Month-to-month,Plus,4,False,29.52,26.88,Credit card,True,0,2,34.7,True,28,17.6,8.2,6,32.3,8.8,9,False,2.6,False,0.0,1,No
CX02890,49,Fitness,App Store,Mobile,13,Month-to-month,Plus,3,False,28.17,352.4,UPI / Instant transfer,True,1,2,7.3,True,26,11.8,5.1,4,64.2,10.0,9,True,12.4,True,17.0,1,No
CX02891,48,Productivity,Referral,Smart TV,30,Month-to-month,Premium,3,False,16.11,470.29,Debit card,True,0,4,12.8,False,13,34.2,7.4,19,39.3,7.5,8,False,2.9,True,3.0,0,No
CX02892,18,Cloud Storage,Paid Social,Smart TV,7,Month-to-month,Standard,3,True,18.17,122.16,Credit card,False,1,2,5.0,True,24,22.9,9.2,15,40.5,7.3,8,False,2.4,False,0.0,1,No
CX02893,41,Productivity,Organic Search,Tablet,34,Two year,Standard,3,False,25.06,764.92,Debit card,True,0,1,6.2,True,20,22.0,7.3,5,64.7,7.7,9,False,3.2,False,0.0,1,No
CX02894,27,News & Media,Referral,Mobile,27,Two year,Plus,4,False,26.99,698.28,Bank transfer,True,0,2,8.4,False,9,5.1,0.8,5,69.8,8.5,8,True,0.9,True,3.0,0,No
CX02895,39,Fitness,Email Campaign,Smart TV,13,Month-to-month,Basic,2,False,11.59,133.97,UPI / Instant transfer,False,3,1,3.9,True,9,13.3,2.0,5,39.5,9.5,10,False,10.3,False,0.0,0,No
CX02896,34,Streaming,Organic Search,Desktop,19,Annual,Plus,2,False,22.92,389.71,Bank transfer,True,1,2,16.5,False,8,6.1,0.8,9,35.5,8.3,10,False,2.6,True,18.7,1,No
CX02897,45,Fintech,Organic Search,Mobile,29,Month-to-month,Basic,2,False,10.87,305.57,UPI / Instant transfer,False,1,2,30.5,True,14,10.2,2.4,9,35.4,6.8,6,False,4.6,False,0.0,0,No
CX02898,43,Streaming,Paid Social,Desktop,19,Annual,Standard,2,False,18.86,356.48,UPI / Instant transfer,False,0,3,5.8,True,21,31.7,11.1,3,63.9,9.9,10,True,3.7,False,0.0,4,No
CX02899,27,Streaming,Paid Social,Desktop,35,Month-to-month,Basic,2,False,8.91,306.71,Debit card,True,0,2,9.3,True,22,32.0,11.7,9,72.9,8.9,9,False,4.1,False,0.0,2,No
CX02900,23,Streaming,Referral,Mobile,15,Month-to-month,Standard,2,True,18.93,282.62,Digital wallet,True,0,6,5.9,True,14,5.9,1.4,10,50.9,7.9,7,False,2.5,False,0.0,2,No
CX02901,36,Cloud Storage,Paid Social,Desktop,49,Two year,Premium,6,False,40.29,1798.77,Debit card,True,0,3,5.7,False,13,6.6,1.4,3,59.1,7.6,8,False,10.7,False,0.0,2,No
CX02902,54,Productivity,Referral,Mobile,10,Month-to-month,Plus,4,False,35.68,328.15,Bank transfer,True,0,3,7.1,True,28,37.0,17.3,1,40.3,7.1,9,False,2.9,False,0.0,0,No
CX02903,42,Streaming,Organic Search,Desktop,45,Annual,Basic,1,False,8.39,346.14,Digital wallet,False,0,2,3.5,True,18,9.6,2.9,8,52.6,9.3,10,True,7.0,False,0.0,0,Yes
CX02904,27,Streaming,Paid Social,Desktop,4,Month-to-month,Standard,3,False,21.69,76.95,Credit card,True,0,2,13.9,False,9,7.6,1.1,5,26.9,7.3,9,False,4.4,False,0.0,0,No
CX02905,26,Cloud Storage,Email Campaign,Desktop,19,Annual,Basic,2,True,10.67,178.98,Credit card,True,0,0,11.3,True,11,12.4,2.3,5,62.8,8.1,9,True,9.1,True,11.7,0,No
CX02906,52,Cloud Storage,Influencer,Mobile,4,Month-to-month,Basic,1,False,10.41,37.99,Debit card,True,0,2,18.0,True,18,18.3,5.5,6,46.4,8.1,9,False,2.6,False,0.0,1,No
CX02907,18,Productivity,Referral,Mobile,36,Month-to-month,Plus,4,False,25.56,914.45,UPI / Instant transfer,False,0,0,10.5,True,21,14.5,5.1,2,53.8,8.7,6,True,1.7,False,0.0,2,Yes
CX02908,24,News & Media,Email Campaign,Mobile,23,Month-to-month,Basic,1,False,9.44,211.78,UPI / Instant transfer,True,0,1,7.9,True,12,5.3,1.1,6,32.8,7.0,7,False,7.8,False,0.0,0,No
CX02909,41,Cloud Storage,Organic Search,Tablet,12,Annual,Standard,3,True,22.99,255.27,Credit card,True,0,0,5.9,False,5,12.4,1.0,10,50.6,9.9,10,False,4.5,False,0.0,2,No
CX02910,24,Productivity,App Store,Smart TV,21,Month-to-month,Premium,3,False,27.97,555.91,Bank transfer,True,1,3,34.6,True,20,7.9,2.6,2,28.1,7.7,5,False,3.0,False,0.0,2,No
CX02911,35,Streaming,Email Campaign,Mobile,7,Month-to-month,Standard,5,False,20.43,131.7,Debit card,True,0,2,3.6,True,17,8.4,2.4,9,60.0,9.2,8,True,11.9,False,0.0,1,Yes
CX02912,23,Fintech,Organic Search,Desktop,11,Annual,Basic,2,False,8.49,91.47,Digital wallet,True,0,3,7.3,True,22,10.0,3.7,13,37.2,8.2,8,False,1.1,False,0.0,0,Yes
CX02913,49,Fitness,Organic Search,Desktop,21,Annual,Basic,1,False,10.04,189.29,Credit card,True,1,1,2.1,True,14,6.2,1.4,4,45.9,9.4,8,True,6.6,False,0.0,0,No
CX02914,53,Cloud Storage,Referral,Desktop,5,Month-to-month,Basic,1,False,9.85,45.77,Credit card,True,0,1,10.5,False,6,7.0,0.7,5,71.4,9.0,9,False,2.3,False,0.0,2,No
CX02915,23,Fitness,Organic Search,Tablet,39,Annual,Standard,4,False,25.62,916.21,Debit card,True,0,1,9.3,True,12,13.9,2.8,17,35.6,8.7,9,False,8.7,False,0.0,0,No
CX02916,19,Cloud Storage,Organic Search,Mobile,2,Month-to-month,Standard,3,False,18.99,34.04,Credit card,False,0,0,28.1,True,20,14.6,4.9,2,23.5,7.0,6,True,4.2,True,19.4,0,No
CX02917,33,Gaming,Email Campaign,Desktop,13,Two year,Standard,5,False,14.39,165.16,Bank transfer,False,1,1,1.2,True,21,17.2,6.0,2,57.7,7.5,6,False,12.7,True,19.2,3,No
CX02918,26,Streaming,Organic Search,Desktop,45,Two year,Standard,2,True,15.44,632.94,UPI / Instant transfer,True,0,4,18.0,True,24,5.4,2.2,24,31.7,7.7,8,True,2.0,True,15.8,1,No
CX02919,34,Fintech,Referral,Mobile,16,Month-to-month,Basic,1,False,8.28,124.17,Buy now pay later,True,0,3,11.7,True,20,8.5,2.8,11,18.5,6.9,7,False,12.1,False,0.0,2,Yes
CX02920,42,Fintech,Organic Search,Mobile,32,Annual,Plus,2,False,26.25,778.89,Digital wallet,False,1,4,11.5,True,26,10.1,4.4,2,62.6,8.2,8,False,4.4,False,0.0,2,No
CX02921,39,News & Media,Paid Social,Desktop,11,Month-to-month,Standard,3,True,21.44,212.7,Debit card,True,0,4,22.9,False,4,1.5,0.1,10,48.1,5.0,3,False,11.2,False,0.0,0,No
CX02922,58,Cloud Storage,App Store,Mobile,5,Month-to-month,Plus,3,False,24.16,110.68,Debit card,False,2,4,5.6,True,9,10.9,1.6,8,29.5,6.0,6,False,1.9,False,0.0,0,No
CX02923,50,Productivity,Paid Social,Mobile,24,Annual,Premium,8,False,59.73,1316.26,UPI / Instant transfer,True,1,2,3.3,True,25,4.1,1.7,12,59.8,7.5,8,False,6.4,False,0.0,1,No
CX02924,63,Streaming,Referral,Desktop,24,Annual,Basic,3,True,15.59,359.49,Buy now pay later,True,0,1,5.9,True,13,8.9,1.9,5,44.6,9.5,10,True,6.6,False,0.0,1,No
CX02925,51,Streaming,Paid Social,Desktop,14,Month-to-month,Basic,1,True,6.24,84.73,UPI / Instant transfer,True,1,5,2.5,False,0,17.7,0.0,19,48.3,7.8,7,True,0.3,True,10.1,0,No
CX02926,38,News & Media,App Store,Mobile,21,Annual,Plus,5,False,44.17,847.92,Digital wallet,True,0,4,5.5,True,19,8.0,2.5,10,45.8,8.0,9,False,11.1,False,0.0,2,No
CX02927,38,Productivity,Paid Social,Mobile,51,Two year,Standard,4,True,22.35,1017.12,Debit card,True,0,7,10.8,True,17,4.1,1.2,6,40.8,7.4,9,False,4.5,False,0.0,0,No
CX02928,47,News & Media,Organic Search,Mobile,64,Month-to-month,Standard,5,False,22.29,1280.91,UPI / Instant transfer,False,1,3,23.2,True,11,12.2,2.2,2,41.4,8.5,7,False,3.5,False,0.0,2,No
CX02929,27,Fintech,Organic Search,Mobile,5,Month-to-month,Standard,3,False,19.23,93.92,Credit card,False,1,1,13.2,True,12,9.4,1.9,11,66.5,8.7,10,True,5.1,True,3.0,2,No
CX02930,42,Fitness,Referral,Tablet,8,Month-to-month,Basic,2,False,15.9,117.7,Debit card,True,0,1,7.7,True,16,15.7,4.2,2,35.7,4.9,4,False,7.9,False,0.0,0,No
CX02931,53,Productivity,Paid Social,Desktop,13,Annual,Plus,5,True,30.34,364.76,Credit card,True,0,3,2.7,True,22,14.5,5.3,3,0.4,6.9,5,False,10.1,False,0.0,0,No
CX02932,53,Streaming,Paid Social,Desktop,14,Month-to-month,Basic,2,False,14.74,182.6,Debit card,True,0,2,20.0,False,8,12.8,1.7,4,32.8,7.9,6,False,1.2,False,0.0,0,Yes
CX02933,23,Cloud Storage,Influencer,Desktop,15,Annual,Standard,5,True,25.09,353.91,Debit card,True,1,0,9.1,True,18,8.8,2.6,9,53.6,7.0,9,True,4.8,True,25.5,0,No
CX02934,26,Fintech,Influencer,Mobile,9,Month-to-month,Plus,2,False,25.03,219.17,Debit card,True,1,3,11.1,True,17,25.1,7.1,5,47.4,6.1,4,True,2.3,True,13.3,0,No
CX02935,18,Fitness,Paid Social,Mobile,10,Month-to-month,Standard,1,False,15.16,144.1,Credit card,False,0,3,7.8,True,30,13.7,6.8,3,15.8,7.5,7,True,0.7,False,0.0,1,No
CX02936,41,Cloud Storage,Paid Social,Desktop,56,Two year,Standard,3,False,25.58,1323.52,UPI / Instant transfer,True,0,0,23.1,False,7,11.9,1.4,1,51.0,8.5,10,True,1.3,False,0.0,1,No
CX02937,49,Streaming,Paid Social,Desktop,36,Annual,Plus,1,False,18.31,647.48,UPI / Instant transfer,False,3,1,6.2,False,9,7.8,1.2,1,73.4,9.4,9,False,4.1,False,0.0,3,No
CX02938,21,Streaming,App Store,Desktop,16,Month-to-month,Basic,3,False,9.61,152.52,Digital wallet,True,0,0,4.5,True,12,14.5,2.9,19,39.8,9.9,10,True,3.4,False,0.0,0,Yes
CX02939,54,Fintech,Paid Social,Smart TV,8,Month-to-month,Plus,3,True,24.92,187.33,UPI / Instant transfer,True,1,2,3.5,True,26,2.8,1.2,10,43.0,10.0,9,True,4.9,False,0.0,2,No
CX02940,38,Streaming,Paid Social,Smart TV,21,Annual,Premium,6,False,50.84,1010.68,Digital wallet,True,0,8,32.9,True,15,9.8,2.4,6,32.0,8.2,8,True,3.8,True,18.6,1,No
CX02941,26,Productivity,Referral,Mobile,37,Annual,Premium,5,False,51.09,1714.53,Digital wallet,True,1,6,8.0,True,20,16.5,5.5,10,63.3,9.3,9,False,0.4,False,0.0,3,No
CX02942,30,Streaming,Paid Social,Mobile,11,Annual,Standard,6,False,35.89,383.74,Credit card,False,2,2,10.9,True,15,27.2,6.8,7,58.4,8.2,10,False,2.2,False,0.0,1,Yes
CX02943,22,Productivity,Referral,Mobile,8,Annual,Standard,4,False,20.5,163.87,Digital wallet,False,2,4,11.0,True,16,10.5,2.8,1,49.1,8.6,10,False,9.4,True,26.8,1,No
CX02944,27,Productivity,App Store,Mobile,3,Month-to-month,Standard,5,False,22.87,61.74,UPI / Instant transfer,False,1,3,11.7,True,18,8.6,2.6,6,49.8,8.5,7,True,7.4,False,0.0,0,No
CX02945,37,Streaming,App Store,Mobile,43,Month-to-month,Basic,3,False,13.52,553.57,UPI / Instant transfer,True,0,2,13.6,True,18,18.7,5.6,1,58.8,8.3,10,False,2.5,False,0.0,2,No
CX02946,28,Cloud Storage,App Store,Mobile,28,Month-to-month,Standard,2,False,23.31,595.14,Debit card,True,1,3,35.5,True,16,7.9,2.1,8,75.8,9.4,8,False,2.4,False,0.0,3,No
CX02947,28,Fintech,Referral,Mobile,21,Month-to-month,Basic,1,True,9.05,183.67,Credit card,True,0,3,4.7,True,11,2.1,0.4,4,31.2,8.3,8,False,1.1,False,0.0,2,Yes
CX02948,25,Fintech,Organic Search,Mobile,6,Month-to-month,Basic,1,False,8.81,48.13,Debit card,True,1,1,6.5,True,24,26.7,10.7,5,68.6,7.5,5,False,1.7,False,0.0,0,No
CX02949,36,Productivity,Organic Search,Desktop,32,Annual,Premium,4,False,29.91,898.56,Debit card,True,0,1,8.4,False,15,17.1,4.3,6,34.3,7.9,7,True,0.4,True,17.1,0,No
CX02950,58,Fintech,Paid Social,Mobile,23,Two year,Premium,5,False,35.54,733.08,Credit card,True,0,5,22.1,True,20,12.1,4.0,8,32.1,8.4,9,False,11.0,False,0.0,3,No
CX02951,36,Streaming,Referral,Desktop,24,Two year,Premium,4,True,45.74,1020.24,Credit card,True,0,4,11.0,False,9,13.2,2.0,2,42.2,9.0,8,False,12.4,False,0.0,2,No
CX02952,39,Streaming,App Store,Mobile,5,Month-to-month,Plus,8,False,38.24,181.6,Credit card,True,1,1,11.7,True,18,18.7,5.6,3,56.9,10.0,10,False,3.0,False,0.0,2,No
CX02953,18,Streaming,Paid Social,Desktop,6,Annual,Standard,1,False,13.94,75.08,Buy now pay later,True,0,2,27.8,True,15,11.2,2.8,6,38.4,8.1,10,False,3.9,False,0.0,0,No
CX02954,33,Productivity,Organic Search,Smart TV,26,Month-to-month,Basic,3,False,14.64,363.58,Credit card,True,0,0,5.1,False,4,56.9,3.8,3,53.5,8.2,7,False,3.7,False,0.0,0,No
CX02955,18,Productivity,Paid Social,Mobile,27,Two year,Standard,2,False,20.88,498.0,Debit card,True,1,3,1.5,True,13,18.8,4.1,2,40.5,8.0,10,False,5.2,False,0.0,0,No
CX02956,18,Productivity,App Store,Mobile,9,Month-to-month,Plus,6,False,28.56,238.85,Debit card,True,1,6,6.8,True,26,7.4,3.2,15,55.0,7.9,9,False,4.3,False,0.0,1,No
CX02957,45,Cloud Storage,App Store,Mobile,45,Month-to-month,Premium,4,False,33.54,1344.57,UPI / Instant transfer,False,2,1,17.7,True,22,15.9,5.8,6,72.7,7.0,4,False,2.1,False,0.0,1,No
CX02958,51,Cloud Storage,Influencer,Smart TV,11,Month-to-month,Standard,4,True,22.61,227.49,Debit card,True,0,3,5.3,True,16,12.7,3.4,6,69.3,9.4,8,True,7.7,True,14.5,3,No
CX02959,23,Cloud Storage,App Store,Mobile,16,Month-to-month,Basic,2,False,10.63,150.93,Debit card,True,0,0,17.5,True,6,25.3,2.5,6,20.4,6.3,8,False,10.3,False,0.0,0,No
CX02960,43,Gaming,Paid Social,Desktop,20,Two year,Plus,3,False,20.19,363.88,Credit card,True,0,3,19.0,False,13,17.1,3.7,5,27.7,6.8,7,True,3.7,False,0.0,0,No
CX02961,22,Fintech,App Store,Smart TV,36,Two year,Standard,3,False,22.53,804.49,Credit card,True,0,4,3.7,False,9,17.6,2.6,2,59.1,9.0,9,False,9.1,False,0.0,1,Yes
CX02962,41,Cloud Storage,Paid Social,Mobile,18,Month-to-month,Basic,1,False,7.98,133.5,UPI / Instant transfer,False,0,1,7.7,True,16,14.3,3.8,1,30.4,8.5,9,True,10.3,True,17.1,1,No
CX02963,28,Productivity,Organic Search,Mobile,13,Month-to-month,Standard,6,True,23.93,307.16,Credit card,True,0,0,6.5,True,20,3.3,1.1,8,46.5,9.6,10,False,0.7,False,0.0,4,No
CX02964,31,Streaming,App Store,Mobile,17,Annual,Plus,4,True,28.55,432.82,UPI / Instant transfer,True,0,1,17.2,True,21,8.7,3.0,3,41.1,9.5,8,True,0.9,False,0.0,2,No
CX02965,42,Streaming,App Store,Mobile,32,Annual,Premium,2,False,21.16,605.67,Credit card,True,0,3,5.2,True,26,7.7,3.3,18,53.8,7.2,6,True,3.6,False,0.0,0,No
CX02966,28,Streaming,Referral,Desktop,33,Two year,Standard,5,False,22.74,734.17,Debit card,True,0,2,3.0,True,14,11.7,2.7,0,71.2,10.0,10,False,1.9,False,0.0,5,No
CX02967,32,Fitness,Paid Social,Desktop,15,Annual,Standard,4,False,21.81,302.15,Credit card,True,0,3,10.3,True,10,28.0,4.7,6,49.3,10.0,10,True,3.6,False,0.0,0,No
CX02968,34,Productivity,Paid Social,Desktop,34,Two year,Plus,5,False,24.55,753.27,Buy now pay later,True,0,0,4.2,False,11,29.0,5.3,3,23.7,10.0,9,False,4.9,False,0.0,1,No
CX02969,39,News & Media,Influencer,Mobile,30,Annual,Standard,4,False,25.17,701.48,Digital wallet,True,1,5,24.5,True,20,13.6,4.5,8,45.7,6.6,7,True,5.8,True,20.4,0,No
CX02970,39,Gaming,Organic Search,Mobile,3,Month-to-month,Standard,3,False,20.34,57.93,Credit card,False,3,1,6.2,True,20,2.4,0.8,3,33.9,8.6,8,False,3.1,False,0.0,1,No
CX02971,46,Cloud Storage,App Store,Mobile,18,Two year,Premium,1,True,23.81,378.86,UPI / Instant transfer,True,1,1,12.7,True,25,15.9,6.6,6,51.9,9.2,10,True,10.1,True,14.9,6,No
CX02972,18,Streaming,Email Campaign,Mobile,10,Month-to-month,Basic,1,True,8.62,80.78,Credit card,True,0,3,7.7,True,19,4.6,1.5,10,54.9,6.9,6,False,4.4,False,0.0,1,No
CX02973,41,Cloud Storage,Paid Social,Mobile,17,Month-to-month,Plus,3,False,27.09,421.43,Debit card,True,1,2,8.5,True,18,11.9,3.6,8,53.3,8.0,10,False,2.7,False,0.0,3,No
CX02974,23,Streaming,Organic Search,Mobile,44,Annual,Plus,4,False,25.19,1011.46,Credit card,True,1,4,2.0,True,16,4.1,1.1,7,52.9,9.3,10,False,5.4,False,0.0,0,No
CX02975,51,Streaming,App Store,Mobile,26,Annual,Standard,3,True,21.26,550.73,Debit card,True,0,3,20.4,True,16,16.5,4.4,8,52.0,8.9,9,True,1.7,False,0.0,0,No
CX02976,29,Fintech,Organic Search,Smart TV,13,Annual,Standard,3,True,18.72,241.71,Credit card,True,0,4,6.4,False,7,4.8,0.6,5,52.8,8.9,8,False,6.5,False,0.0,3,No
CX02977,29,Fintech,Paid Social,Mobile,33,Annual,Standard,2,True,22.33,727.46,Credit card,True,0,3,7.4,True,21,2.2,0.8,10,39.0,9.3,8,True,10.8,False,0.0,2,No
CX02978,18,Fintech,Paid Social,Mobile,27,Month-to-month,Basic,2,False,10.6,261.56,UPI / Instant transfer,False,3,0,11.7,True,14,8.6,2.0,3,67.1,8.8,10,False,13.1,False,0.0,1,Yes
CX02979,25,Fintech,Organic Search,Smart TV,21,Annual,Premium,3,True,34.51,707.19,Debit card,True,1,0,26.7,False,10,24.9,4.2,1,54.1,7.9,9,True,6.9,False,0.0,0,No
CX02980,35,Cloud Storage,Paid Social,Desktop,5,Annual,Plus,2,False,19.25,87.76,UPI / Instant transfer,False,0,0,6.3,True,18,4.6,1.4,4,53.6,9.3,10,False,3.4,True,22.7,5,No
CX02981,19,Fitness,Paid Social,Desktop,7,Month-to-month,Basic,2,False,10.42,69.01,Bank transfer,True,0,2,10.5,False,6,5.6,0.6,3,43.1,8.5,9,True,3.1,True,15.3,3,No
CX02982,29,Streaming,Organic Search,Mobile,14,Annual,Basic,2,True,13.09,168.91,Credit card,True,0,4,22.7,True,15,13.7,3.4,5,57.4,7.0,6,False,19.7,False,0.0,0,No
CX02983,18,Fitness,Organic Search,Smart TV,3,Month-to-month,Plus,2,False,20.28,54.14,Credit card,False,1,2,21.3,False,7,12.9,1.5,11,56.2,6.2,4,True,14.2,False,0.0,0,Yes
CX02984,47,Cloud Storage,App Store,Tablet,5,Month-to-month,Basic,2,False,10.65,49.35,Debit card,True,1,3,5.0,True,14,21.6,5.0,1,41.2,7.9,8,False,1.9,True,5.1,3,No
CX02985,43,Streaming,Organic Search,Desktop,18,Month-to-month,Standard,2,True,16.77,266.29,Debit card,True,0,3,10.2,True,25,11.4,4.8,10,57.4,6.9,8,False,1.6,True,23.9,0,No
CX02986,18,Streaming,Paid Social,Tablet,21,Month-to-month,Plus,5,False,29.92,571.29,Debit card,True,1,3,3.3,False,5,48.9,4.1,5,69.9,10.0,10,False,11.0,False,0.0,0,No
CX02987,40,Fintech,App Store,Desktop,28,Month-to-month,Standard,4,True,21.34,577.7,Credit card,True,1,4,28.2,True,13,12.2,2.6,4,58.2,8.9,9,False,4.1,False,0.0,1,Yes
CX02988,23,Gaming,Paid Social,Desktop,3,Month-to-month,Basic,1,False,5.38,16.11,Digital wallet,False,2,1,21.7,True,18,8.7,2.6,23,30.7,7.6,7,True,0.6,False,0.0,2,Yes
CX02989,48,Cloud Storage,Referral,Mobile,20,Annual,Basic,1,False,11.26,199.57,Credit card,True,0,3,4.4,True,13,10.9,2.4,19,27.1,8.3,6,True,8.9,False,0.0,2,No
CX02990,54,Productivity,Organic Search,Smart TV,9,Month-to-month,Basic,1,True,7.77,62.27,Debit card,True,1,5,14.6,False,8,17.8,2.4,2,48.6,8.3,7,False,2.8,False,0.0,1,Yes
CX02991,41,News & Media,Referral,Mobile,21,Month-to-month,Basic,3,False,19.01,374.92,Credit card,True,0,2,1.0,False,3,13.3,0.7,19,60.8,8.7,7,False,1.7,False,0.0,1,Yes
CX02992,56,Fitness,Email Campaign,Desktop,17,Month-to-month,Basic,1,False,5.85,88.83,UPI / Instant transfer,False,2,0,5.0,True,10,24.5,4.1,5,37.0,8.6,9,False,2.1,False,0.0,2,No
CX02993,42,Fitness,Organic Search,Desktop,33,Annual,Premium,4,False,24.82,805.23,Digital wallet,True,0,4,20.8,True,24,6.0,2.4,12,72.8,6.6,6,False,2.4,False,0.0,1,No
CX02994,39,Fitness,App Store,Desktop,22,Two year,Standard,4,False,21.54,434.04,UPI / Instant transfer,True,1,5,6.7,False,13,9.2,2.0,3,29.4,9.0,9,False,8.1,False,0.0,6,No
CX02995,43,Cloud Storage,Influencer,Mobile,20,Month-to-month,Standard,5,False,24.18,457.07,Credit card,True,3,2,7.9,True,27,15.4,6.9,12,38.4,5.5,5,False,4.3,False,0.0,0,No
CX02996,35,Gaming,Organic Search,Desktop,43,Two year,Standard,1,False,14.11,583.0,Credit card,True,0,1,19.2,True,19,19.6,6.2,29,45.9,9.0,10,False,1.2,False,0.0,2,No
CX02997,34,Streaming,Influencer,Mobile,49,Annual,Basic,2,False,9.79,448.3,Credit card,False,1,3,16.9,True,16,13.4,3.6,1,50.9,7.4,8,False,9.1,False,0.0,0,Yes
CX02998,21,Fintech,Paid Social,Mobile,24,Annual,Basic,3,False,14.51,329.83,Credit card,True,0,2,8.0,True,18,2.3,0.7,27,54.3,8.3,8,False,6.5,False,0.0,1,No
CX02999,38,Fintech,App Store,Mobile,31,Month-to-month,Plus,2,False,25.58,749.17,Credit card,True,0,1,4.4,True,26,3.2,1.4,13,63.4,8.9,10,False,3.5,False,0.0,2,No
CX03000,44,Productivity,Organic Search,Mobile,30,Two year,Plus,4,False,26.24,737.17,Digital wallet,True,0,4,5.3,True,18,19.3,5.8,8,51.2,8.6,5,False,2.3,True,20.0,2,No
CX03001,25,Productivity,Organic Search,Mobile,8,Month-to-month,Standard,3,False,16.44,129.63,Debit card,False,0,1,6.8,True,19,9.4,3.0,6,41.2,8.5,7,True,1.2,False,0.0,0,Yes
CX03002,39,Streaming,Organic Search,Tablet,16,Month-to-month,Premium,6,True,40.34,576.24,Credit card,False,0,2,22.1,True,27,29.6,13.3,27,62.1,7.3,7,False,5.2,False,0.0,2,No
CX03003,34,Streaming,App Store,Mobile,50,Month-to-month,Plus,3,False,22.16,1101.49,Credit card,False,0,1,7.4,True,28,6.7,3.1,4,31.6,6.4,7,True,12.6,False,0.0,1,No
CX03004,30,Productivity,App Store,Mobile,6,Month-to-month,Plus,4,False,42.22,240.56,UPI / Instant transfer,True,0,1,4.1,True,22,47.8,17.5,1,65.6,9.2,9,True,5.6,False,0.0,1,No
CX03005,48,Fintech,App Store,Mobile,18,Annual,Standard,1,False,17.22,282.18,Buy now pay later,True,0,2,17.2,False,6,12.2,1.2,8,27.5,5.8,4,True,1.7,True,21.1,0,No
CX03006,18,Cloud Storage,Influencer,Smart TV,9,Month-to-month,Standard,2,False,15.83,141.63,Bank transfer,True,0,2,10.0,True,17,31.2,8.8,11,26.7,7.8,7,True,13.9,True,13.9,2,No
CX03007,33,News & Media,App Store,Mobile,26,Two year,Plus,7,False,30.38,757.6,Credit card,True,0,4,15.5,True,22,5.3,1.9,5,39.7,6.6,6,False,7.2,False,0.0,0,No
CX03008,49,Fitness,Email Campaign,Mobile,41,Month-to-month,Basic,2,False,16.99,684.94,UPI / Instant transfer,False,2,4,35.5,True,10,4.6,0.8,7,80.5,8.4,9,True,2.2,False,0.0,1,No
CX03009,51,Streaming,App Store,Smart TV,5,Month-to-month,Basic,2,True,10.23,46.39,Digital wallet,False,1,2,15.4,True,20,36.7,12.2,23,30.6,7.8,4,False,4.8,False,0.0,0,No
CX03010,55,Fitness,Organic Search,Mobile,30,Month-to-month,Basic,2,False,8.12,222.14,Digital wallet,False,1,1,29.1,True,19,5.5,1.7,1,60.8,6.7,8,True,1.8,False,0.0,0,No
CX03011,46,Fintech,Paid Social,Tablet,10,Month-to-month,Plus,5,False,21.95,200.49,Credit card,True,1,2,10.9,True,16,19.6,5.2,3,41.2,9.1,9,False,8.6,False,0.0,2,No
CX03012,22,Productivity,Email Campaign,Tablet,12,Month-to-month,Standard,4,False,24.92,277.74,Buy now pay later,False,2,1,19.8,True,12,15.9,3.2,6,62.9,10.0,10,False,5.6,True,10.3,2,No
CX03013,42,Fitness,Paid Social,Tablet,26,Month-to-month,Standard,3,False,20.74,499.14,Credit card,True,0,4,13.4,True,17,4.3,1.2,2,59.8,8.3,7,False,3.2,False,0.0,1,No
CX03014,49,Streaming,App Store,Desktop,18,Month-to-month,Plus,2,True,19.37,333.03,Buy now pay later,True,0,2,15.6,True,21,15.3,5.4,2,51.0,9.7,10,False,3.8,False,0.0,1,No
CX03015,25,Streaming,Organic Search,Mobile,2,Month-to-month,Standard,4,False,18.45,36.47,Debit card,True,0,2,2.1,False,10,11.2,1.9,4,43.5,7.6,8,False,1.6,True,18.9,1,No
CX03016,35,Streaming,Organic Search,Desktop,18,Month-to-month,Plus,5,True,29.52,515.43,Debit card,True,0,2,12.4,False,9,10.5,1.6,24,65.6,9.3,10,False,3.2,False,0.0,4,Yes
CX03017,34,Cloud Storage,Paid Social,Desktop,28,Month-to-month,Premium,5,False,38.51,1064.79,Digital wallet,True,0,0,3.6,False,10,4.3,0.7,13,35.7,10.0,9,False,2.4,False,0.0,0,No
CX03018,43,Productivity,Paid Social,Desktop,37,Annual,Standard,1,False,13.84,471.59,UPI / Instant transfer,False,1,2,21.6,True,17,10.0,2.8,16,51.3,7.3,9,False,5.5,True,12.1,0,No
CX03019,27,Fitness,Email Campaign,Desktop,33,Annual,Plus,6,True,31.5,934.72,Bank transfer,False,0,1,12.4,True,18,11.8,3.5,3,47.8,7.5,6,False,2.7,False,0.0,0,No
CX03020,24,Productivity,Influencer,Smart TV,7,Month-to-month,Premium,2,False,22.81,140.62,Bank transfer,False,1,3,6.1,False,19,19.5,6.2,2,58.0,9.9,8,False,1.1,True,16.1,3,No
CX03021,38,Streaming,Organic Search,Mobile,17,Month-to-month,Standard,6,True,23.02,344.86,Credit card,True,0,2,7.1,True,21,10.7,3.7,4,41.9,9.3,9,False,4.8,True,11.8,2,No
CX03022,32,Productivity,Organic Search,Mobile,6,Month-to-month,Standard,1,True,14.32,78.08,Credit card,True,1,1,12.5,True,12,9.3,1.9,2,37.4,6.8,7,True,8.9,True,17.6,0,No
CX03023,44,Fintech,Paid Social,Smart TV,3,Month-to-month,Basic,1,True,7.8,22.58,Digital wallet,False,1,2,16.0,True,19,13.1,4.1,10,60.9,8.4,9,False,8.5,False,0.0,0,Yes
CX03024,30,Streaming,Email Campaign,Desktop,24,Two year,Premium,4,True,33.7,716.39,Credit card,True,0,4,19.3,False,9,17.2,2.6,5,41.7,6.2,7,True,2.3,False,0.0,0,No
CX03025,26,Productivity,Influencer,Tablet,11,Month-to-month,Plus,4,False,20.77,227.38,Credit card,True,0,0,13.2,True,10,8.6,1.4,10,67.2,8.7,7,False,2.1,False,0.0,0,No
CX03026,26,Streaming,Email Campaign,Tablet,36,Annual,Basic,1,False,8.26,268.82,Digital wallet,True,0,2,29.5,True,12,3.4,0.7,19,45.6,7.6,7,False,1.8,False,0.0,2,No
CX03027,23,Streaming,App Store,Mobile,31,Month-to-month,Standard,2,True,13.47,379.25,Bank transfer,False,1,1,24.2,True,17,28.9,8.2,1,34.8,8.2,10,False,2.4,False,0.0,1,Yes
CX03028,51,Fintech,Organic Search,Tablet,19,Two year,Standard,1,False,14.95,260.28,Credit card,True,0,1,11.0,True,21,3.2,1.1,2,64.2,9.5,10,False,26.9,False,0.0,1,No
CX03029,32,Fintech,Organic Search,Desktop,18,Two year,Premium,5,True,35.22,580.93,Digital wallet,True,0,5,15.1,False,11,1.9,0.3,7,54.4,7.5,10,False,1.0,False,0.0,2,No
CX03030,24,Streaming,Paid Social,Mobile,17,Annual,Standard,3,True,18.39,280.66,UPI / Instant transfer,True,0,3,6.0,False,8,17.7,2.4,21,26.7,8.7,9,True,8.9,True,21.4,1,No
CX03031,31,Cloud Storage,Paid Social,Mobile,64,Annual,Standard,4,True,17.91,1064.49,Digital wallet,True,0,2,5.6,True,16,16.6,4.4,14,58.6,9.0,10,False,3.9,False,0.0,2,No
CX03032,37,Productivity,Organic Search,Mobile,22,Two year,Standard,2,True,15.03,329.47,Credit card,True,0,2,42.2,True,22,6.1,2.2,5,23.5,8.7,7,False,8.2,False,0.0,0,No
CX03033,34,Streaming,Paid Social,Mobile,31,Month-to-month,Plus,5,False,36.86,1062.95,Credit card,False,0,6,7.4,True,24,22.6,9.0,9,43.3,8.7,8,True,1.6,False,0.0,3,No
CX03034,32,News & Media,Paid Social,Mobile,20,Month-to-month,Premium,4,False,28.95,563.23,Digital wallet,True,1,5,17.3,True,21,19.0,6.6,5,57.2,7.3,5,True,19.0,False,0.0,3,No
CX03035,42,Fitness,Influencer,Tablet,64,Two year,Basic,2,False,10.07,580.14,Debit card,True,0,1,22.1,False,3,19.0,1.0,21,33.4,7.1,7,True,4.6,True,35.8,0,No
CX03036,54,Gaming,Paid Social,Mobile,18,Annual,Basic,2,False,9.57,152.29,Credit card,True,1,4,8.4,True,16,20.0,5.3,1,43.2,6.5,6,True,7.4,False,0.0,2,Yes
CX03037,56,Streaming,Organic Search,Mobile,7,Two year,Plus,6,False,39.56,276.14,Digital wallet,True,0,0,2.3,True,21,8.9,3.1,12,38.9,8.6,10,False,1.3,False,0.0,1,No
CX03038,23,Productivity,Referral,Tablet,27,Month-to-month,Plus,3,False,30.37,819.59,Bank transfer,False,1,0,7.8,False,9,6.8,1.0,3,51.0,8.0,8,False,1.2,False,0.0,2,No
CX03039,40,Productivity,Influencer,Mobile,29,Annual,Standard,8,False,32.67,901.97,Digital wallet,False,1,1,23.3,True,19,13.1,4.1,14,36.7,9.9,10,False,5.7,False,0.0,4,No
CX03040,37,Productivity,Influencer,Desktop,20,Annual,Plus,6,False,26.68,517.0,Credit card,True,1,3,3.4,True,20,13.2,4.4,10,55.1,8.0,8,False,2.5,False,0.0,1,Yes
CX03041,42,Streaming,Organic Search,Mobile,18,Annual,Standard,6,False,22.77,396.95,UPI / Instant transfer,True,0,7,21.1,True,20,21.1,7.0,9,43.0,6.8,7,False,15.3,False,0.0,0,Yes
CX03042,52,Gaming,Paid Social,Mobile,30,Two year,Standard,4,True,18.74,544.78,Digital wallet,True,0,3,1.9,True,17,14.1,4.0,5,52.7,8.4,10,False,11.2,False,0.0,1,No
CX03043,20,Fintech,Paid Social,Mobile,47,Two year,Standard,3,False,17.73,788.71,Credit card,True,0,2,17.3,True,15,12.9,3.2,4,54.6,10.0,10,False,5.2,True,7.0,1,No
CX03044,45,Fitness,Email Campaign,Mobile,7,Two year,Basic,2,False,10.22,66.37,Buy now pay later,True,0,0,12.3,True,12,15.0,3.0,13,50.7,6.7,6,False,0.3,False,0.0,1,No
CX03045,20,Streaming,Referral,Mobile,15,Month-to-month,Basic,2,False,10.66,157.39,Credit card,True,1,3,20.8,True,15,5.1,1.3,10,83.5,7.3,6,False,2.9,False,0.0,0,No
CX03046,41,Gaming,Influencer,Desktop,2,Month-to-month,Premium,7,False,43.08,75.94,UPI / Instant transfer,False,1,5,13.5,True,19,19.4,6.1,4,50.4,5.8,5,True,2.7,False,0.0,0,Yes
CX03047,35,Productivity,Referral,Mobile,12,Month-to-month,Standard,4,False,21.39,255.12,Debit card,True,0,4,7.6,True,16,9.1,2.4,7,37.8,8.4,9,True,1.8,True,17.1,1,No
CX03048,41,Streaming,Paid Social,Desktop,7,Month-to-month,Standard,2,True,20.21,124.64,Buy now pay later,True,0,1,3.5,False,4,11.0,0.7,2,41.4,8.1,8,True,1.8,True,18.7,1,No
CX03049,45,Streaming,App Store,Desktop,10,Annual,Basic,1,True,10.85,106.84,UPI / Instant transfer,True,1,3,7.2,True,20,37.2,12.4,30,35.7,9.4,6,False,12.3,False,0.0,2,No
CX03050,35,Cloud Storage,Organic Search,Mobile,4,Month-to-month,Standard,3,False,20.04,72.6,Digital wallet,False,1,5,15.0,True,15,36.7,9.2,23,47.7,4.4,2,False,3.3,True,20.9,0,No
CX03051,21,Gaming,Organic Search,Mobile,19,Month-to-month,Standard,4,False,17.21,288.65,Credit card,False,1,0,7.4,True,17,19.3,5.5,12,35.1,9.3,10,False,0.9,False,0.0,0,No
CX03052,26,Streaming,App Store,Mobile,28,Two year,Standard,3,False,18.37,498.78,UPI / Instant transfer,True,0,2,6.1,True,14,13.4,3.1,7,64.6,8.0,10,True,10.6,True,17.2,1,No
CX03053,40,Gaming,Organic Search,Mobile,15,Month-to-month,Standard,5,False,27.06,366.49,Debit card,False,1,3,7.5,True,21,2.4,0.8,17,48.5,10.0,10,False,3.1,False,0.0,0,Yes
CX03054,44,News & Media,Paid Social,Mobile,20,Two year,Basic,1,True,10.16,180.54,UPI / Instant transfer,True,1,2,10.0,True,10,3.2,0.5,8,39.1,7.4,7,False,7.7,True,24.4,2,No
CX03055,45,Streaming,App Store,Desktop,15,Annual,Plus,3,True,18.81,257.77,Debit card,True,0,2,33.7,False,10,11.2,1.9,14,61.4,7.2,8,True,3.5,True,4.0,0,Yes
CX03056,29,Fitness,Organic Search,Mobile,3,Month-to-month,Standard,6,False,26.75,71.19,Debit card,True,1,2,14.1,True,19,8.8,2.8,2,50.6,8.6,8,False,10.6,False,0.0,1,No
CX03057,27,Fintech,Referral,Smart TV,21,Month-to-month,Plus,5,False,24.08,500.25,Debit card,False,1,1,10.9,True,15,26.5,6.6,13,53.3,6.5,8,True,2.5,False,0.0,1,Yes
CX03058,35,Fitness,Paid Social,Desktop,47,Annual,Standard,1,False,12.26,560.79,Debit card,True,1,3,3.1,True,22,8.8,3.2,1,17.6,5.6,7,False,7.9,True,21.5,0,No
CX03059,47,Fitness,Paid Social,Mobile,4,Month-to-month,Basic,2,True,11.54,42.8,Digital wallet,False,0,3,21.9,False,3,8.9,0.4,14,33.8,7.2,5,True,2.3,False,0.0,0,Yes
CX03060,29,Cloud Storage,App Store,Smart TV,35,Two year,Basic,1,True,7.79,270.65,Digital wallet,True,1,0,5.8,True,18,17.9,5.4,2,40.4,8.5,7,False,10.0,False,0.0,1,No
CX03061,24,Streaming,Organic Search,Desktop,16,Annual,Standard,3,False,18.56,268.66,Credit card,False,1,0,4.2,False,7,42.0,4.9,19,25.4,9.4,9,False,4.7,False,0.0,1,No
CX03062,26,Fitness,App Store,Mobile,5,Month-to-month,Premium,7,False,40.9,193.97,Bank transfer,True,0,1,12.0,True,15,27.9,7.0,8,69.7,9.5,9,False,2.3,False,0.0,4,No
CX03063,39,Gaming,Influencer,Desktop,39,Annual,Premium,3,True,32.54,1216.42,Bank transfer,False,1,1,9.2,True,23,16.4,6.3,18,74.0,6.3,2,False,10.2,False,0.0,2,No
CX03064,39,Cloud Storage,Referral,Mobile,4,Month-to-month,Plus,4,False,32.63,123.58,UPI / Instant transfer,False,0,3,14.8,True,19,13.2,4.2,7,27.4,7.6,6,False,5.2,False,0.0,0,No
CX03065,33,Gaming,Email Campaign,Mobile,1,Month-to-month,Basic,3,False,14.38,14.34,Buy now pay later,True,0,2,7.9,True,19,23.2,7.3,8,28.2,8.6,9,False,4.2,True,15.0,1,No
CX03066,39,Fintech,Paid Social,Mobile,36,Annual,Standard,2,False,13.55,462.29,Credit card,True,0,1,11.9,True,10,30.2,5.0,5,62.4,9.2,9,True,3.7,True,15.4,2,No
CX03067,18,Fitness,App Store,Desktop,23,Month-to-month,Basic,1,False,6.47,135.86,Buy now pay later,True,0,2,4.9,True,16,10.4,2.8,9,58.0,6.7,4,False,11.9,False,0.0,1,No
CX03068,32,Productivity,App Store,Mobile,5,Month-to-month,Premium,3,False,31.05,145.17,Debit card,True,1,0,5.1,True,27,8.7,3.9,8,55.6,10.0,10,False,7.3,False,0.0,2,No
CX03069,46,Productivity,Organic Search,Mobile,38,Two year,Basic,1,True,9.22,337.99,Credit card,True,0,0,1.9,True,17,5.0,1.4,12,48.6,8.1,10,True,19.6,False,0.0,2,No
CX03070,48,Gaming,Paid Social,Mobile,33,Month-to-month,Standard,4,False,21.08,693.53,Debit card,False,0,4,11.7,True,17,25.0,7.1,11,41.7,6.8,8,True,6.3,False,0.0,0,Yes
CX03071,31,Streaming,Organic Search,Tablet,6,Month-to-month,Basic,2,False,10.27,61.27,Digital wallet,False,1,1,7.5,True,19,17.1,5.4,7,51.6,9.8,10,False,3.8,False,0.0,2,No
CX03072,24,Streaming,Email Campaign,Mobile,10,Month-to-month,Basic,3,True,18.61,179.73,UPI / Instant transfer,False,0,1,3.5,True,13,25.5,5.5,5,50.4,7.8,5,False,2.6,False,0.0,2,Yes
CX03073,46,Cloud Storage,Organic Search,Mobile,11,Month-to-month,Premium,8,False,37.16,373.16,Buy now pay later,True,1,2,3.1,True,16,15.6,4.2,14,32.1,8.3,9,True,8.6,True,17.0,1,No
CX03074,56,Streaming,App Store,Mobile,10,Month-to-month,Basic,2,False,10.46,98.65,UPI / Instant transfer,True,0,2,21.4,True,16,27.1,7.2,15,75.3,7.6,7,True,0.3,False,0.0,0,No
CX03075,53,Fintech,Organic Search,Smart TV,50,Two year,Standard,5,False,17.99,856.59,UPI / Instant transfer,True,2,1,9.6,True,21,14.6,5.1,4,43.1,9.2,9,True,2.9,True,21.0,1,No
CX03076,26,Fintech,Paid Social,Mobile,1,Month-to-month,Plus,5,True,34.96,32.05,Digital wallet,False,0,4,16.4,True,14,45.5,10.6,2,54.3,9.0,10,False,2.5,False,0.0,3,No
CX03077,38,Streaming,App Store,Mobile,25,Month-to-month,Plus,4,False,23.82,553.92,UPI / Instant transfer,False,1,6,7.2,True,21,5.2,1.8,7,63.4,9.3,10,True,17.1,False,0.0,0,Yes
CX03078,26,Cloud Storage,Referral,Desktop,8,Month-to-month,Basic,1,True,12.09,95.58,Credit card,True,1,0,4.7,False,4,9.6,0.6,0,49.2,9.1,10,False,17.3,False,0.0,1,No
CX03079,38,Fintech,App Store,Mobile,22,Month-to-month,Plus,2,True,18.59,372.47,UPI / Instant transfer,True,0,2,15.4,True,15,7.6,1.9,28,44.6,9.7,10,False,1.8,False,0.0,2,No
CX03080,23,Streaming,Influencer,Desktop,9,Month-to-month,Basic,1,False,7.97,68.88,Bank transfer,True,0,4,6.1,False,2,7.3,0.2,13,49.8,10.0,10,False,1.2,False,0.0,2,No
CX03081,36,Fintech,Organic Search,Desktop,6,Month-to-month,Plus,2,False,17.72,97.14,Debit card,False,1,2,3.1,True,25,1.7,0.7,4,38.0,7.7,8,True,5.9,False,0.0,2,Yes
CX03082,52,Cloud Storage,Paid Social,Smart TV,9,Annual,Basic,2,False,12.55,105.92,Credit card,True,0,2,21.8,True,15,20.7,5.2,17,32.4,6.4,6,False,5.2,False,0.0,0,No
CX03083,50,Cloud Storage,Paid Social,Desktop,11,Two year,Standard,5,False,21.74,228.9,Credit card,True,0,4,13.7,True,14,25.6,6.0,0,27.9,6.1,5,True,3.8,False,0.0,0,No
CX03084,26,Streaming,Referral,Mobile,17,Month-to-month,Plus,4,False,26.84,431.13,Credit card,False,1,1,0.5,True,18,24.1,7.2,6,52.2,8.9,6,True,17.0,False,0.0,3,No
CX03085,41,Fitness,Paid Social,Mobile,10,Month-to-month,Premium,2,False,27.37,255.75,Credit card,False,2,1,5.0,True,24,9.3,3.7,10,56.1,6.5,5,True,10.9,False,0.0,0,Yes
CX03086,45,Fitness,Organic Search,Mobile,24,Month-to-month,Standard,3,True,21.69,492.25,Credit card,False,0,4,11.4,True,19,16.9,5.4,2,64.5,8.9,8,True,4.3,False,0.0,1,No
CX03087,62,Productivity,Email Campaign,Desktop,28,Annual,Premium,1,False,27.8,735.09,UPI / Instant transfer,False,5,1,11.6,False,7,5.9,0.7,7,42.4,7.6,8,True,1.0,True,17.1,2,Yes
CX03088,40,Streaming,Organic Search,Mobile,29,Two year,Standard,4,False,15.25,417.18,UPI / Instant transfer,False,0,6,15.3,True,12,20.2,4.0,4,52.9,6.1,6,True,5.4,False,0.0,1,Yes
CX03089,26,Fintech,Organic Search,Smart TV,8,Month-to-month,Standard,4,False,21.32,164.76,Debit card,False,0,1,21.0,True,15,2.7,0.7,11,43.2,8.4,9,False,3.8,False,0.0,1,No
CX03090,30,Fintech,Paid Social,Tablet,12,Annual,Premium,3,False,33.09,385.54,Digital wallet,True,0,0,14.5,True,28,6.3,2.9,8,62.8,9.1,9,True,4.2,True,14.8,1,No
CX03091,45,Productivity,Email Campaign,Desktop,26,Two year,Plus,2,False,30.62,713.49,Digital wallet,True,2,5,7.3,True,22,19.1,7.0,7,51.1,8.3,8,False,2.3,False,0.0,2,No
CX03092,51,Streaming,Organic Search,Tablet,47,Annual,Basic,1,False,10.8,477.01,Credit card,True,1,1,23.0,True,17,2.9,0.8,15,69.0,8.9,7,False,2.7,False,0.0,1,No
CX03093,18,Fitness,Referral,Tablet,8,Month-to-month,Plus,3,False,29.34,232.24,UPI / Instant transfer,False,2,0,4.3,True,22,8.4,3.1,1,60.6,9.0,10,True,0.3,False,0.0,1,No
CX03094,32,Productivity,App Store,Smart TV,11,Month-to-month,Standard,3,False,23.26,249.63,Credit card,True,0,4,8.8,False,9,9.3,1.4,6,7.5,6.8,6,False,5.0,True,12.7,2,No
CX03095,22,Fintech,Referral,Mobile,17,Month-to-month,Standard,2,False,18.86,296.89,Debit card,True,1,1,10.3,True,14,6.7,1.6,5,67.5,8.1,8,False,22.9,False,0.0,1,No
CX03096,54,Streaming,Influencer,Mobile,26,Month-to-month,Premium,5,True,30.73,793.1,Digital wallet,True,0,5,12.8,True,19,3.0,1.0,9,55.8,7.1,6,False,4.4,False,0.0,1,No
CX03097,46,Productivity,Paid Social,Desktop,40,Month-to-month,Standard,4,False,23.51,937.79,Debit card,True,1,3,17.2,True,20,19.1,6.4,16,30.3,7.7,5,False,4.3,True,10.5,0,No
CX03098,40,Fintech,Paid Social,Mobile,3,Month-to-month,Plus,1,True,18.03,51.9,Debit card,True,1,2,10.7,True,14,5.5,1.3,2,42.0,8.9,9,False,4.7,True,3.2,0,No
CX03099,47,Fitness,Organic Search,Desktop,6,Month-to-month,Standard,4,False,25.75,147.14,Debit card,False,0,2,30.5,True,26,35.5,15.4,6,48.7,7.7,10,False,2.1,False,0.0,2,No
CX03100,55,Productivity,App Store,Mobile,2,Month-to-month,Basic,1,False,8.62,15.35,Bank transfer,True,0,3,25.3,True,25,33.3,13.9,10,66.1,7.0,6,True,16.2,True,14.1,0,Yes
CX03101,35,Cloud Storage,Organic Search,Mobile,9,Annual,Standard,1,True,13.93,114.91,UPI / Instant transfer,False,1,0,10.8,True,31,27.6,14.3,5,63.0,8.1,7,True,2.3,False,0.0,4,No
CX03102,38,Streaming,Referral,Mobile,31,Two year,Standard,3,False,20.92,599.48,UPI / Instant transfer,True,0,4,5.0,True,17,8.6,2.4,4,38.4,8.4,7,True,1.4,False,0.0,0,No
CX03103,29,Streaming,App Store,Mobile,7,Annual,Basic,1,False,10.29,64.67,Digital wallet,False,1,1,15.5,True,16,12.1,3.2,6,42.6,8.6,8,True,1.1,True,17.4,1,No
CX03104,75,Streaming,Referral,Mobile,15,Month-to-month,Plus,6,False,31.26,460.39,Digital wallet,False,1,1,8.5,True,22,12.1,4.4,16,49.5,6.4,7,True,6.2,False,0.0,0,Yes
CX03105,64,Fintech,App Store,Mobile,8,Annual,Plus,7,True,32.63,242.79,Digital wallet,False,0,9,8.7,True,29,6.0,2.9,14,19.3,7.2,7,False,9.4,True,10.9,1,No
CX03106,52,Gaming,Organic Search,Mobile,26,Month-to-month,Basic,2,False,11.25,266.8,UPI / Instant transfer,True,0,1,6.2,True,17,17.8,5.0,15,75.2,9.8,10,True,7.9,True,12.7,3,No
CX03107,27,Productivity,Paid Social,Tablet,8,Month-to-month,Plus,5,False,23.5,179.08,Credit card,True,1,3,5.1,False,8,15.1,2.0,4,74.1,10.0,8,False,0.5,False,0.0,1,No
CX03108,38,Fitness,Influencer,Mobile,22,Month-to-month,Standard,2,False,20.98,437.55,Digital wallet,False,0,6,3.2,True,18,3.3,1.0,34,19.3,7.4,7,True,1.2,False,0.0,2,No
CX03109,43,Gaming,App Store,Mobile,4,Month-to-month,Standard,2,False,15.74,57.04,Credit card,True,0,2,11.5,True,13,17.5,3.8,1,41.9,8.0,8,False,9.2,False,0.0,0,No
CX03110,39,Productivity,Organic Search,Mobile,23,Month-to-month,Standard,4,False,31.85,660.18,Digital wallet,False,2,0,8.8,True,22,4.5,1.6,28,59.7,6.6,7,False,4.2,False,0.0,0,No
CX03111,35,Streaming,Referral,Mobile,30,Annual,Premium,6,False,31.29,877.94,Credit card,True,1,4,10.9,False,5,3.6,0.3,2,44.2,5.6,5,True,7.6,True,10.5,0,No
CX03112,33,Fintech,Organic Search,Mobile,10,Annual,Basic,2,True,14.1,125.21,Debit card,False,0,1,4.0,True,23,2.2,0.8,6,30.0,7.7,6,False,5.4,False,0.0,2,No
CX03113,30,Streaming,App Store,Mobile,29,Two year,Plus,4,False,29.78,840.12,Credit card,True,2,0,7.1,True,17,16.5,4.7,5,32.8,8.5,8,True,5.1,False,0.0,1,No
CX03114,34,Productivity,App Store,Smart TV,8,Annual,Standard,3,False,27.66,207.33,Digital wallet,False,0,1,8.8,False,9,23.9,3.6,6,26.6,7.9,8,True,7.3,True,17.2,2,Yes
CX03115,45,Cloud Storage,App Store,Mobile,21,Two year,Standard,5,False,28.71,587.71,UPI / Instant transfer,True,0,4,12.3,True,19,16.6,5.3,10,75.8,9.7,10,True,3.8,False,0.0,1,No
CX03116,47,Productivity,Influencer,Tablet,17,Month-to-month,Basic,3,True,19.34,310.78,Bank transfer,False,1,1,6.6,True,19,3.2,1.0,24,35.5,8.1,6,False,6.1,False,0.0,0,No
CX03117,54,Fintech,Paid Social,Desktop,13,Annual,Premium,4,True,31.14,402.21,Credit card,True,1,2,10.9,False,10,16.9,2.8,5,43.5,8.4,7,False,6.3,False,0.0,3,No
CX03118,28,Streaming,Referral,Smart TV,20,Two year,Premium,4,False,22.04,432.52,UPI / Instant transfer,False,0,1,23.8,False,14,5.4,1.3,12,51.8,9.4,9,True,5.6,False,0.0,1,Yes
CX03119,39,Fintech,Email Campaign,Tablet,40,Two year,Premium,8,False,46.51,1729.16,Credit card,True,0,7,13.6,True,15,16.8,4.2,12,40.0,8.9,10,True,17.1,False,0.0,1,No
CX03120,23,Cloud Storage,Email Campaign,Mobile,17,Month-to-month,Standard,3,False,15.26,257.21,Debit card,True,1,1,16.9,True,14,8.8,2.1,12,53.3,7.5,10,True,2.7,False,0.0,2,Yes
CX03121,24,Cloud Storage,Referral,Mobile,10,Month-to-month,Plus,2,False,17.53,154.76,UPI / Instant transfer,False,1,2,5.4,True,16,5.0,1.3,5,43.2,9.2,8,False,4.6,False,0.0,0,No
CX03122,26,Productivity,Referral,Mobile,14,Annual,Standard,2,False,15.21,198.39,Buy now pay later,False,1,2,19.7,False,6,8.6,0.9,7,43.2,7.5,9,False,3.3,False,0.0,1,Yes
CX03123,43,Fitness,Organic Search,Mobile,13,Month-to-month,Standard,6,False,26.46,309.77,Credit card,True,2,1,7.3,True,20,9.4,3.1,14,24.7,9.7,10,False,1.5,False,0.0,2,No
CX03124,33,News & Media,App Store,Desktop,21,Month-to-month,Standard,1,False,19.65,402.95,Debit card,False,0,0,15.9,False,10,59.1,9.8,7,50.3,7.3,7,False,10.1,False,0.0,1,No
CX03125,18,Productivity,Organic Search,Mobile,25,Two year,Plus,2,False,24.17,579.76,Credit card,True,1,4,15.4,True,25,10.6,4.4,12,43.3,7.2,7,False,0.2,False,0.0,0,No
CX03126,47,Fitness,Referral,Desktop,9,Month-to-month,Premium,7,True,33.05,292.42,Debit card,True,1,1,3.4,False,10,27.0,4.5,5,72.8,8.5,10,False,2.4,False,0.0,1,No
CX03127,58,Fintech,App Store,Tablet,15,Month-to-month,Plus,5,True,33.35,490.61,Credit card,False,0,3,9.6,True,19,22.3,7.1,5,31.0,10.0,9,True,2.6,False,0.0,2,Yes
CX03128,31,Streaming,Organic Search,Mobile,20,Annual,Standard,3,False,18.42,361.07,Credit card,True,0,2,12.4,True,16,21.0,5.6,24,51.4,10.0,10,True,5.7,False,0.0,2,No
CX03129,41,Streaming,Organic Search,Desktop,19,Annual,Premium,5,True,39.3,665.04,Buy now pay later,True,0,3,2.0,True,21,7.0,2.4,8,55.8,9.3,9,True,8.9,False,0.0,1,No
CX03130,41,Fintech,Email Campaign,Tablet,7,Month-to-month,Basic,1,True,7.38,50.2,Credit card,True,1,1,24.8,True,16,6.4,1.7,31,72.1,9.3,7,False,4.5,False,0.0,2,Yes
CX03131,46,Productivity,App Store,Desktop,5,Annual,Basic,1,False,6.6,31.18,Credit card,True,1,1,6.9,True,13,32.2,7.0,5,41.6,8.0,8,True,1.5,True,15.3,0,No
CX03132,28,Fitness,App Store,Mobile,14,Month-to-month,Basic,3,True,19.56,270.54,Debit card,True,0,1,9.5,True,16,13.5,3.6,4,55.2,8.7,10,False,9.0,False,0.0,1,Yes
CX03133,18,Streaming,Paid Social,Mobile,41,Annual,Plus,6,False,35.08,1302.89,Bank transfer,True,2,4,13.5,True,23,16.6,6.4,3,37.5,7.9,8,False,0.9,False,0.0,0,No
CX03134,20,Fitness,Influencer,Desktop,6,Month-to-month,Standard,4,False,19.59,113.97,Debit card,False,1,0,0.8,False,6,16.4,1.6,13,56.9,9.0,9,False,2.1,True,8.2,3,No
CX03135,50,Streaming,Paid Social,Mobile,12,Month-to-month,Basic,1,False,9.64,104.74,Bank transfer,False,0,1,6.1,True,20,6.3,2.1,2,51.6,7.7,6,True,6.6,True,16.2,3,No
CX03136,49,Streaming,Email Campaign,Mobile,10,Month-to-month,Plus,6,False,36.75,344.17,UPI / Instant transfer,True,0,0,2.9,True,26,6.3,2.7,1,50.6,10.0,10,True,4.4,True,23.7,0,No
CX03137,23,Fintech,Email Campaign,Mobile,21,Month-to-month,Standard,3,False,17.79,360.45,Debit card,True,0,2,7.7,True,15,21.3,5.3,9,38.6,8.9,10,True,5.9,False,0.0,2,No
CX03138,19,Streaming,App Store,Mobile,4,Month-to-month,Basic,2,True,9.92,35.06,Digital wallet,True,0,3,6.6,True,22,8.6,3.2,10,44.3,7.9,8,False,1.4,False,0.0,0,Yes
CX03139,41,Fitness,Email Campaign,Mobile,9,Month-to-month,Standard,4,False,23.41,204.8,Debit card,True,0,1,14.3,True,16,29.4,7.8,3,59.6,10.0,10,True,0.4,False,0.0,3,No
CX03140,26,Cloud Storage,Paid Social,Mobile,14,Annual,Basic,5,False,11.31,158.32,Credit card,True,1,4,6.6,True,13,1.9,0.4,5,33.8,8.4,8,False,1.3,False,0.0,1,No
CX03141,34,Productivity,Organic Search,Mobile,19,Annual,Basic,1,False,8.34,155.55,Debit card,False,1,1,21.2,True,15,6.3,1.6,3,73.7,6.5,5,False,7.0,True,14.5,0,No
CX03142,47,Cloud Storage,Organic Search,Tablet,26,Month-to-month,Plus,4,False,21.22,533.57,Credit card,True,0,3,16.1,True,22,4.3,1.6,10,62.1,9.7,10,False,1.6,False,0.0,0,No
CX03143,33,News & Media,Paid Social,Mobile,33,Annual,Premium,4,False,26.6,805.37,Credit card,True,0,3,8.4,False,11,19.4,3.6,12,60.2,9.2,10,False,6.2,True,17.6,2,No
CX03144,43,Fintech,Organic Search,Mobile,8,Month-to-month,Standard,4,True,21.82,168.48,Credit card,False,0,1,17.2,True,19,10.4,3.3,11,51.9,8.5,10,False,3.8,True,5.9,2,No
CX03145,23,Streaming,Referral,Mobile,23,Annual,Basic,3,True,10.76,221.54,Credit card,True,0,1,4.7,True,18,5.1,1.5,3,43.0,7.6,7,True,21.4,True,29.6,0,Yes
CX03146,52,Productivity,Organic Search,Mobile,18,Annual,Basic,2,False,10.51,188.18,Credit card,True,0,5,14.2,True,12,4.2,0.8,4,47.4,7.6,8,True,1.1,True,20.3,0,No
CX03147,21,Cloud Storage,App Store,Desktop,2,Month-to-month,Plus,4,True,32.81,61.54,UPI / Instant transfer,False,3,6,20.0,True,28,7.6,3.5,8,28.0,7.4,6,True,7.4,False,0.0,2,Yes
CX03148,37,Cloud Storage,Paid Social,Tablet,20,Annual,Premium,5,False,34.27,677.98,UPI / Instant transfer,True,0,3,4.6,True,26,12.8,5.5,15,67.6,10.0,10,False,1.0,False,0.0,1,No
CX03149,44,Gaming,Influencer,Tablet,35,Month-to-month,Standard,4,False,20.68,641.9,Bank transfer,False,0,2,7.2,True,14,5.9,1.4,12,44.6,8.9,10,True,7.1,False,0.0,3,No
CX03150,18,Productivity,Organic Search,Tablet,35,Two year,Basic,1,False,5.25,175.09,Credit card,False,2,3,9.5,False,4,20.9,1.4,6,36.5,7.2,6,False,8.5,False,0.0,0,Yes
CX03151,18,Gaming,Referral,Desktop,20,Two year,Basic,1,False,10.16,199.48,Credit card,False,3,0,35.4,False,9,26.3,3.9,0,50.3,8.1,7,False,1.2,False,0.0,1,No
CX03152,43,Productivity,App Store,Mobile,13,Month-to-month,Standard,2,False,12.33,143.21,Debit card,True,0,2,7.1,True,18,21.6,6.5,25,50.2,9.4,10,True,10.9,False,0.0,0,No
CX03153,31,Streaming,Email Campaign,Mobile,10,Annual,Standard,3,False,19.66,184.29,Bank transfer,True,2,3,22.5,True,11,12.5,2.3,18,57.3,8.3,8,False,2.6,False,0.0,1,No
CX03154,60,News & Media,App Store,Mobile,58,Month-to-month,Standard,2,True,17.97,973.66,Credit card,False,1,0,11.7,False,4,12.4,0.8,6,27.4,8.1,7,False,5.0,False,0.0,2,No
CX03155,22,Streaming,App Store,Mobile,10,Annual,Basic,2,False,10.06,94.02,Debit card,True,1,1,9.6,True,18,14.7,4.4,7,49.5,6.5,5,False,2.7,False,0.0,0,No
CX03156,36,Streaming,Paid Social,Desktop,37,Two year,Plus,3,True,26.97,971.35,Credit card,True,1,1,5.7,True,11,20.2,3.7,12,58.9,8.4,8,False,1.9,False,0.0,2,No
CX03157,28,Cloud Storage,Influencer,Desktop,22,Annual,Basic,2,False,8.13,174.91,Buy now pay later,False,1,1,10.1,True,17,1.4,0.4,3,49.5,9.4,8,True,17.4,False,0.0,0,Yes
CX03158,48,Gaming,Organic Search,Desktop,19,Month-to-month,Plus,7,False,30.3,513.87,UPI / Instant transfer,False,1,2,10.5,True,10,17.1,2.8,10,67.2,9.9,9,False,3.8,False,0.0,3,Yes
CX03159,61,Fintech,App Store,Mobile,2,Month-to-month,Basic,3,False,10.46,20.43,UPI / Instant transfer,True,0,5,6.6,True,16,16.9,4.5,9,59.3,4.9,3,False,1.0,False,0.0,0,No
CX03160,34,Fitness,Paid Social,Mobile,15,Two year,Basic,1,True,9.48,135.97,Debit card,True,0,6,15.8,True,14,9.5,2.2,4,49.1,8.4,10,False,9.1,False,0.0,1,No
CX03161,23,News & Media,Paid Social,Tablet,19,Month-to-month,Basic,3,False,16.46,304.93,Bank transfer,False,0,2,3.9,False,5,18.6,1.6,10,44.7,7.2,7,False,7.0,False,0.0,2,Yes
CX03162,46,Cloud Storage,Organic Search,Desktop,27,Month-to-month,Standard,4,True,26.86,723.15,Buy now pay later,False,0,2,4.4,True,16,4.8,1.3,2,75.5,8.4,8,False,4.3,False,0.0,1,No
CX03163,39,News & Media,Paid Social,Tablet,21,Month-to-month,Standard,3,True,21.45,446.04,Digital wallet,False,5,0,7.3,True,15,9.8,2.4,1,58.0,9.1,10,False,2.3,False,0.0,1,Yes
CX03164,35,Productivity,Organic Search,Desktop,12,Annual,Plus,2,False,22.5,258.15,UPI / Instant transfer,True,0,2,11.6,False,10,30.2,5.0,4,49.5,8.4,9,True,7.5,True,3.3,2,No
CX03165,39,Fintech,Referral,Mobile,9,Month-to-month,Basic,2,False,11.01,98.54,Bank transfer,True,0,2,4.3,True,18,5.4,1.6,4,51.4,8.9,10,False,4.7,False,0.0,2,No
CX03166,34,Productivity,Referral,Mobile,15,Month-to-month,Premium,7,False,38.86,540.13,Buy now pay later,False,0,1,2.3,True,25,41.5,17.3,8,33.2,8.4,8,False,15.2,True,3.0,0,No
CX03167,39,Streaming,Organic Search,Mobile,24,Annual,Standard,1,False,14.29,333.72,Credit card,True,0,2,47.7,True,13,8.8,1.9,5,48.1,8.5,10,False,2.8,False,0.0,0,No
CX03168,52,Cloud Storage,Organic Search,Mobile,22,Month-to-month,Plus,5,True,26.22,544.5,Bank transfer,True,0,3,13.5,True,16,1.8,0.5,1,49.8,8.1,10,True,5.7,False,0.0,1,Yes
CX03169,42,News & Media,Organic Search,Desktop,3,Month-to-month,Basic,3,False,15.89,45.93,Digital wallet,False,0,2,24.9,True,18,21.4,6.4,12,48.6,9.1,10,False,7.3,False,0.0,1,No
CX03170,57,Productivity,App Store,Mobile,24,Annual,Plus,3,True,24.84,532.28,Digital wallet,True,0,2,37.9,False,8,17.3,2.3,3,35.4,7.2,6,False,13.0,False,0.0,0,No
CX03171,33,Productivity,Paid Social,Mobile,13,Month-to-month,Standard,4,False,26.99,328.49,UPI / Instant transfer,True,2,5,7.0,True,20,18.7,6.2,9,39.9,8.8,10,True,5.5,False,0.0,2,Yes
CX03172,67,Streaming,Referral,Mobile,20,Month-to-month,Standard,1,False,18.29,322.94,Buy now pay later,False,1,3,6.9,True,15,9.3,2.3,9,53.7,9.5,10,False,12.1,False,0.0,3,No
CX03173,29,Streaming,Email Campaign,Mobile,14,Annual,Standard,2,False,16.57,225.65,UPI / Instant transfer,False,0,3,21.7,True,20,4.0,1.3,4,41.2,9.3,10,False,3.4,False,0.0,5,No
CX03174,31,Cloud Storage,App Store,Mobile,21,Month-to-month,Premium,7,False,38.45,767.65,UPI / Instant transfer,False,0,4,4.6,True,23,29.0,11.1,9,60.5,8.3,8,False,2.7,False,0.0,1,No
CX03175,45,Gaming,Influencer,Mobile,13,Month-to-month,Basic,2,False,13.03,154.39,Digital wallet,True,0,3,7.8,True,10,8.1,1.4,12,42.3,7.6,8,False,3.1,False,0.0,1,No
CX03176,37,Streaming,Organic Search,Mobile,60,Two year,Plus,3,False,28.62,1588.38,Credit card,True,1,1,27.5,True,15,4.5,1.1,4,44.8,7.5,7,False,11.3,False,0.0,1,No
CX03177,37,Streaming,Email Campaign,Mobile,15,Annual,Basic,2,True,11.85,157.78,Debit card,True,0,1,26.2,True,14,14.5,3.4,2,28.5,7.2,7,False,4.1,False,0.0,1,Yes
CX03178,36,Cloud Storage,Organic Search,Smart TV,8,Month-to-month,Basic,2,False,9.9,72.34,Digital wallet,False,4,5,2.5,False,3,11.2,0.6,58,46.7,6.6,6,True,5.9,False,0.0,0,Yes
CX03179,27,Gaming,Paid Social,Smart TV,17,Month-to-month,Basic,2,False,7.43,115.57,Credit card,True,1,5,8.1,True,12,11.2,2.2,3,75.0,6.0,5,True,9.6,False,0.0,0,Yes
CX03180,18,Streaming,Organic Search,Mobile,42,Annual,Standard,2,True,12.45,477.88,Credit card,False,1,3,11.4,True,26,3.4,1.5,9,56.7,9.6,9,False,0.2,False,0.0,2,No
CX03181,45,News & Media,Influencer,Mobile,21,Annual,Basic,3,False,16.27,313.35,UPI / Instant transfer,False,1,3,6.8,False,4,24.9,1.7,1,42.8,8.4,8,False,1.4,False,0.0,2,No
CX03182,27,Gaming,App Store,Tablet,3,Month-to-month,Premium,3,False,29.83,88.14,Digital wallet,True,2,0,3.0,True,23,13.7,5.3,2,48.8,7.5,7,False,6.4,False,0.0,2,No
CX03183,35,Productivity,Referral,Desktop,20,Month-to-month,Premium,4,False,34.54,686.06,UPI / Instant transfer,False,1,4,4.5,False,8,13.3,1.8,10,52.6,8.8,8,False,4.3,False,0.0,3,No
CX03184,45,Productivity,App Store,Tablet,1,Month-to-month,Plus,5,True,27.71,27.3,Digital wallet,False,2,4,7.3,False,15,7.9,2.0,22,48.5,7.8,9,False,11.5,False,0.0,0,No
CX03185,30,Fintech,Referral,Mobile,32,Two year,Standard,5,True,24.43,700.12,Buy now pay later,False,0,0,17.1,True,17,14.9,4.2,1,68.1,7.6,8,False,4.1,True,11.9,3,No
CX03186,18,Fitness,Paid Social,Desktop,35,Annual,Basic,1,True,8.05,250.49,UPI / Instant transfer,True,1,1,19.0,False,3,13.1,0.7,67,34.1,7.1,6,False,4.2,False,0.0,0,Yes
CX03187,50,Cloud Storage,Organic Search,Mobile,17,Two year,Premium,4,True,25.77,410.86,UPI / Instant transfer,True,0,3,12.6,True,26,27.0,11.7,3,47.1,7.7,7,True,4.4,False,0.0,2,No
CX03188,34,Fitness,Organic Search,Mobile,17,Annual,Basic,2,False,10.57,162.74,Credit card,True,2,2,15.4,True,13,2.9,0.6,6,49.3,9.1,9,False,7.1,True,6.7,2,No
CX03189,48,Productivity,App Store,Tablet,39,Annual,Premium,4,False,31.01,1187.97,Bank transfer,False,1,3,40.4,True,19,13.6,4.3,2,52.7,7.2,6,True,6.6,True,16.1,2,No
CX03190,68,Cloud Storage,Paid Social,Mobile,34,Two year,Premium,5,True,33.56,1046.13,Credit card,True,0,4,15.7,True,22,31.0,11.4,12,27.4,8.6,8,False,8.0,False,0.0,1,No
CX03191,32,Streaming,Referral,Tablet,41,Annual,Standard,2,False,14.75,548.18,UPI / Instant transfer,False,2,0,16.2,False,4,24.1,1.6,6,32.3,6.8,7,False,8.9,False,0.0,0,No
CX03192,54,Streaming,Paid Social,Desktop,1,Month-to-month,Premium,7,False,35.82,32.94,Credit card,False,1,1,10.7,True,18,6.6,2.0,10,64.1,9.8,10,True,0.9,False,0.0,1,No
CX03193,40,Streaming,Organic Search,Mobile,16,Month-to-month,Plus,3,False,27.72,431.32,UPI / Instant transfer,False,0,1,10.0,True,21,1.9,0.7,15,43.0,7.9,8,False,2.4,False,0.0,3,No
CX03194,40,Streaming,App Store,Mobile,15,Annual,Basic,1,False,7.03,98.73,Digital wallet,False,1,1,11.2,True,23,16.6,6.4,9,55.1,9.6,10,False,7.7,False,0.0,4,No
CX03195,40,Productivity,Influencer,Mobile,21,Two year,Basic,1,True,8.23,171.82,Buy now pay later,True,0,3,2.1,True,10,7.5,1.2,3,43.5,9.8,10,False,2.6,False,0.0,0,No
CX03196,35,Fintech,App Store,Tablet,5,Month-to-month,Plus,8,False,27.24,124.75,Debit card,True,0,2,8.1,True,20,26.2,8.7,11,50.8,7.9,9,False,18.0,False,0.0,1,Yes
CX03197,43,Streaming,Referral,Tablet,9,Annual,Plus,3,False,24.67,217.89,Digital wallet,True,0,1,3.7,False,11,9.6,1.8,25,29.8,10.0,10,False,2.3,False,0.0,3,No
CX03198,28,Fintech,Organic Search,Mobile,12,Month-to-month,Standard,2,False,17.57,191.77,Credit card,True,0,1,13.0,True,16,19.9,5.3,0,51.7,10.0,10,True,1.9,False,0.0,0,No
CX03199,56,Productivity,Paid Social,Mobile,23,Annual,Basic,1,False,6.83,154.76,Digital wallet,False,0,1,13.1,True,11,9.9,1.8,8,29.9,7.3,8,True,5.9,False,0.0,1,No
CX03200,36,Cloud Storage,Email Campaign,Mobile,5,Month-to-month,Plus,3,False,25.66,128.18,Bank transfer,False,0,2,10.9,True,21,11.4,4.0,3,59.8,7.6,7,True,3.1,False,0.0,2,No
CX03201,37,Streaming,App Store,Tablet,6,Month-to-month,Basic,1,False,9.54,53.35,Bank transfer,False,1,1,0.5,False,8,13.0,1.7,2,38.5,8.1,8,True,4.2,False,0.0,1,No
CX03202,22,Productivity,Paid Social,Desktop,39,Annual,Basic,2,True,13.47,500.49,UPI / Instant transfer,True,0,4,36.0,True,16,36.8,9.8,4,57.2,6.9,8,True,1.6,False,0.0,0,No
CX03203,45,Productivity,Paid Social,Mobile,20,Annual,Premium,3,True,37.04,737.78,UPI / Instant transfer,True,0,0,13.2,False,10,19.3,3.2,0,62.2,8.7,10,False,6.0,True,3.0,0,No
CX03204,43,Fitness,Organic Search,Desktop,17,Annual,Premium,3,False,36.83,607.89,Credit card,True,1,2,17.1,True,24,7.1,2.8,1,46.6,8.3,8,False,1.0,False,0.0,1,No
CX03205,36,News & Media,Email Campaign,Mobile,38,Month-to-month,Standard,4,True,19.98,739.19,Credit card,True,2,3,15.1,True,20,16.8,5.6,4,43.5,7.8,9,True,7.0,False,0.0,1,No
CX03206,27,Streaming,Paid Social,Mobile,28,Two year,Standard,2,False,22.39,559.21,Credit card,True,1,1,14.6,True,19,15.0,4.8,2,63.1,9.7,9,True,5.6,True,29.2,0,No
CX03207,40,Streaming,App Store,Desktop,10,Month-to-month,Basic,2,False,13.03,115.17,Credit card,False,0,1,17.7,True,18,34.7,10.4,5,61.3,8.6,9,True,13.5,False,0.0,1,No
CX03208,34,Fitness,Influencer,Tablet,10,Month-to-month,Basic,1,False,10.03,88.87,Debit card,False,1,2,18.3,True,14,12.7,3.0,6,33.8,6.5,8,False,2.9,False,0.0,2,Yes
CX03209,26,Streaming,App Store,Mobile,2,Month-to-month,Plus,3,True,20.73,38.13,Digital wallet,True,1,2,8.3,False,8,22.6,3.0,11,40.6,8.0,8,False,4.5,True,12.6,2,Yes
CX03210,36,Cloud Storage,Influencer,Mobile,16,Month-to-month,Plus,5,False,33.84,477.3,Digital wallet,False,0,0,6.5,True,18,19.4,5.8,18,40.2,8.4,8,False,16.5,False,0.0,0,No
CX03211,47,Productivity,Email Campaign,Mobile,20,Annual,Premium,6,True,36.38,641.1,Digital wallet,False,1,4,1.0,True,21,5.0,1.8,13,35.7,6.3,7,False,14.0,False,0.0,2,No
CX03212,36,Productivity,App Store,Mobile,42,Two year,Plus,3,True,28.51,1107.1,UPI / Instant transfer,False,3,1,11.2,True,20,4.1,1.4,10,43.5,10.0,9,False,3.4,False,0.0,3,No
CX03213,36,Gaming,Influencer,Mobile,10,Month-to-month,Basic,2,False,11.59,108.63,Digital wallet,True,1,2,3.7,True,12,8.2,1.6,5,54.4,8.3,10,False,6.1,False,0.0,0,No
CX03214,32,Fintech,App Store,Tablet,10,Month-to-month,Basic,2,True,11.13,105.04,UPI / Instant transfer,False,1,4,7.8,False,2,8.2,0.3,14,36.2,7.7,8,False,4.6,False,0.0,0,Yes
CX03215,20,Streaming,App Store,Mobile,67,Month-to-month,Premium,5,True,32.1,1995.82,Credit card,True,0,6,0.9,True,17,7.6,2.2,2,46.2,7.5,8,False,0.1,False,0.0,1,No
CX03216,47,Cloud Storage,Organic Search,Mobile,51,Annual,Plus,6,False,27.9,1271.25,Digital wallet,False,1,3,9.2,True,22,18.2,6.7,6,43.9,8.4,6,False,3.7,False,0.0,1,No
CX03217,34,Productivity,Organic Search,Mobile,19,Month-to-month,Basic,2,False,9.84,184.42,Buy now pay later,False,1,3,19.2,True,14,17.5,4.1,2,51.0,8.6,9,True,4.1,True,10.8,2,No
CX03218,53,Streaming,Referral,Mobile,38,Annual,Plus,5,True,30.5,1047.95,Bank transfer,False,0,4,12.0,False,5,5.0,0.4,13,33.7,6.2,6,True,1.8,True,16.0,1,Yes
CX03219,18,News & Media,Paid Social,Mobile,5,Month-to-month,Basic,4,False,16.08,73.17,Credit card,True,0,0,12.2,True,20,43.0,14.3,4,64.6,8.4,7,False,7.3,False,0.0,3,No
CX03220,18,News & Media,App Store,Mobile,23,Annual,Premium,5,True,25.93,557.54,UPI / Instant transfer,True,0,4,1.7,True,24,40.6,16.2,19,55.5,7.9,7,False,1.0,False,0.0,1,Yes
CX03221,18,Cloud Storage,App Store,Mobile,6,Annual,Basic,2,False,12.88,75.75,Credit card,True,0,4,4.1,True,22,10.2,3.7,13,31.4,9.0,10,True,0.6,False,0.0,3,No
CX03222,18,Cloud Storage,Paid Social,Desktop,14,Month-to-month,Basic,2,False,9.33,125.15,Debit card,True,1,2,11.3,True,15,15.7,3.9,3,65.6,9.6,9,True,10.7,False,0.0,1,Yes
CX03223,44,Cloud Storage,Organic Search,Mobile,10,Month-to-month,Standard,3,False,19.38,191.26,UPI / Instant transfer,True,2,2,12.6,False,5,12.3,1.0,4,47.0,8.0,9,True,4.9,False,0.0,4,No
CX03224,46,Productivity,Organic Search,Mobile,26,Annual,Plus,2,True,16.77,395.44,Buy now pay later,True,0,0,11.1,True,22,6.0,2.2,12,27.8,9.9,10,True,2.9,False,0.0,2,No
CX03225,33,Streaming,Organic Search,Mobile,14,Annual,Premium,5,False,30.06,387.54,Bank transfer,True,0,2,16.0,False,4,16.9,1.1,9,65.6,8.1,8,False,11.2,False,0.0,1,No
CX03226,67,Streaming,Paid Social,Mobile,4,Month-to-month,Basic,2,False,9.05,33.87,Credit card,False,0,2,0.6,True,20,30.2,10.1,7,74.6,8.0,6,False,2.5,False,0.0,0,No
CX03227,52,Cloud Storage,Paid Social,Mobile,1,Month-to-month,Basic,1,False,9.46,8.92,Bank transfer,False,0,1,4.4,True,11,8.9,1.6,10,80.8,9.0,8,True,0.3,True,7.6,4,No
CX03228,35,Fitness,Referral,Mobile,24,Annual,Standard,3,False,16.64,372.93,Buy now pay later,False,1,2,8.3,True,14,20.6,4.8,10,53.7,8.3,7,False,0.2,False,0.0,0,No
CX03229,28,Productivity,Email Campaign,Desktop,8,Month-to-month,Plus,3,False,24.01,172.07,Digital wallet,False,1,1,16.9,True,22,4.4,1.6,5,25.8,8.7,10,True,4.0,False,0.0,0,No
CX03230,33,News & Media,Organic Search,Tablet,33,Annual,Plus,4,True,28.61,913.05,Credit card,True,0,1,7.5,True,15,1.8,0.4,1,59.6,10.0,10,False,1.4,False,0.0,3,No
CX03231,45,Streaming,Referral,Mobile,19,Month-to-month,Premium,5,False,43.83,804.02,UPI / Instant transfer,False,3,3,34.2,True,18,6.1,1.8,24,38.2,7.2,6,False,5.7,False,0.0,1,Yes
CX03232,43,Gaming,Paid Social,Mobile,8,Annual,Standard,3,False,17.13,125.99,UPI / Instant transfer,True,0,5,3.4,True,15,7.6,1.9,7,28.9,8.0,8,True,5.5,True,11.2,0,No
CX03233,22,Cloud Storage,Organic Search,Smart TV,17,Two year,Standard,3,False,21.77,338.85,UPI / Instant transfer,True,0,1,2.6,False,8,9.9,1.3,2,47.5,9.1,8,False,3.8,False,0.0,1,No
CX03234,40,Cloud Storage,Influencer,Mobile,15,Month-to-month,Basic,5,False,16.76,242.66,Credit card,False,1,4,15.6,True,14,10.3,2.4,12,50.1,6.4,7,False,0.4,True,21.1,0,No
CX03235,29,Fintech,Organic Search,Desktop,29,Two year,Basic,1,False,8.28,237.19,Debit card,True,1,5,6.0,True,22,10.7,3.9,5,68.8,8.7,7,True,6.1,True,8.9,1,No
CX03236,47,Fintech,Organic Search,Desktop,33,Two year,Basic,1,False,9.79,288.76,Digital wallet,True,1,1,4.1,True,13,9.2,2.0,6,51.0,8.7,8,True,8.4,False,0.0,2,No
CX03237,18,Fintech,Email Campaign,Mobile,27,Month-to-month,Basic,2,True,11.36,278.38,Credit card,True,1,4,9.6,True,12,3.2,0.6,31,35.1,8.7,10,True,1.3,False,0.0,0,No
CX03238,21,Fintech,Paid Social,Mobile,11,Month-to-month,Plus,4,False,27.31,291.63,Credit card,False,3,3,4.7,True,14,21.5,5.0,8,16.7,7.6,8,False,13.5,False,0.0,0,Yes
CX03239,38,Fintech,Referral,Smart TV,31,Annual,Basic,2,True,11.21,327.0,Credit card,False,1,0,12.9,False,2,27.8,0.9,12,49.8,9.7,10,True,5.9,False,0.0,1,No
CX03240,43,Fintech,Paid Social,Mobile,21,Annual,Plus,2,True,17.21,338.61,Digital wallet,True,0,4,16.3,True,16,20.0,5.3,5,24.6,9.0,10,True,1.1,False,0.0,1,No
CX03241,50,Cloud Storage,Influencer,Smart TV,32,Month-to-month,Premium,4,False,27.64,823.5,Buy now pay later,False,0,3,9.2,False,9,8.4,1.3,14,24.1,9.6,9,True,0.8,True,12.5,2,No
CX03242,28,Streaming,Influencer,Mobile,24,Month-to-month,Standard,6,False,22.48,527.68,Credit card,True,0,4,4.4,True,20,9.7,3.2,10,62.4,9.4,10,True,7.9,False,0.0,1,No
CX03243,27,News & Media,Organic Search,Desktop,14,Month-to-month,Plus,3,False,33.37,420.19,Debit card,True,1,1,16.3,True,9,13.7,2.1,19,65.3,8.6,7,True,6.3,False,0.0,1,No
CX03244,43,Fintech,Organic Search,Desktop,4,Month-to-month,Basic,4,False,16.13,59.66,Credit card,False,1,4,32.1,True,13,17.2,3.7,2,38.4,7.8,9,False,14.5,False,0.0,0,Yes
CX03245,47,Gaming,Paid Social,Mobile,24,Month-to-month,Premium,2,False,27.65,608.66,Credit card,False,2,1,1.9,True,33,2.5,1.4,12,43.2,10.0,10,True,15.1,True,18.8,2,No
CX03246,52,News & Media,App Store,Desktop,6,Month-to-month,Basic,1,False,7.73,41.32,Credit card,True,1,2,9.6,False,4,13.2,0.9,2,41.6,6.7,6,False,2.2,True,23.0,0,Yes
CX03247,29,Fintech,App Store,Desktop,11,Annual,Standard,3,False,26.34,270.31,Bank transfer,False,1,1,11.2,True,21,8.3,2.9,8,32.4,7.8,9,False,0.6,False,0.0,2,No
CX03248,46,Cloud Storage,App Store,Mobile,9,Annual,Standard,5,False,23.57,200.51,Credit card,True,0,1,1.2,True,11,8.6,1.6,7,29.8,9.8,10,False,1.4,False,0.0,0,No
CX03249,41,Fintech,Paid Social,Desktop,25,Month-to-month,Standard,2,False,16.82,372.24,Digital wallet,True,0,2,3.0,True,16,13.7,3.7,27,50.2,8.1,9,True,0.8,True,7.9,0,No
CX03250,18,Streaming,App Store,Mobile,4,Annual,Basic,3,True,15.03,60.0,Bank transfer,True,0,2,18.3,False,3,4.9,0.2,23,43.1,7.9,9,False,0.8,True,15.0,1,No
CX03251,48,Fintech,Referral,Mobile,22,Month-to-month,Basic,1,False,8.34,169.45,Debit card,False,0,0,19.5,True,23,6.1,2.3,6,40.0,8.3,9,False,5.5,True,11.6,1,Yes
CX03252,46,Streaming,Influencer,Mobile,27,Month-to-month,Premium,5,False,57.12,1438.12,Credit card,False,1,3,7.6,True,19,12.2,3.9,5,49.3,7.9,8,False,9.2,True,16.9,1,No
CX03253,18,Fitness,Paid Social,Mobile,22,Month-to-month,Premium,3,False,30.28,602.75,Buy now pay later,False,1,2,8.0,True,21,15.7,5.5,8,34.2,8.0,8,True,7.2,True,13.2,0,Yes
CX03254,52,Fintech,Paid Social,Smart TV,23,Month-to-month,Plus,3,False,23.93,535.51,Bank transfer,False,1,1,18.1,True,15,10.3,2.6,7,22.7,7.8,7,False,3.8,False,0.0,2,No
CX03255,35,Cloud Storage,Paid Social,Mobile,9,Month-to-month,Plus,3,False,24.4,197.05,Credit card,True,1,1,19.6,True,14,3.5,0.8,3,26.0,8.3,8,True,2.3,False,0.0,0,No
CX03256,31,Fitness,Paid Social,Desktop,27,Annual,Premium,3,True,25.2,606.69,Debit card,True,1,0,6.7,False,10,13.7,2.3,2,68.1,9.9,10,True,15.8,False,0.0,1,No
CX03257,39,Fintech,Organic Search,Desktop,5,Month-to-month,Basic,1,False,7.3,32.98,Digital wallet,True,1,1,14.9,False,6,8.0,0.8,11,48.5,6.7,6,False,7.8,False,0.0,0,No
CX03258,30,Cloud Storage,Organic Search,Desktop,23,Month-to-month,Premium,6,True,42.29,889.29,Credit card,True,0,1,4.0,False,11,14.4,2.6,12,18.9,8.8,10,False,3.3,False,0.0,2,No
CX03259,46,Productivity,App Store,Desktop,7,Annual,Basic,2,False,9.69,64.57,UPI / Instant transfer,True,0,4,18.3,True,12,7.9,1.6,5,55.6,9.7,9,False,2.7,False,0.0,1,No
CX03260,18,Fintech,Organic Search,Mobile,24,Two year,Premium,6,False,30.81,684.19,UPI / Instant transfer,True,0,6,10.0,True,25,11.6,4.8,7,38.6,6.8,5,False,1.4,True,20.5,0,No
CX03261,29,Fintech,Paid Social,Desktop,16,Month-to-month,Plus,5,False,29.3,419.23,Debit card,False,1,3,15.3,True,15,5.6,1.4,19,17.6,8.8,8,False,10.4,False,0.0,1,No
CX03262,18,News & Media,App Store,Desktop,49,Annual,Plus,5,True,38.5,1714.1,Digital wallet,False,4,2,20.6,False,5,14.5,1.2,40,42.9,6.8,7,True,9.0,False,0.0,1,No
CX03263,43,Productivity,Organic Search,Mobile,23,Month-to-month,Basic,3,False,14.12,296.5,UPI / Instant transfer,True,1,2,10.2,True,15,22.1,5.5,18,39.0,8.7,9,False,3.0,False,0.0,2,No
CX03264,46,Gaming,Referral,Desktop,10,Month-to-month,Plus,4,False,26.89,237.67,Digital wallet,True,0,2,7.7,False,15,2.5,0.6,3,44.8,9.3,9,False,2.3,False,0.0,2,No
CX03265,38,Fintech,Paid Social,Mobile,43,Month-to-month,Basic,1,False,10.15,384.08,Digital wallet,False,1,3,25.3,True,16,14.0,3.7,7,42.3,7.7,8,False,14.4,False,0.0,1,Yes
CX03266,43,Productivity,Paid Social,Mobile,22,Month-to-month,Basic,2,False,13.81,294.4,Debit card,True,1,6,3.8,False,8,13.6,1.8,8,41.2,7.9,8,False,7.2,False,0.0,1,Yes
CX03267,32,Streaming,Paid Social,Mobile,63,Two year,Standard,3,False,17.53,1081.66,Credit card,True,2,3,13.2,True,19,47.5,15.0,1,35.9,8.2,7,False,1.6,False,0.0,2,No
CX03268,33,Fintech,Paid Social,Mobile,12,Month-to-month,Basic,1,False,10.29,112.21,UPI / Instant transfer,False,1,2,10.1,True,19,9.4,3.0,38,27.9,9.3,8,False,2.8,False,0.0,0,No
CX03269,29,Cloud Storage,Influencer,Desktop,13,Month-to-month,Basic,1,False,7.11,81.35,Debit card,True,0,1,7.2,True,13,23.2,5.0,11,41.4,8.3,9,True,15.3,False,0.0,1,Yes
CX03270,37,Productivity,App Store,Desktop,9,Annual,Plus,4,False,22.33,194.14,Debit card,True,0,5,11.8,False,4,20.3,1.4,13,48.9,9.4,8,True,2.7,True,3.0,4,No
CX03271,31,Fintech,Email Campaign,Mobile,28,Annual,Basic,2,True,8.91,234.57,Credit card,True,0,3,5.9,True,22,15.2,5.6,14,46.8,10.0,10,False,5.7,False,0.0,3,No
CX03272,41,Productivity,Paid Social,Desktop,47,Two year,Plus,3,False,20.07,888.18,Digital wallet,True,1,2,6.5,False,9,1.1,0.2,1,77.4,8.2,8,True,5.4,False,0.0,0,No
CX03273,56,Productivity,Referral,Desktop,6,Month-to-month,Basic,1,True,6.51,39.04,Digital wallet,True,0,2,13.1,False,6,9.8,1.0,5,60.0,8.5,8,False,5.4,False,0.0,1,Yes
CX03274,51,Productivity,Organic Search,Mobile,5,Month-to-month,Plus,6,False,36.01,163.28,Buy now pay later,True,0,2,7.7,True,23,22.1,8.5,20,39.6,9.5,10,True,12.9,False,0.0,3,No
CX03275,34,Fintech,Organic Search,Desktop,11,Month-to-month,Basic,5,True,22.7,225.78,UPI / Instant transfer,False,1,1,6.3,True,16,10.4,2.8,6,24.7,9.0,8,True,5.1,False,0.0,0,Yes
CX03276,46,Streaming,Email Campaign,Desktop,16,Annual,Premium,6,True,27.56,398.18,Credit card,True,1,1,13.1,True,19,29.3,9.3,5,59.7,8.0,10,True,3.5,True,13.3,1,No
CX03277,58,Streaming,Referral,Mobile,25,Annual,Basic,3,False,12.02,299.95,Bank transfer,False,1,2,13.7,True,18,15.0,4.5,0,51.5,8.7,8,False,1.9,False,0.0,1,No
CX03278,54,Streaming,App Store,Desktop,10,Month-to-month,Basic,1,False,10.77,96.36,Credit card,True,0,6,3.9,False,4,7.8,0.5,0,45.1,8.8,10,True,4.6,False,0.0,3,Yes
CX03279,32,Fintech,Organic Search,Mobile,9,Month-to-month,Plus,3,False,23.54,193.24,Debit card,True,1,7,25.6,True,19,8.8,2.8,1,53.5,7.5,8,True,0.9,False,0.0,0,Yes
CX03280,20,Fintech,Email Campaign,Mobile,18,Month-to-month,Standard,4,False,16.29,259.19,Debit card,True,0,1,5.3,True,17,9.3,2.6,10,35.3,10.0,10,False,2.2,False,0.0,1,No
CX03281,44,Streaming,App Store,Mobile,47,Two year,Premium,5,True,39.87,1843.23,UPI / Instant transfer,False,2,1,35.5,True,21,8.3,2.9,3,40.3,6.7,7,False,2.4,False,0.0,0,No
CX03282,34,Gaming,Referral,Tablet,7,Month-to-month,Standard,2,False,16.32,109.08,Debit card,True,0,6,4.3,True,15,21.4,5.4,10,49.1,9.4,8,False,4.4,False,0.0,2,No
CX03283,33,Productivity,Paid Social,Desktop,5,Month-to-month,Standard,2,False,14.92,70.41,Debit card,False,3,1,8.0,False,10,19.7,3.3,2,24.5,8.2,8,False,1.9,False,0.0,1,No
CX03284,49,Fitness,App Store,Mobile,37,Annual,Basic,1,False,7.33,257.05,UPI / Instant transfer,False,0,2,1.3,True,19,15.4,4.9,26,67.1,7.8,8,True,0.2,False,0.0,1,No
CX03285,34,Fintech,Referral,Mobile,61,Annual,Standard,3,True,16.18,982.8,UPI / Instant transfer,True,0,3,29.6,True,14,0.6,0.1,2,53.6,6.5,9,True,6.7,False,0.0,2,Yes
CX03286,40,News & Media,Organic Search,Smart TV,28,Annual,Premium,2,True,27.01,711.44,Credit card,True,0,2,5.3,True,19,24.3,7.7,11,36.8,9.5,9,True,2.0,False,0.0,2,Yes
CX03287,37,Fitness,Email Campaign,Mobile,8,Annual,Plus,4,True,23.92,175.91,Credit card,True,0,4,21.8,True,19,8.4,2.7,8,25.6,8.0,7,True,5.0,True,15.6,0,No
CX03288,28,Fintech,App Store,Mobile,4,Month-to-month,Plus,4,False,30.21,117.89,Credit card,True,1,6,23.5,True,23,29.4,11.3,3,61.7,7.7,8,True,3.4,True,23.0,3,No
CX03289,42,Cloud Storage,Influencer,Desktop,22,Annual,Standard,5,False,24.57,490.6,Buy now pay later,False,0,3,1.8,True,21,3.0,1.0,14,33.3,9.3,8,False,1.3,False,0.0,2,No
CX03290,25,Streaming,Influencer,Mobile,2,Month-to-month,Standard,4,False,23.95,44.56,Credit card,True,0,4,10.1,True,14,4.0,0.9,19,51.1,7.4,6,False,16.5,False,0.0,1,No
CX03291,36,Fitness,Referral,Mobile,3,Month-to-month,Basic,2,False,13.84,37.9,Bank transfer,True,0,1,12.3,True,12,3.1,0.6,13,69.9,9.1,7,False,5.6,False,0.0,0,No
CX03292,40,Streaming,Email Campaign,Smart TV,32,Annual,Standard,3,False,15.97,464.71,UPI / Instant transfer,True,0,3,13.0,False,9,6.7,1.0,34,45.8,9.3,10,True,3.0,True,27.3,0,No
CX03293,25,Fintech,Paid Social,Mobile,38,Annual,Standard,4,False,15.63,579.32,UPI / Instant transfer,False,0,1,2.5,True,12,11.1,2.2,5,46.5,7.4,8,False,6.5,False,0.0,0,No
CX03294,36,Cloud Storage,Organic Search,Desktop,27,Two year,Plus,5,False,26.86,667.73,Credit card,True,0,2,17.8,False,12,16.5,3.3,4,27.8,6.7,3,False,0.9,False,0.0,1,No
CX03295,32,Streaming,Paid Social,Mobile,14,Month-to-month,Standard,5,False,17.07,220.66,Credit card,True,0,3,27.6,True,18,25.7,7.7,11,46.0,6.9,7,False,9.3,False,0.0,0,No
CX03296,19,Fitness,Referral,Mobile,24,Month-to-month,Standard,1,False,12.31,279.39,UPI / Instant transfer,True,1,0,5.5,True,24,4.2,1.7,11,43.8,8.3,8,False,0.9,False,0.0,1,No
CX03297,42,Productivity,Referral,Desktop,52,Two year,Standard,3,True,20.48,967.0,Credit card,False,1,4,11.5,True,20,11.3,3.8,8,17.3,7.2,5,False,0.0,False,0.0,2,No
CX03298,48,Streaming,Paid Social,Mobile,22,Two year,Premium,8,False,39.46,770.95,Buy now pay later,True,1,4,9.3,True,19,18.8,6.0,18,49.9,8.9,6,False,5.0,False,0.0,0,No
CX03299,38,Streaming,Organic Search,Mobile,2,Month-to-month,Basic,1,False,6.47,11.57,Digital wallet,True,0,2,16.5,True,15,10.0,2.5,16,28.0,6.7,7,False,8.6,True,7.6,2,No
CX03300,29,Streaming,Email Campaign,Mobile,18,Month-to-month,Standard,5,False,26.41,425.16,Credit card,False,2,7,27.9,True,21,10.0,3.5,13,30.0,7.1,6,True,5.1,True,20.7,1,No
CX03301,36,Fintech,App Store,Mobile,10,Month-to-month,Premium,3,False,25.93,242.02,Debit card,False,1,5,8.5,True,25,7.1,3.0,3,22.3,8.5,4,False,10.5,False,0.0,3,No
CX03302,31,Streaming,Influencer,Mobile,52,Month-to-month,Standard,5,False,19.34,972.0,Digital wallet,False,3,4,1.2,True,16,3.7,1.0,12,40.1,9.4,9,True,8.0,True,10.9,3,Yes
CX03303,46,Cloud Storage,Paid Social,Desktop,30,Month-to-month,Standard,2,False,16.46,466.93,UPI / Instant transfer,False,2,1,14.2,True,16,12.9,3.4,5,59.6,8.6,9,False,0.7,True,15.4,3,No
CX03304,38,Fintech,App Store,Mobile,19,Month-to-month,Standard,3,False,21.33,360.12,UPI / Instant transfer,False,2,3,5.0,True,13,12.6,2.7,12,53.3,8.9,8,False,0.6,True,10.4,2,No
CX03305,37,Gaming,Organic Search,Tablet,10,Month-to-month,Standard,4,False,22.12,211.17,Bank transfer,True,0,3,9.8,True,11,18.2,3.3,11,36.5,8.7,8,False,3.8,False,0.0,0,No
CX03306,41,Gaming,App Store,Tablet,10,Month-to-month,Plus,4,False,33.56,311.65,Credit card,True,0,2,19.4,False,12,8.0,1.6,3,46.9,6.5,3,False,12.5,False,0.0,1,No
CX03307,43,News & Media,Paid Social,Mobile,2,Month-to-month,Plus,5,False,32.04,61.02,Bank transfer,True,0,4,14.9,True,8,7.4,1.0,3,57.3,9.4,8,False,4.2,False,0.0,2,Yes
CX03308,32,Streaming,Organic Search,Desktop,13,Month-to-month,Basic,2,False,9.96,123.87,UPI / Instant transfer,False,1,1,7.3,False,1,9.6,0.2,23,47.8,9.5,8,False,1.6,True,8.6,2,Yes
CX03309,52,Streaming,Referral,Mobile,20,Month-to-month,Premium,3,True,23.86,466.41,Digital wallet,True,0,1,10.1,True,24,14.5,5.8,7,44.6,7.9,7,True,1.5,True,22.5,1,No
CX03310,40,Fitness,Paid Social,Desktop,50,Two year,Basic,3,False,9.6,456.8,Credit card,True,0,2,9.8,True,16,10.6,2.8,3,54.9,5.2,6,False,4.1,False,0.0,0,No
CX03311,44,Streaming,Influencer,Mobile,2,Month-to-month,Premium,4,False,34.64,65.35,Credit card,True,0,0,24.0,True,20,18.9,6.3,4,40.9,7.4,8,False,1.5,False,0.0,2,No
CX03312,23,Productivity,Paid Social,Mobile,11,Month-to-month,Premium,3,False,27.03,296.15,Digital wallet,False,2,5,3.3,True,33,28.5,15.7,8,50.2,8.3,10,True,5.1,True,10.7,1,No
CX03313,25,Streaming,Email Campaign,Desktop,15,Annual,Plus,4,False,30.55,422.68,Digital wallet,True,1,0,10.5,True,22,8.1,3.0,7,38.6,8.4,9,True,2.2,True,5.5,4,No
CX03314,18,Productivity,Organic Search,Desktop,4,Month-to-month,Standard,4,False,22.46,85.89,Credit card,False,0,2,2.8,False,7,8.8,1.0,18,46.0,8.4,7,False,1.6,False,0.0,0,No
CX03315,46,Streaming,Email Campaign,Mobile,52,Month-to-month,Premium,5,False,38.25,1781.45,Debit card,True,0,3,2.6,True,28,17.0,7.9,6,68.3,8.4,7,False,3.1,True,11.6,1,No
CX03316,39,Gaming,Paid Social,Mobile,24,Annual,Basic,1,False,8.91,195.46,Digital wallet,True,0,4,7.2,True,17,10.9,3.1,18,25.8,8.6,8,False,9.1,False,0.0,2,No
CX03317,54,Productivity,Referral,Desktop,48,Two year,Premium,6,False,31.51,1331.27,Digital wallet,True,0,3,24.1,True,22,14.7,5.4,1,23.8,8.5,8,True,6.5,False,0.0,1,No
CX03318,42,Fitness,Email Campaign,Mobile,21,Month-to-month,Premium,4,True,30.69,614.9,Digital wallet,True,1,3,1.7,False,8,26.6,3.5,6,46.5,6.4,6,False,2.5,False,0.0,1,No
CX03319,45,Fitness,Paid Social,Desktop,23,Two year,Standard,6,False,29.84,632.2,Buy now pay later,True,2,1,7.7,True,19,23.0,7.3,15,55.3,10.0,10,False,4.6,False,0.0,4,No
CX03320,34,Gaming,Organic Search,Mobile,7,Month-to-month,Plus,6,False,24.56,162.93,Bank transfer,False,0,3,7.8,True,15,8.1,2.0,11,43.6,7.3,8,False,6.0,False,0.0,0,Yes
CX03321,32,Cloud Storage,Organic Search,Mobile,32,Annual,Basic,1,False,7.99,245.78,UPI / Instant transfer,True,0,0,6.4,True,20,18.4,6.1,2,55.7,9.1,7,False,7.0,True,10.2,0,No
CX03322,29,Streaming,Paid Social,Mobile,52,Annual,Plus,8,False,32.09,1553.18,Digital wallet,True,0,2,22.7,True,24,14.0,5.6,1,41.0,9.7,10,True,8.0,True,15.0,0,No
CX03323,20,News & Media,Organic Search,Desktop,18,Month-to-month,Basic,2,False,7.98,132.52,Digital wallet,False,0,0,1.3,False,6,24.1,2.4,0,27.7,8.4,7,False,2.1,False,0.0,2,Yes
CX03324,36,News & Media,App Store,Mobile,18,Month-to-month,Premium,2,False,29.15,479.15,UPI / Instant transfer,False,1,4,5.9,False,10,11.5,1.9,1,54.9,9.1,9,True,4.2,True,16.7,0,No
CX03325,39,Cloud Storage,Influencer,Mobile,4,Month-to-month,Standard,2,False,14.57,54.58,Credit card,True,0,4,27.7,True,20,18.9,6.3,17,44.6,7.7,5,False,2.0,False,0.0,2,No
CX03326,54,Fitness,Organic Search,Desktop,34,Month-to-month,Standard,1,False,16.41,553.8,UPI / Instant transfer,True,0,2,5.7,False,4,18.5,1.2,12,25.4,7.3,8,False,3.1,False,0.0,2,No
CX03327,56,Streaming,Paid Social,Desktop,7,Month-to-month,Standard,5,False,28.65,183.6,UPI / Instant transfer,True,0,6,35.4,True,17,34.2,9.7,9,50.1,5.3,5,False,8.0,True,20.4,0,No
CX03328,21,Fintech,Organic Search,Mobile,11,Month-to-month,Standard,1,True,11.78,126.8,Credit card,True,1,3,9.4,False,2,5.5,0.2,70,62.1,7.0,7,True,0.9,False,0.0,1,No
CX03329,48,Fintech,Referral,Desktop,2,Month-to-month,Plus,3,True,23.39,45.51,Digital wallet,False,3,4,15.0,False,10,7.5,1.2,3,41.1,6.7,9,False,3.6,False,0.0,0,Yes
CX03330,33,Streaming,App Store,Mobile,9,Month-to-month,Standard,2,True,21.33,179.4,Digital wallet,False,0,0,3.3,True,24,23.3,9.3,8,44.1,10.0,10,True,2.5,True,10.7,3,No
CX03331,40,Cloud Storage,Referral,Desktop,26,Annual,Plus,5,False,24.06,623.72,Digital wallet,True,0,3,9.2,False,9,18.2,2.7,3,34.3,6.9,7,False,2.9,True,19.7,1,No
CX03332,31,Streaming,Organic Search,Mobile,29,Month-to-month,Basic,3,False,14.13,374.7,UPI / Instant transfer,False,1,2,19.3,True,16,14.3,3.8,1,47.2,8.6,10,True,5.6,True,18.8,1,No
CX03333,19,News & Media,App Store,Mobile,4,Month-to-month,Basic,3,False,9.95,37.82,Buy now pay later,True,0,1,14.9,True,16,10.3,2.7,32,61.6,10.0,10,True,0.9,False,0.0,4,No
CX03334,23,Streaming,Paid Social,Desktop,13,Month-to-month,Standard,2,False,11.73,137.59,Credit card,True,0,6,13.6,False,12,12.1,2.4,1,34.8,5.3,3,False,1.7,False,0.0,0,Yes
CX03335,51,Productivity,Organic Search,Mobile,4,Month-to-month,Standard,3,True,25.96,96.8,Bank transfer,False,3,5,11.1,True,17,25.6,7.3,3,21.0,7.4,6,False,3.5,True,28.2,1,Yes
CX03336,47,Streaming,App Store,Desktop,17,Annual,Standard,2,False,15.19,244.03,Credit card,True,0,1,16.1,True,15,13.8,3.4,4,40.5,7.8,7,True,3.9,False,0.0,1,No
CX03337,53,Fitness,Organic Search,Desktop,34,Month-to-month,Basic,3,False,12.96,425.88,Debit card,False,1,3,8.3,False,4,24.2,1.6,3,40.7,9.2,10,True,3.3,True,18.1,1,Yes
CX03338,47,Productivity,Referral,Mobile,4,Month-to-month,Plus,5,True,24.91,96.48,Credit card,False,0,2,1.6,True,22,4.2,1.5,10,53.0,8.6,9,True,3.4,False,0.0,1,Yes
CX03339,21,Fintech,App Store,Mobile,43,Annual,Premium,2,True,25.54,1089.35,Credit card,True,0,1,4.0,True,22,16.9,6.2,3,4.3,8.0,8,False,1.2,False,0.0,3,No
CX03340,26,Gaming,App Store,Mobile,4,Annual,Basic,2,False,8.67,33.6,Credit card,False,0,2,0.5,True,11,15.1,2.8,13,60.8,8.1,8,True,11.4,True,21.6,0,Yes
CX03341,23,News & Media,Paid Social,Mobile,6,Month-to-month,Basic,2,False,8.9,49.91,UPI / Instant transfer,False,1,1,8.5,True,16,17.2,4.6,24,48.8,9.5,9,False,16.7,False,0.0,1,No
CX03342,33,Fitness,Organic Search,Mobile,59,Month-to-month,Standard,2,False,19.08,1035.04,Debit card,True,0,1,20.4,True,29,17.6,8.5,1,53.3,8.5,9,False,4.5,True,8.9,2,No
CX03343,18,Streaming,Influencer,Desktop,27,Month-to-month,Standard,3,False,27.35,676.05,UPI / Instant transfer,True,1,3,12.3,True,18,35.6,10.7,17,57.2,10.0,10,True,7.7,False,0.0,3,No
CX03344,36,Streaming,Referral,Desktop,8,Month-to-month,Plus,1,False,16.68,119.44,Digital wallet,False,1,3,20.4,True,18,4.0,1.2,10,35.8,6.5,5,False,4.4,False,0.0,0,Yes
CX03345,30,Gaming,Influencer,Mobile,42,Annual,Plus,3,False,23.74,879.67,Credit card,True,0,5,6.2,True,15,16.8,4.2,4,38.5,8.8,10,True,9.9,True,3.0,3,No
CX03346,50,News & Media,Paid Social,Mobile,15,Annual,Standard,3,True,24.08,355.13,Bank transfer,True,0,1,8.2,True,16,10.1,2.7,3,52.5,9.2,10,False,2.7,False,0.0,0,No
CX03347,20,Gaming,Organic Search,Desktop,12,Month-to-month,Plus,4,False,37.53,434.55,Credit card,False,1,5,46.2,True,21,15.3,5.4,11,29.7,6.6,6,True,3.1,False,0.0,0,No
CX03348,52,News & Media,Referral,Mobile,7,Annual,Plus,3,True,21.08,136.06,UPI / Instant transfer,False,0,2,7.1,True,16,2.7,0.7,8,42.5,7.8,6,False,4.5,False,0.0,1,No
CX03349,31,Streaming,Paid Social,Desktop,42,Two year,Plus,3,False,27.13,1026.62,Buy now pay later,True,0,6,4.1,True,20,19.0,6.3,5,54.6,8.5,8,True,3.3,False,0.0,1,No
CX03350,33,Streaming,Organic Search,Mobile,16,Month-to-month,Premium,8,False,38.59,583.79,Credit card,True,0,2,3.6,True,24,9.3,3.7,7,59.6,9.6,8,True,4.4,True,25.7,4,No
CX03351,30,Fitness,Paid Social,Mobile,46,Annual,Basic,2,True,10.92,489.9,Digital wallet,True,0,1,14.8,True,18,2.9,0.9,10,48.8,8.6,7,False,2.3,False,0.0,3,No
CX03352,39,News & Media,Paid Social,Desktop,8,Month-to-month,Basic,2,False,10.9,82.29,Buy now pay later,True,1,5,14.3,False,8,23.6,3.1,4,28.4,7.6,8,True,2.4,True,12.3,0,No
CX03353,38,Fintech,Influencer,Mobile,3,Month-to-month,Plus,2,True,22.27,64.09,Digital wallet,False,3,0,27.3,True,21,10.7,3.7,10,52.2,9.7,10,False,2.0,False,0.0,3,No
CX03354,62,Cloud Storage,Organic Search,Mobile,6,Annual,Basic,2,False,12.43,67.22,Bank transfer,False,2,2,3.2,True,17,6.3,1.8,6,45.0,8.6,7,False,12.2,False,0.0,0,Yes
CX03355,18,Cloud Storage,App Store,Smart TV,13,Annual,Plus,3,False,22.44,274.14,Buy now pay later,False,2,5,10.2,False,8,7.0,0.9,4,46.1,7.2,6,False,7.5,False,0.0,2,No
CX03356,32,Productivity,App Store,Desktop,18,Annual,Premium,5,False,33.61,540.68,Credit card,True,0,4,3.5,True,21,28.2,9.9,7,20.9,7.8,9,False,2.1,False,0.0,3,No
CX03357,38,Productivity,Referral,Desktop,40,Two year,Basic,1,False,11.59,442.51,Digital wallet,True,0,1,1.6,True,9,12.7,1.9,11,31.7,9.8,9,False,3.5,False,0.0,1,No
CX03358,43,Gaming,Referral,Mobile,12,Month-to-month,Standard,2,False,15.4,177.93,Credit card,True,0,2,3.0,True,20,4.6,1.5,5,33.8,6.5,4,True,2.0,True,10.5,0,No
CX03359,41,Fitness,Email Campaign,Tablet,21,Month-to-month,Plus,2,False,24.58,486.65,Credit card,True,0,3,4.7,False,2,6.9,0.2,46,52.4,8.5,9,True,2.9,True,20.2,3,No
CX03360,32,Streaming,App Store,Smart TV,56,Annual,Standard,4,False,23.31,1279.15,Credit card,True,0,5,28.4,True,18,7.9,2.4,12,32.7,7.8,9,False,12.5,True,19.1,2,No
CX03361,43,Productivity,Influencer,Desktop,5,Month-to-month,Standard,2,True,14.59,69.37,Digital wallet,True,0,0,25.2,True,25,11.1,4.6,8,45.9,6.9,7,False,3.9,False,0.0,1,No
CX03362,52,Productivity,App Store,Mobile,41,Month-to-month,Basic,1,False,9.76,383.27,Credit card,True,0,0,4.8,True,15,7.6,1.9,12,60.1,10.0,10,False,0.7,False,0.0,1,No
CX03363,30,Fitness,App Store,Mobile,10,Annual,Basic,1,False,8.25,74.65,Debit card,True,0,2,3.1,True,15,12.0,3.0,2,30.0,9.0,6,False,2.8,False,0.0,1,No
CX03364,42,Streaming,Paid Social,Desktop,43,Two year,Standard,3,True,23.58,1003.9,Credit card,True,0,3,13.0,False,7,10.9,1.3,10,53.4,7.3,5,True,8.8,False,0.0,0,No
CX03365,27,Productivity,Paid Social,Mobile,28,Month-to-month,Standard,3,True,21.25,569.5,UPI / Instant transfer,False,0,6,11.0,True,19,3.1,1.0,3,51.6,7.9,7,False,7.7,False,0.0,2,No
CX03366,44,Cloud Storage,Organic Search,Mobile,4,Month-to-month,Standard,1,False,10.98,43.71,UPI / Instant transfer,True,0,3,4.7,True,19,15.9,5.0,17,31.2,8.4,9,False,0.5,False,0.0,1,No
CX03367,23,Gaming,Paid Social,Smart TV,19,Month-to-month,Basic,3,True,14.53,272.01,Digital wallet,False,1,4,18.4,False,6,59.4,5.9,33,41.9,5.4,7,False,2.4,False,0.0,0,Yes
CX03368,48,Fitness,Paid Social,Mobile,23,Two year,Basic,1,False,11.61,237.8,Digital wallet,True,0,3,9.6,True,20,8.5,2.8,5,52.4,8.5,10,False,1.2,False,0.0,2,No
CX03369,18,Streaming,Organic Search,Mobile,52,Two year,Standard,4,False,21.43,1050.13,Credit card,True,0,0,23.8,True,18,31.4,9.4,18,66.9,6.5,7,True,13.9,True,16.4,1,No
CX03370,25,Fitness,Organic Search,Mobile,38,Annual,Plus,2,False,18.02,636.22,UPI / Instant transfer,False,2,1,11.1,True,24,36.4,14.6,13,66.6,8.0,9,False,8.2,False,0.0,1,No
CX03371,57,News & Media,Organic Search,Mobile,40,Month-to-month,Plus,4,False,30.36,1153.43,Digital wallet,False,1,3,18.1,True,24,6.3,2.5,4,48.1,9.6,10,True,9.2,False,0.0,1,Yes
CX03372,36,Cloud Storage,App Store,Mobile,3,Month-to-month,Premium,4,False,30.58,85.01,Digital wallet,False,0,4,9.8,True,24,2.2,0.9,7,37.7,8.8,10,True,1.6,False,0.0,3,No
CX03373,32,Productivity,Influencer,Desktop,17,Month-to-month,Standard,1,False,11.3,173.73,Digital wallet,False,1,4,2.1,True,17,8.0,2.3,4,32.1,9.2,9,True,6.1,True,25.3,3,No
CX03374,53,Cloud Storage,App Store,Mobile,18,Month-to-month,Basic,3,True,11.74,202.85,Buy now pay later,True,1,3,4.9,True,12,19.8,4.0,12,26.8,8.1,6,False,0.9,False,0.0,1,No
CX03375,55,Gaming,Referral,Mobile,30,Two year,Premium,5,False,31.84,878.27,UPI / Instant transfer,True,0,1,3.4,False,10,7.6,1.3,7,56.8,9.0,8,True,1.0,False,0.0,4,Yes
CX03376,39,Cloud Storage,App Store,Mobile,7,Month-to-month,Plus,7,False,35.18,228.67,Digital wallet,True,0,2,10.5,True,29,11.5,5.6,4,52.8,9.0,8,False,4.3,False,0.0,4,No
CX03377,27,Fitness,Referral,Mobile,4,Month-to-month,Standard,3,True,20.83,73.89,Debit card,False,1,1,11.3,True,12,35.1,7.0,7,26.9,7.8,7,True,2.2,True,25.8,1,No
CX03378,33,Cloud Storage,Organic Search,Smart TV,30,Month-to-month,Basic,3,False,14.17,402.0,UPI / Instant transfer,True,1,3,3.0,True,9,1.0,0.2,5,59.3,8.6,6,True,8.6,False,0.0,0,Yes
CX03379,21,Gaming,Paid Social,Mobile,31,Annual,Standard,4,False,25.59,763.93,Credit card,True,0,4,16.4,True,17,30.3,8.6,9,38.6,7.1,6,False,3.0,False,0.0,0,No
CX03380,38,Streaming,Paid Social,Tablet,16,Month-to-month,Plus,5,False,29.56,437.36,Debit card,True,1,3,3.8,True,25,7.4,3.1,10,37.0,7.3,7,False,1.2,False,0.0,1,No
CX03381,37,Fintech,Organic Search,Smart TV,18,Month-to-month,Basic,4,False,16.28,269.95,Credit card,True,0,4,1.6,True,17,12.4,3.5,2,54.6,8.1,7,True,1.6,False,0.0,0,Yes
CX03382,45,Cloud Storage,App Store,Mobile,13,Month-to-month,Basic,1,False,9.35,116.97,UPI / Instant transfer,True,1,3,5.3,True,22,26.2,9.6,5,50.6,9.5,9,False,4.2,True,14.2,3,No
CX03383,44,News & Media,Organic Search,Desktop,1,Month-to-month,Plus,2,False,20.48,18.29,Credit card,False,2,1,25.1,True,20,12.9,4.3,4,23.4,7.8,7,True,2.1,False,0.0,0,No
CX03384,42,Productivity,App Store,Mobile,28,Month-to-month,Standard,3,False,25.09,638.63,Credit card,True,2,2,5.3,True,14,13.2,3.1,1,54.8,8.4,8,False,3.8,True,14.2,1,No
CX03385,46,Fintech,Referral,Desktop,5,Month-to-month,Plus,4,False,27.69,137.44,UPI / Instant transfer,True,0,2,8.3,False,7,10.6,1.2,4,68.4,5.9,5,False,3.8,False,0.0,0,No
CX03386,44,Productivity,Organic Search,Mobile,24,Two year,Plus,5,False,32.27,738.46,UPI / Instant transfer,True,0,2,4.5,True,25,11.7,4.9,7,54.5,7.4,8,False,7.3,False,0.0,3,No
CX03387,46,Fintech,Organic Search,Smart TV,37,Two year,Plus,6,False,26.87,879.97,Buy now pay later,True,0,5,4.7,True,20,16.1,5.4,11,59.1,9.2,8,False,3.4,True,20.8,4,No
CX03388,21,Fintech,Paid Social,Mobile,62,Month-to-month,Basic,2,False,10.02,605.12,Buy now pay later,False,2,3,2.3,True,12,23.9,4.8,5,21.9,7.6,6,False,11.3,False,0.0,3,Yes
CX03389,48,Fitness,App Store,Mobile,47,Annual,Standard,3,False,16.07,674.22,UPI / Instant transfer,True,0,5,1.4,True,21,8.1,2.8,6,50.3,8.4,9,False,7.2,False,0.0,0,No
CX03390,18,Productivity,Paid Social,Smart TV,8,Month-to-month,Plus,7,False,37.36,285.46,UPI / Instant transfer,True,0,5,2.9,True,15,3.9,1.0,3,45.5,8.9,10,False,3.2,True,15.6,2,No
CX03391,47,Fitness,Email Campaign,Mobile,12,Month-to-month,Basic,1,False,9.15,107.82,Digital wallet,True,0,1,9.3,True,16,11.8,3.1,5,38.1,9.3,9,True,5.4,False,0.0,2,Yes
CX03392,63,Fintech,Email Campaign,Mobile,1,Month-to-month,Standard,4,False,19.84,17.64,UPI / Instant transfer,False,4,1,28.7,True,12,12.9,2.6,3,39.5,8.8,8,False,15.1,False,0.0,2,Yes
CX03393,37,Productivity,Influencer,Desktop,6,Month-to-month,Basic,1,False,8.96,51.99,Credit card,False,1,1,5.5,False,7,18.9,2.2,4,45.9,10.0,10,False,3.4,True,13.9,1,No
CX03394,48,Fitness,Referral,Mobile,24,Month-to-month,Plus,5,False,23.25,545.39,Debit card,True,0,1,11.4,True,20,9.8,3.3,2,39.1,9.9,10,False,3.7,True,14.0,1,No
CX03395,33,Fitness,Paid Social,Mobile,32,Annual,Standard,4,False,25.0,794.77,UPI / Instant transfer,True,0,2,4.5,True,19,29.8,9.4,3,41.8,9.0,9,True,2.5,False,0.0,2,No
CX03396,42,News & Media,Organic Search,Mobile,8,Annual,Plus,4,False,32.88,247.97,Debit card,True,1,1,18.8,True,22,3.3,1.2,3,36.5,8.2,7,False,2.8,False,0.0,2,No
CX03397,41,Streaming,Influencer,Mobile,19,Two year,Standard,2,False,13.49,245.98,UPI / Instant transfer,True,0,2,7.1,True,16,7.1,1.9,7,39.9,8.7,9,True,4.5,False,0.0,0,No
CX03398,27,News & Media,Referral,Mobile,34,Two year,Standard,2,False,20.26,653.61,Buy now pay later,False,0,3,12.6,True,17,8.2,2.3,20,48.2,8.8,7,False,4.4,False,0.0,2,No
CX03399,18,Cloud Storage,Referral,Desktop,13,Month-to-month,Basic,3,False,14.38,169.4,Debit card,True,1,1,9.7,True,20,17.8,5.9,13,33.2,9.0,10,False,1.7,False,0.0,0,No
CX03400,50,Fintech,Organic Search,Mobile,26,Annual,Basic,2,True,12.91,311.84,Credit card,False,0,4,8.6,True,12,25.3,5.1,9,41.5,7.3,8,False,0.2,False,0.0,1,No
CX03401,45,Cloud Storage,Organic Search,Mobile,59,Annual,Plus,5,False,23.73,1350.79,Debit card,False,1,1,15.1,True,19,5.3,1.7,22,42.4,8.1,10,True,5.3,False,0.0,1,No
CX03402,30,Productivity,App Store,Mobile,2,Month-to-month,Standard,4,False,23.21,43.8,Credit card,True,0,2,4.6,True,20,14.2,4.7,1,64.4,10.0,10,False,9.6,False,0.0,0,No
CX03403,59,Productivity,Referral,Mobile,1,Month-to-month,Plus,3,False,26.47,26.04,Credit card,True,0,3,15.8,True,23,17.9,6.9,8,53.3,9.7,10,True,3.5,False,0.0,4,No
CX03404,32,News & Media,Paid Social,Desktop,22,Month-to-month,Plus,5,False,27.58,543.1,Digital wallet,True,1,5,1.6,True,13,14.0,3.0,0,67.7,9.6,9,False,8.8,False,0.0,3,No
CX03405,18,Fitness,Organic Search,Mobile,1,Month-to-month,Premium,3,False,31.24,27.62,UPI / Instant transfer,False,3,4,9.2,True,30,9.4,4.7,1,35.0,7.4,9,True,8.5,True,14.1,0,No
CX03406,50,Streaming,Organic Search,Mobile,49,Annual,Basic,4,False,16.19,780.8,Debit card,True,0,4,12.5,True,15,17.5,4.4,10,58.1,9.6,10,False,1.6,False,0.0,2,No
CX03407,35,Productivity,App Store,Mobile,20,Annual,Standard,4,True,23.18,427.4,Digital wallet,True,1,0,1.8,True,19,14.2,4.5,8,17.6,10.0,10,False,6.2,True,23.3,2,No
CX03408,29,Streaming,Organic Search,Desktop,25,Month-to-month,Standard,3,False,18.54,433.16,Buy now pay later,False,2,4,12.6,True,15,12.4,3.1,7,24.1,9.4,10,False,0.8,False,0.0,0,No
CX03409,23,Fintech,App Store,Mobile,26,Annual,Premium,8,True,49.39,1213.27,Buy now pay later,True,2,3,12.7,True,17,36.1,10.2,7,51.9,7.5,5,False,2.9,False,0.0,1,No
CX03410,34,Fitness,Organic Search,Mobile,34,Month-to-month,Standard,4,False,24.0,810.59,UPI / Instant transfer,True,0,4,6.3,True,17,19.3,5.5,4,66.5,7.5,10,True,0.3,True,14.0,0,No
CX03411,37,Gaming,Referral,Mobile,26,Month-to-month,Standard,3,False,16.63,425.61,Debit card,False,0,3,17.5,True,15,24.1,6.0,4,42.5,8.0,9,False,2.0,True,8.6,3,No
CX03412,30,Fintech,Referral,Mobile,10,Month-to-month,Standard,3,True,23.02,221.3,UPI / Instant transfer,False,2,0,19.1,True,22,5.9,2.2,14,36.6,9.3,10,True,2.0,False,0.0,0,Yes
CX03413,22,News & Media,Paid Social,Mobile,29,Month-to-month,Basic,1,False,7.28,197.45,UPI / Instant transfer,False,2,2,13.6,True,14,14.7,3.4,7,56.1,7.4,6,False,14.7,True,19.5,2,Yes
CX03414,52,Productivity,Paid Social,Mobile,25,Annual,Basic,3,False,13.04,317.72,Credit card,True,1,1,8.3,True,15,16.4,4.1,10,22.7,9.9,9,False,2.4,False,0.0,0,No
CX03415,18,News & Media,Paid Social,Mobile,14,Two year,Standard,8,True,31.65,411.16,Digital wallet,True,2,6,23.2,True,15,16.8,4.2,1,58.1,6.4,6,False,2.2,False,0.0,0,No
CX03416,42,Fintech,Email Campaign,Mobile,1,Month-to-month,Standard,3,False,24.44,22.79,Digital wallet,False,1,1,8.6,True,15,10.4,2.6,1,49.2,7.5,6,False,8.0,False,0.0,1,Yes
CX03417,44,Fintech,Organic Search,Mobile,17,Month-to-month,Premium,3,False,34.72,528.51,UPI / Instant transfer,True,0,5,9.9,True,21,16.5,5.8,9,50.7,9.1,10,True,3.6,True,8.0,2,No
CX03418,36,Cloud Storage,Paid Social,Mobile,12,Month-to-month,Plus,4,False,28.66,324.51,UPI / Instant transfer,False,3,1,3.5,True,11,41.2,7.6,6,30.8,10.0,10,False,4.5,False,0.0,2,No
CX03419,19,Fitness,Referral,Desktop,67,Month-to-month,Basic,2,True,12.17,791.37,Digital wallet,True,0,2,7.5,True,21,28.2,9.9,4,67.5,10.0,8,False,0.7,False,0.0,3,No
CX03420,32,Streaming,Influencer,Desktop,14,Annual,Standard,4,True,25.85,355.1,Credit card,True,1,5,9.4,False,3,8.8,0.4,35,57.0,8.5,7,True,0.6,True,9.8,2,No
CX03421,49,Fintech,Organic Search,Smart TV,25,Month-to-month,Premium,2,False,18.37,420.97,Credit card,True,1,2,7.7,True,24,5.5,2.2,3,55.5,8.2,5,False,6.1,False,0.0,4,No
CX03422,34,Streaming,Organic Search,Desktop,34,Two year,Plus,4,True,29.97,922.93,Debit card,True,0,2,1.2,False,17,2.6,0.7,7,55.2,7.4,8,False,0.4,True,14.7,3,No
CX03423,33,Cloud Storage,Paid Social,Desktop,27,Annual,Standard,3,False,12.41,316.95,UPI / Instant transfer,False,0,1,35.9,False,5,17.4,1.4,16,60.5,6.4,5,True,3.8,False,0.0,1,Yes
CX03424,45,Gaming,App Store,Tablet,33,Two year,Plus,5,False,28.68,867.59,Bank transfer,True,0,4,5.1,True,12,11.4,2.3,6,64.6,10.0,10,False,5.3,False,0.0,3,No
CX03425,32,Streaming,Paid Social,Mobile,62,Two year,Premium,5,False,50.34,2842.69,UPI / Instant transfer,True,0,3,14.6,True,18,13.0,3.9,11,38.3,6.8,8,False,3.3,False,0.0,1,No
CX03426,31,Fintech,Organic Search,Mobile,30,Annual,Standard,3,False,26.58,749.11,Debit card,True,0,4,20.8,True,17,7.9,2.2,6,59.2,9.0,8,False,0.9,True,13.7,1,No
CX03427,18,Streaming,Organic Search,Mobile,14,Month-to-month,Standard,4,False,24.84,328.9,Credit card,False,1,5,3.4,True,16,8.6,2.3,17,52.0,8.6,10,True,1.8,True,20.3,2,No
CX03428,37,Fintech,Organic Search,Mobile,3,Annual,Basic,2,True,11.52,32.0,Credit card,False,1,2,7.4,True,19,18.3,5.8,6,30.8,7.5,7,False,2.3,False,0.0,0,No
CX03429,34,Gaming,Organic Search,Desktop,1,Month-to-month,Plus,2,False,22.4,20.26,Debit card,True,1,3,8.8,True,16,18.7,5.0,4,24.2,10.0,10,False,6.8,False,0.0,2,No
CX03430,28,Fintech,App Store,Mobile,7,Month-to-month,Standard,5,False,17.98,125.32,Buy now pay later,True,0,2,15.3,True,15,10.9,2.7,8,52.0,9.9,10,False,10.4,False,0.0,2,No
CX03431,30,Productivity,Referral,Mobile,50,Month-to-month,Basic,3,True,13.13,615.23,Bank transfer,True,0,3,15.5,True,14,12.9,3.0,4,21.7,9.2,6,False,9.7,False,0.0,2,No
CX03432,18,Fintech,Paid Social,Smart TV,9,Month-to-month,Basic,3,False,14.15,113.23,UPI / Instant transfer,False,0,3,4.8,False,2,16.5,0.6,11,54.3,7.3,7,True,1.8,False,0.0,1,Yes
CX03433,31,News & Media,Referral,Mobile,12,Month-to-month,Premium,6,False,28.11,336.76,Bank transfer,False,0,3,14.6,False,14,3.0,0.7,6,64.3,9.9,10,True,11.4,False,0.0,0,Yes
CX03434,36,Cloud Storage,Referral,Mobile,8,Month-to-month,Plus,6,True,33.55,241.25,Buy now pay later,True,0,3,2.5,True,17,2.2,0.6,2,45.2,7.8,7,False,3.5,False,0.0,1,No
CX03435,18,News & Media,Paid Social,Mobile,36,Two year,Plus,3,False,19.16,638.53,Digital wallet,False,3,1,23.2,True,21,11.5,4.0,13,47.2,8.2,10,False,3.5,False,0.0,1,No
CX03436,42,Fintech,Organic Search,Mobile,9,Month-to-month,Standard,3,True,26.78,239.78,UPI / Instant transfer,False,0,0,9.5,True,18,3.0,0.9,5,53.7,7.1,5,False,5.9,False,0.0,1,Yes
CX03437,73,News & Media,Organic Search,Mobile,21,Month-to-month,Basic,2,False,12.98,241.25,Bank transfer,True,0,3,16.8,True,22,5.7,2.1,12,45.1,7.8,8,False,4.8,True,22.8,0,No
CX03438,63,Fitness,Paid Social,Desktop,14,Month-to-month,Standard,3,False,16.97,225.2,UPI / Instant transfer,True,0,2,1.7,False,6,4.5,0.4,9,26.4,9.1,10,True,1.2,True,6.1,3,No
CX03439,37,Cloud Storage,App Store,Mobile,35,Annual,Basic,1,False,8.93,291.0,Credit card,True,0,4,8.8,True,18,19.2,5.8,11,54.4,10.0,9,True,11.2,True,7.6,1,No
CX03440,23,Fintech,Organic Search,Desktop,19,Two year,Basic,3,False,14.58,270.34,UPI / Instant transfer,True,1,3,14.8,False,5,8.7,0.7,3,62.4,8.0,9,False,1.1,False,0.0,0,No
CX03441,50,Cloud Storage,Paid Social,Mobile,4,Month-to-month,Plus,3,True,22.2,78.35,Digital wallet,False,1,2,9.7,True,19,11.3,3.6,9,68.3,7.3,10,False,0.9,False,0.0,0,Yes
CX03442,25,Productivity,App Store,Mobile,1,Month-to-month,Standard,4,False,20.56,19.39,UPI / Instant transfer,False,2,3,12.5,False,6,20.7,2.1,18,59.9,7.2,8,False,4.2,False,0.0,3,Yes
CX03443,28,Streaming,Influencer,Mobile,6,Month-to-month,Basic,3,False,11.06,59.49,Digital wallet,False,1,2,8.5,True,15,27.2,6.8,10,23.6,8.4,10,True,4.0,True,13.4,1,No
CX03444,27,Streaming,Influencer,Desktop,28,Two year,Basic,2,False,10.94,290.29,Bank transfer,True,1,2,22.8,False,7,10.7,1.2,7,52.3,7.7,8,False,3.4,True,3.0,0,No
CX03445,18,Productivity,App Store,Tablet,29,Month-to-month,Basic,1,False,6.89,178.16,Credit card,False,1,1,9.7,False,5,12.1,1.0,5,39.9,9.3,10,False,1.9,False,0.0,0,No
CX03446,44,Fintech,Paid Social,Mobile,17,Month-to-month,Plus,3,False,17.07,279.33,Credit card,True,0,1,21.2,True,19,6.4,2.0,9,52.3,7.9,6,True,1.0,False,0.0,1,No
CX03447,26,News & Media,Organic Search,Mobile,23,Month-to-month,Standard,3,False,25.2,573.28,UPI / Instant transfer,True,0,2,6.4,True,15,11.7,2.9,7,36.1,6.6,6,False,6.0,False,0.0,1,No
CX03448,45,Streaming,Paid Social,Mobile,26,Annual,Standard,6,False,33.96,863.28,Debit card,True,1,4,11.0,True,15,9.9,2.5,4,33.9,8.1,8,False,17.5,False,0.0,0,No
CX03449,55,News & Media,Organic Search,Desktop,25,Month-to-month,Standard,2,True,20.34,467.95,Debit card,True,0,3,14.7,True,27,7.5,3.4,1,35.0,6.9,6,True,4.9,False,0.0,0,No
CX03450,18,Streaming,Paid Social,Desktop,49,Annual,Basic,1,True,8.23,393.3,Credit card,True,0,1,10.4,True,19,34.0,10.8,6,31.4,8.4,10,True,1.2,False,0.0,0,No
CX03451,37,Fintech,Paid Social,Mobile,24,Annual,Standard,3,False,17.62,404.75,Bank transfer,True,0,3,5.9,True,19,31.8,10.1,10,50.4,9.9,10,False,5.8,False,0.0,3,No
CX03452,36,Productivity,Paid Social,Mobile,13,Annual,Plus,4,False,22.57,284.77,Buy now pay later,True,0,4,5.1,True,21,18.3,6.4,11,35.7,9.6,10,False,6.1,False,0.0,0,No
CX03453,41,Productivity,Paid Social,Mobile,11,Month-to-month,Basic,2,False,10.17,105.0,Debit card,True,0,2,14.2,True,11,6.2,1.1,2,64.0,7.7,9,True,2.5,False,0.0,0,Yes
CX03454,42,Gaming,App Store,Mobile,9,Annual,Basic,1,False,9.82,87.67,UPI / Instant transfer,False,2,1,19.5,True,14,10.6,2.5,15,34.4,6.8,8,False,1.7,False,0.0,1,No
CX03455,28,Cloud Storage,App Store,Mobile,25,Two year,Basic,1,False,8.55,191.76,Debit card,True,0,2,3.3,True,13,1.0,0.2,3,30.3,8.1,8,False,1.6,False,0.0,1,No
CX03456,50,Fintech,App Store,Mobile,27,Annual,Standard,3,False,22.34,568.63,Credit card,True,0,1,8.2,True,16,3.2,0.9,9,31.7,7.8,7,True,3.3,False,0.0,1,No
CX03457,50,Cloud Storage,Paid Social,Mobile,28,Month-to-month,Standard,2,True,17.1,424.09,UPI / Instant transfer,False,2,1,4.9,True,14,13.9,3.2,12,57.6,6.4,4,False,7.4,False,0.0,0,No
CX03458,47,Streaming,Organic Search,Mobile,11,Month-to-month,Standard,2,False,12.63,138.58,Debit card,True,0,0,29.5,True,13,28.0,6.1,6,63.8,8.4,9,False,4.9,True,4.8,0,No
CX03459,21,Gaming,Organic Search,Tablet,15,Month-to-month,Plus,1,False,23.23,319.07,Bank transfer,False,2,2,9.3,True,22,18.2,6.7,7,38.3,8.9,9,True,8.5,False,0.0,3,Yes
CX03460,18,Fintech,Paid Social,Mobile,1,Month-to-month,Standard,1,False,18.32,17.61,Credit card,False,1,2,2.1,True,23,32.4,12.4,1,73.8,10.0,10,True,4.5,True,9.3,2,No
CX03461,44,Fitness,App Store,Mobile,31,Month-to-month,Standard,3,True,23.26,666.68,UPI / Instant transfer,False,0,1,16.8,True,17,5.3,1.5,26,51.1,8.3,7,False,4.7,False,0.0,3,No
CX03462,43,Gaming,Paid Social,Mobile,15,Month-to-month,Plus,3,False,27.01,404.69,Credit card,True,0,0,2.4,True,19,5.0,1.6,3,40.6,8.6,7,False,2.6,False,0.0,1,No
CX03463,49,Productivity,Organic Search,Desktop,1,Month-to-month,Standard,2,False,16.54,15.43,UPI / Instant transfer,True,1,2,4.0,True,10,9.5,1.6,2,59.1,10.0,9,False,24.2,False,0.0,3,Yes
CX03464,57,News & Media,Referral,Tablet,40,Annual,Basic,1,False,7.2,282.11,UPI / Instant transfer,False,0,1,34.7,True,17,24.0,6.8,2,49.4,8.9,10,False,3.8,False,0.0,1,No
CX03465,39,Productivity,App Store,Mobile,25,Month-to-month,Basic,3,True,11.05,246.86,Credit card,True,1,1,19.3,True,12,22.3,4.5,15,48.9,8.6,8,False,5.4,False,0.0,1,No
CX03466,34,Streaming,Email Campaign,Desktop,18,Month-to-month,Basic,3,False,10.27,168.62,Credit card,True,0,1,0.6,True,16,9.0,2.4,13,70.9,9.1,10,True,3.2,False,0.0,1,No
CX03467,39,Fintech,App Store,Mobile,32,Month-to-month,Basic,2,False,8.78,264.87,Debit card,True,0,4,15.9,True,14,8.2,1.9,2,61.6,10.0,10,False,2.9,False,0.0,0,No
CX03468,64,Fintech,App Store,Mobile,31,Annual,Plus,6,False,27.98,812.03,Debit card,True,1,4,13.5,True,30,24.1,12.0,4,50.6,7.9,9,True,2.7,False,0.0,0,No
CX03469,36,Streaming,Paid Social,Mobile,37,Month-to-month,Basic,2,False,11.68,411.92,Digital wallet,False,3,4,7.2,True,15,28.6,7.2,11,69.0,10.0,8,True,5.8,True,12.4,1,Yes
CX03470,56,News & Media,Paid Social,Tablet,6,Month-to-month,Standard,3,False,22.76,132.39,Credit card,True,0,3,4.6,True,13,29.8,6.5,3,62.5,8.7,8,False,10.7,False,0.0,2,No
CX03471,59,Fintech,App Store,Smart TV,24,Annual,Standard,4,False,26.43,599.1,UPI / Instant transfer,True,1,4,7.7,True,21,6.4,2.2,5,56.3,9.9,10,False,2.8,False,0.0,0,No
CX03472,26,Gaming,Referral,Mobile,4,Annual,Standard,3,True,20.53,76.96,Buy now pay later,True,0,4,6.1,True,20,14.7,4.9,6,32.9,9.1,10,True,1.9,False,0.0,2,No
CX03473,43,News & Media,Referral,Mobile,12,Month-to-month,Standard,3,False,19.82,223.54,UPI / Instant transfer,True,0,1,18.7,True,22,22.8,8.4,4,63.5,9.0,8,False,4.1,False,0.0,3,No
CX03474,35,Fintech,Paid Social,Desktop,2,Month-to-month,Standard,2,False,18.0,31.73,Digital wallet,False,2,1,5.5,False,6,10.9,1.1,7,60.6,7.8,9,False,5.2,False,0.0,1,No
CX03475,23,Streaming,Influencer,Mobile,39,Two year,Basic,2,False,13.33,487.31,Credit card,True,0,1,13.9,True,16,1.9,0.5,5,44.5,9.3,8,True,7.3,True,17.8,1,No
CX03476,54,Gaming,Influencer,Mobile,41,Month-to-month,Premium,3,True,22.4,833.17,Debit card,True,0,1,10.7,True,29,53.0,25.6,2,56.3,9.9,10,True,9.7,True,15.4,3,No
CX03477,39,Streaming,Paid Social,Mobile,45,Annual,Standard,4,False,17.22,692.78,Credit card,True,0,2,10.1,True,16,14.3,3.8,5,70.5,9.5,10,False,1.3,True,7.9,2,No
CX03478,45,Fintech,Organic Search,Tablet,10,Month-to-month,Basic,2,False,13.09,124.3,UPI / Instant transfer,True,0,0,16.9,True,17,6.6,1.9,10,44.7,7.9,7,False,1.0,False,0.0,4,Yes
CX03479,20,Streaming,Organic Search,Mobile,20,Annual,Standard,2,False,17.22,340.82,Buy now pay later,False,0,2,11.8,True,18,10.2,3.1,7,42.3,7.5,9,False,5.3,True,3.9,1,Yes
CX03480,32,Gaming,App Store,Mobile,18,Month-to-month,Plus,1,False,26.98,433.11,Credit card,True,0,0,3.3,True,14,9.7,2.3,4,67.9,8.3,7,True,11.2,True,11.9,4,No
CX03481,46,Cloud Storage,Organic Search,Tablet,20,Month-to-month,Premium,6,False,31.73,574.18,UPI / Instant transfer,True,0,1,15.7,False,20,17.8,5.9,2,46.3,8.7,7,True,2.7,False,0.0,1,No
CX03482,51,Fintech,Influencer,Desktop,22,Month-to-month,Standard,5,False,26.89,585.05,UPI / Instant transfer,True,0,0,3.9,True,13,36.6,7.9,13,42.4,7.4,6,False,12.5,True,16.9,1,Yes
CX03483,47,Streaming,App Store,Desktop,31,Annual,Premium,6,False,33.75,1020.53,Credit card,True,1,2,1.7,True,18,7.0,2.1,8,39.7,9.2,8,True,2.4,False,0.0,1,No
CX03484,51,Streaming,Referral,Mobile,43,Two year,Plus,3,False,27.05,1102.47,Bank transfer,True,2,0,24.7,True,28,21.5,10.0,4,53.8,9.9,10,True,1.5,True,30.3,1,No
CX03485,49,Streaming,Organic Search,Desktop,8,Month-to-month,Standard,1,False,16.15,126.01,Bank transfer,True,1,1,6.9,False,3,5.8,0.3,12,36.1,7.2,9,False,0.4,False,0.0,0,No
CX03486,42,Streaming,Organic Search,Mobile,4,Month-to-month,Standard,2,False,15.27,56.6,Credit card,True,0,1,12.9,True,21,4.0,1.4,30,58.7,9.1,9,True,1.2,False,0.0,1,Yes
CX03487,38,Fitness,Paid Social,Desktop,9,Annual,Standard,3,False,22.21,191.36,Debit card,True,1,0,9.2,False,7,35.4,4.1,11,34.3,9.0,10,False,2.3,False,0.0,1,No
CX03488,39,Fintech,App Store,Tablet,12,Annual,Standard,2,False,18.69,209.04,UPI / Instant transfer,False,0,3,18.9,False,11,8.0,1.5,10,45.4,6.6,6,False,5.1,False,0.0,0,No
CX03489,47,Productivity,Paid Social,Tablet,17,Annual,Standard,2,False,11.73,189.41,Bank transfer,True,0,1,13.8,False,11,3.8,0.7,14,50.5,7.6,10,False,0.1,False,0.0,2,No
CX03490,37,Streaming,Paid Social,Mobile,3,Month-to-month,Premium,2,False,31.66,83.65,UPI / Instant transfer,False,0,2,15.1,True,15,16.4,4.1,3,51.1,8.6,9,False,0.3,False,0.0,1,Yes
CX03491,25,Streaming,Influencer,Tablet,25,Annual,Premium,2,False,25.6,614.96,Credit card,True,0,3,2.0,True,21,5.1,1.8,8,38.6,10.0,10,False,3.8,True,4.4,2,No
CX03492,45,Productivity,Organic Search,Mobile,52,Two year,Basic,4,False,17.47,867.52,Credit card,True,0,1,9.2,True,15,12.7,3.2,11,49.4,7.3,9,True,0.0,False,0.0,1,No
CX03493,40,Streaming,Referral,Mobile,28,Annual,Basic,2,True,16.78,453.72,Bank transfer,True,0,3,11.9,True,14,8.6,2.0,12,47.2,8.9,8,True,6.1,False,0.0,1,Yes
CX03494,18,Fintech,Influencer,Tablet,28,Month-to-month,Plus,2,False,25.53,701.86,Buy now pay later,True,0,2,9.4,False,11,2.3,0.4,3,48.5,7.4,5,False,6.7,False,0.0,2,No
CX03495,24,Gaming,Organic Search,Desktop,29,Annual,Plus,4,True,19.66,543.63,Digital wallet,True,1,1,10.2,True,19,3.5,1.1,3,41.1,7.2,5,False,2.7,True,6.5,1,No
CX03496,44,Streaming,App Store,Desktop,11,Month-to-month,Basic,1,False,10.19,103.44,UPI / Instant transfer,False,2,4,4.5,True,20,14.7,4.9,12,35.9,6.6,8,False,7.0,True,10.7,0,No
CX03497,28,Fintech,Paid Social,Desktop,38,Two year,Basic,3,False,11.93,437.56,Debit card,True,0,3,8.2,False,2,1.5,0.0,38,62.5,7.8,8,False,4.5,False,0.0,0,No
CX03498,46,Fitness,Referral,Smart TV,4,Annual,Premium,3,False,24.22,90.38,Credit card,True,0,3,5.2,True,26,9.7,4.2,4,47.2,8.9,8,False,1.7,True,13.1,0,No
CX03499,49,Productivity,Paid Social,Mobile,34,Month-to-month,Standard,1,False,17.66,595.95,Debit card,True,1,1,6.4,True,10,3.0,0.5,4,63.7,8.1,6,False,3.5,False,0.0,0,No
CX03500,37,News & Media,Organic Search,Mobile,26,Month-to-month,Premium,6,False,38.39,920.53,UPI / Instant transfer,True,0,1,23.5,True,20,13.4,4.5,1,22.5,6.5,4,False,3.7,False,0.0,1,No
CX03501,50,Fintech,App Store,Desktop,16,Month-to-month,Standard,1,False,11.62,177.49,Credit card,True,2,2,4.6,True,15,2.4,0.6,19,59.0,9.0,9,False,2.3,False,0.0,2,No
CX03502,34,Productivity,Organic Search,Desktop,47,Two year,Basic,1,False,8.18,382.8,UPI / Instant transfer,True,1,2,13.2,True,11,5.1,0.9,2,25.2,8.3,5,True,1.9,False,0.0,0,No
CX03503,44,Streaming,Organic Search,Mobile,31,Annual,Standard,3,False,22.6,650.95,Credit card,False,2,2,7.2,True,11,9.6,1.8,9,26.8,7.5,6,False,6.1,False,0.0,0,No
CX03504,42,Fintech,Paid Social,Desktop,52,Annual,Standard,2,True,16.23,806.87,Credit card,True,0,3,12.4,True,21,35.7,12.5,8,37.0,8.0,7,False,4.1,False,0.0,2,No
CX03505,42,Fintech,App Store,Mobile,31,Annual,Basic,3,True,13.44,378.08,Credit card,False,1,2,20.6,True,12,13.3,2.7,1,29.5,7.7,7,True,5.6,False,0.0,3,No
CX03506,31,Fintech,Paid Social,Desktop,3,Month-to-month,Basic,2,False,9.27,25.58,UPI / Instant transfer,False,1,2,9.9,True,19,6.0,1.9,22,48.0,9.5,4,False,13.7,True,12.2,3,No
CX03507,25,Productivity,App Store,Smart TV,41,Annual,Standard,2,False,16.32,623.89,UPI / Instant transfer,False,0,0,42.8,False,15,12.7,3.2,4,65.1,8.8,9,False,8.5,True,14.0,0,No
CX03508,46,Cloud Storage,Paid Social,Tablet,11,Month-to-month,Basic,3,False,11.8,128.7,Credit card,False,1,1,2.2,False,5,1.9,0.2,0,32.8,8.0,10,True,2.7,False,0.0,0,No
CX03509,52,Productivity,Organic Search,Tablet,5,Month-to-month,Basic,1,False,7.29,34.02,Digital wallet,False,0,3,11.7,False,6,18.4,1.8,14,44.1,7.3,8,False,20.7,False,0.0,1,Yes
CX03510,30,News & Media,Organic Search,Mobile,15,Month-to-month,Standard,5,True,24.67,330.99,Digital wallet,True,0,5,3.2,True,15,13.6,3.4,9,62.5,9.5,10,False,0.4,False,0.0,5,No
CX03511,18,Streaming,Influencer,Desktop,37,Month-to-month,Basic,2,True,11.87,394.81,Credit card,False,2,1,12.1,False,3,13.9,0.7,8,34.5,9.4,10,False,3.1,True,16.8,1,Yes
CX03512,27,Productivity,Referral,Desktop,18,Month-to-month,Standard,3,True,22.63,358.93,Credit card,True,0,2,21.1,False,8,25.1,3.3,11,44.7,6.9,6,False,2.7,True,18.8,2,No
CX03513,30,Streaming,Referral,Mobile,65,Two year,Standard,1,True,17.11,1007.12,Digital wallet,False,1,2,14.7,True,12,5.8,1.2,7,44.4,7.5,9,False,1.3,False,0.0,1,No
CX03514,39,News & Media,Paid Social,Mobile,14,Month-to-month,Basic,3,True,19.49,244.45,Credit card,True,1,5,10.0,True,15,9.4,2.4,5,40.3,6.5,5,False,6.7,False,0.0,0,Yes
CX03515,41,Streaming,Referral,Smart TV,6,Annual,Plus,4,False,21.63,124.09,Credit card,True,0,4,5.8,True,16,8.8,2.3,3,36.5,7.1,6,False,5.6,False,0.0,1,No
CX03516,50,Streaming,Organic Search,Tablet,12,Month-to-month,Basic,2,False,12.01,129.11,Credit card,True,2,2,13.4,True,16,10.6,2.8,6,68.3,8.8,7,True,7.0,False,0.0,3,Yes
CX03517,41,Productivity,Organic Search,Mobile,37,Annual,Premium,1,True,22.62,798.4,Credit card,True,1,3,4.4,True,22,14.0,5.1,6,71.5,7.7,8,False,4.2,False,0.0,1,No
CX03518,46,Fitness,Organic Search,Desktop,21,Annual,Standard,3,True,22.07,440.46,UPI / Instant transfer,False,3,1,7.4,False,3,22.4,1.1,23,33.5,9.3,7,False,2.7,False,0.0,1,No
CX03519,55,Streaming,Paid Social,Mobile,26,Month-to-month,Basic,3,True,13.38,311.73,Debit card,True,0,5,18.3,True,18,2.9,0.9,5,63.1,8.0,9,True,3.3,True,16.0,3,No
CX03520,48,Streaming,Paid Social,Mobile,5,Month-to-month,Basic,2,False,7.94,37.95,UPI / Instant transfer,True,0,3,11.4,True,15,14.0,3.5,5,15.0,7.9,9,False,2.3,False,0.0,0,No
CX03521,32,Streaming,Paid Social,Desktop,12,Month-to-month,Basic,1,False,9.24,101.16,Digital wallet,False,1,1,21.6,False,5,7.6,0.6,4,47.0,10.0,10,False,9.6,False,0.0,3,No
CX03522,36,Fitness,Paid Social,Mobile,49,Annual,Basic,2,True,11.75,574.68,Debit card,True,0,1,13.9,False,3,34.8,1.7,58,51.8,7.4,9,True,8.3,True,8.3,0,Yes
CX03523,32,Fintech,Organic Search,Mobile,28,Annual,Plus,3,False,31.74,796.5,Bank transfer,True,0,2,3.4,True,21,9.6,3.4,3,67.2,9.6,8,False,4.0,False,0.0,1,No
CX03524,22,Streaming,Paid Social,Mobile,7,Month-to-month,Standard,2,False,16.91,108.21,Buy now pay later,True,0,2,10.6,True,17,4.7,1.3,6,27.8,9.2,10,True,21.2,True,11.4,2,Yes
CX03525,38,Cloud Storage,Referral,Mobile,37,Month-to-month,Standard,4,False,21.48,734.74,UPI / Instant transfer,False,2,0,3.7,True,15,8.2,2.0,14,35.9,8.0,9,False,8.9,True,14.8,0,No
CX03526,53,Streaming,Referral,Tablet,27,Annual,Standard,2,True,19.98,484.51,UPI / Instant transfer,False,1,4,5.7,False,8,11.0,1.5,24,44.7,8.5,8,False,8.6,False,0.0,0,No
CX03527,31,Fintech,Organic Search,Mobile,10,Month-to-month,Basic,2,True,8.2,80.8,Credit card,True,1,1,6.7,True,14,5.7,1.3,4,67.7,6.6,8,False,1.7,False,0.0,0,No
CX03528,18,Cloud Storage,Paid Social,Mobile,9,Annual,Standard,6,False,24.57,215.94,UPI / Instant transfer,True,0,2,12.9,True,16,17.3,4.6,8,55.1,7.9,8,False,3.3,True,14.9,2,No
CX03529,21,Productivity,Paid Social,Desktop,6,Two year,Plus,2,False,22.46,120.46,Buy now pay later,True,0,0,1.9,False,10,16.9,2.8,3,25.2,6.3,6,False,4.2,True,20.6,0,No
CX03530,35,Productivity,Organic Search,Mobile,13,Month-to-month,Standard,3,False,15.87,198.3,UPI / Instant transfer,True,1,5,13.9,False,7,2.4,0.3,1,56.2,9.4,10,True,14.6,False,0.0,0,Yes
CX03531,43,News & Media,Organic Search,Tablet,11,Annual,Premium,1,False,28.93,302.23,Credit card,True,0,4,10.1,True,26,20.0,8.7,9,42.8,7.8,8,False,12.4,False,0.0,0,No
CX03532,27,Productivity,Paid Social,Tablet,15,Month-to-month,Plus,1,False,19.23,277.2,Credit card,False,1,0,10.3,True,22,6.4,2.3,21,55.8,8.6,8,False,3.4,False,0.0,2,No
CX03533,27,Fintech,App Store,Mobile,27,Annual,Plus,4,False,35.19,928.55,UPI / Instant transfer,True,1,3,1.0,False,6,2.7,0.3,21,62.7,8.8,7,True,3.5,False,0.0,1,Yes
CX03534,24,Gaming,Organic Search,Smart TV,37,Annual,Standard,2,False,16.56,582.48,Credit card,False,2,1,6.8,True,22,10.4,3.8,3,51.5,8.1,7,True,20.8,True,13.3,0,No
CX03535,18,Streaming,Organic Search,Mobile,8,Month-to-month,Basic,1,True,8.49,62.1,Credit card,False,1,0,8.9,True,11,8.2,1.5,14,39.6,8.6,8,True,5.3,False,0.0,1,Yes
CX03536,53,Streaming,Paid Social,Mobile,17,Month-to-month,Basic,3,False,10.87,171.18,Credit card,True,1,3,19.4,True,17,1.5,0.4,9,52.8,8.9,10,True,3.1,False,0.0,2,No
CX03537,20,Gaming,App Store,Mobile,19,Month-to-month,Standard,3,False,15.65,292.77,Bank transfer,True,3,3,4.7,True,23,5.2,2.0,14,43.6,8.4,10,False,7.6,False,0.0,1,Yes
CX03538,35,Fintech,Organic Search,Mobile,30,Annual,Premium,6,False,47.93,1379.24,Digital wallet,True,0,2,3.3,True,18,16.9,5.1,17,48.5,9.0,9,True,12.5,True,14.8,2,No
CX03539,58,Productivity,App Store,Desktop,29,Month-to-month,Standard,3,False,19.99,540.01,Digital wallet,False,0,3,14.3,False,7,17.2,2.0,1,52.2,7.4,7,False,1.9,True,11.9,1,No
CX03540,34,Fintech,Paid Social,Desktop,42,Month-to-month,Basic,2,False,10.74,423.95,UPI / Instant transfer,False,1,1,8.0,True,16,11.4,3.0,5,68.8,9.1,10,False,10.2,True,19.5,1,No
CX03541,18,Fintech,Referral,Mobile,23,Annual,Plus,5,True,24.94,514.6,Digital wallet,False,0,2,3.6,True,17,4.7,1.3,6,69.5,10.0,10,False,5.0,True,17.8,2,Yes
CX03542,26,Fitness,App Store,Mobile,65,Two year,Basic,1,False,11.38,695.89,UPI / Instant transfer,True,0,0,11.5,True,13,9.7,2.1,3,49.7,10.0,10,False,22.4,False,0.0,3,No
CX03543,43,Gaming,App Store,Desktop,34,Two year,Premium,3,True,31.77,996.6,Debit card,True,0,3,10.6,False,18,7.9,2.4,8,39.1,8.8,9,False,4.7,False,0.0,1,No
CX03544,53,News & Media,Influencer,Mobile,46,Annual,Standard,4,True,26.8,1175.39,Credit card,True,0,1,14.2,False,5,14.9,1.2,12,70.8,8.5,8,False,1.2,False,0.0,1,No
CX03545,34,News & Media,Influencer,Desktop,83,Two year,Plus,6,False,30.64,2249.96,UPI / Instant transfer,True,3,3,16.2,True,22,12.5,4.6,8,40.7,7.5,7,True,7.1,True,23.5,3,No
CX03546,33,Gaming,App Store,Mobile,75,Annual,Basic,2,False,12.57,860.07,Debit card,False,1,2,11.6,True,16,7.0,1.9,2,74.5,8.2,8,True,2.1,False,0.0,0,No
CX03547,27,Streaming,Organic Search,Mobile,33,Annual,Standard,3,False,16.17,485.03,UPI / Instant transfer,True,0,6,22.9,True,19,21.6,6.8,2,45.8,6.5,7,False,2.7,False,0.0,1,No
CX03548,40,Streaming,Referral,Smart TV,15,Month-to-month,Standard,1,False,16.97,231.46,Bank transfer,True,0,1,42.5,True,18,36.2,10.9,3,34.4,7.3,5,False,20.6,True,12.7,0,No
CX03549,37,Productivity,App Store,Mobile,14,Annual,Standard,3,True,19.58,252.18,Bank transfer,True,0,1,8.8,True,18,16.5,5.0,25,43.3,10.0,10,False,4.7,False,0.0,2,No
CX03550,40,Gaming,Email Campaign,Mobile,16,Month-to-month,Plus,5,False,33.26,499.42,Debit card,True,0,0,16.5,True,17,31.5,8.9,10,86.9,8.3,7,False,3.8,False,0.0,3,No
CX03551,39,Streaming,Paid Social,Mobile,24,Month-to-month,Premium,4,False,37.13,843.37,Debit card,False,2,3,10.2,True,25,20.1,8.4,15,64.4,8.6,9,False,3.2,True,13.6,1,No
CX03552,50,Cloud Storage,Referral,Mobile,12,Annual,Basic,1,False,10.69,127.42,Debit card,True,1,0,16.2,True,22,14.0,5.1,12,42.9,8.7,10,False,2.4,False,0.0,1,No
CX03553,52,Streaming,Paid Social,Mobile,59,Annual,Plus,6,False,37.96,2223.76,Debit card,True,0,1,11.2,True,20,17.1,5.7,5,55.9,6.1,7,True,1.8,True,15.5,1,No
CX03554,37,Fintech,Paid Social,Mobile,9,Month-to-month,Standard,3,False,18.1,161.15,Debit card,False,0,3,5.5,True,16,17.0,4.5,3,46.6,8.1,10,True,1.4,True,12.6,1,No
CX03555,48,Fitness,Influencer,Desktop,11,Two year,Standard,5,False,21.13,228.29,Credit card,True,2,0,1.8,False,5,25.7,2.1,4,46.7,10.0,9,True,1.9,True,21.5,1,No
CX03556,18,Fintech,Influencer,Desktop,25,Annual,Plus,5,False,33.7,743.79,Credit card,True,2,2,5.9,False,5,15.3,1.3,3,69.6,5.9,5,True,7.8,False,0.0,0,Yes
CX03557,31,Fintech,Paid Social,Tablet,6,Month-to-month,Plus,5,False,35.46,191.15,UPI / Instant transfer,True,2,5,4.4,False,7,38.3,4.5,6,34.3,8.7,9,False,6.1,False,0.0,3,No
CX03558,31,Streaming,Paid Social,Desktop,34,Annual,Standard,1,False,13.22,407.89,UPI / Instant transfer,True,1,2,6.4,False,10,7.5,1.2,10,37.7,8.2,7,False,3.9,False,0.0,1,No
CX03559,24,Productivity,App Store,Smart TV,51,Month-to-month,Basic,3,True,13.99,635.69,Debit card,True,1,5,44.3,True,12,1.8,0.4,11,33.2,8.0,9,False,23.6,False,0.0,0,Yes
CX03560,59,Fintech,Referral,Desktop,13,Annual,Basic,2,False,11.61,136.6,UPI / Instant transfer,False,1,3,8.9,True,9,26.4,4.0,1,51.3,8.2,9,True,4.5,False,0.0,0,No
CX03561,24,Cloud Storage,Referral,Mobile,2,Month-to-month,Basic,1,True,8.85,15.94,Credit card,True,0,1,12.7,True,16,19.1,5.1,9,68.6,7.9,8,True,8.5,False,0.0,1,Yes
CX03562,61,Cloud Storage,Influencer,Mobile,2,Month-to-month,Basic,4,False,19.88,35.57,Bank transfer,False,0,7,4.6,True,13,10.9,2.4,6,25.0,7.0,7,True,1.3,True,19.0,0,Yes
CX03563,44,Fintech,App Store,Desktop,44,Month-to-month,Standard,2,True,19.9,870.43,Credit card,True,1,1,17.3,True,18,18.2,5.5,7,44.2,7.1,6,True,1.3,False,0.0,1,No
CX03564,36,Productivity,Organic Search,Mobile,17,Annual,Plus,5,False,26.14,417.58,UPI / Instant transfer,True,0,2,5.3,True,27,17.5,7.9,8,36.3,7.1,6,True,4.3,False,0.0,2,Yes
CX03565,22,News & Media,Referral,Desktop,31,Annual,Basic,3,False,17.42,533.31,Credit card,True,0,2,1.8,False,3,37.3,1.9,24,54.0,9.3,10,False,3.6,False,0.0,2,Yes
CX03566,31,Fintech,App Store,Mobile,12,Month-to-month,Standard,5,True,28.3,337.17,Bank transfer,False,1,3,24.2,True,16,12.7,3.4,7,47.7,8.6,7,False,4.3,False,0.0,2,No
CX03567,29,Cloud Storage,App Store,Smart TV,21,Annual,Plus,4,False,26.81,504.29,Buy now pay later,True,0,2,13.0,True,29,16.7,8.1,15,60.1,7.6,9,False,13.2,False,0.0,1,No
CX03568,18,Productivity,App Store,Mobile,9,Month-to-month,Standard,1,True,19.06,170.83,Debit card,True,0,0,19.9,True,11,7.3,1.3,10,67.1,8.6,8,False,1.8,False,0.0,1,No
CX03569,39,Cloud Storage,Referral,Desktop,2,Month-to-month,Premium,5,False,47.62,83.84,Credit card,False,0,3,7.1,True,16,14.0,3.7,8,45.7,9.2,10,False,11.5,True,21.7,2,No
CX03570,46,Streaming,Paid Social,Tablet,40,Annual,Basic,2,False,10.54,381.18,Bank transfer,True,0,0,13.8,True,14,11.4,2.7,22,42.8,7.3,9,False,1.6,False,0.0,1,No
CX03571,36,Streaming,Email Campaign,Smart TV,9,Annual,Standard,3,False,20.04,169.3,Buy now pay later,True,1,2,23.1,True,18,15.6,4.7,16,47.8,6.8,6,False,7.2,True,15.3,0,No
CX03572,36,Productivity,Paid Social,Mobile,19,Two year,Standard,3,True,27.68,487.19,Digital wallet,True,1,1,13.5,True,20,13.3,4.4,5,53.9,8.7,8,False,3.4,True,20.2,0,No
CX03573,44,Fintech,Organic Search,Smart TV,10,Month-to-month,Plus,8,False,33.54,305.81,Debit card,True,1,2,18.7,True,18,12.3,3.7,10,51.3,8.2,10,False,2.0,False,0.0,1,Yes
CX03574,32,Gaming,App Store,Desktop,22,Two year,Standard,1,False,10.25,219.02,Credit card,True,0,2,4.7,True,23,20.6,7.9,1,34.9,8.8,10,True,10.0,True,9.5,2,No
CX03575,32,Fintech,Paid Social,Mobile,10,Month-to-month,Premium,3,False,22.2,200.0,Digital wallet,True,1,0,21.5,True,25,5.3,2.2,9,39.8,9.1,8,False,3.1,False,0.0,2,No
CX03576,23,Streaming,Paid Social,Mobile,12,Month-to-month,Premium,8,False,40.05,428.17,Digital wallet,False,3,1,5.7,True,24,10.1,4.0,19,43.0,9.0,10,False,4.0,False,0.0,3,No
CX03577,29,Streaming,Email Campaign,Mobile,56,Annual,Basic,1,True,9.55,476.28,Credit card,True,0,0,6.4,False,8,6.8,0.9,2,46.1,9.0,8,True,1.5,False,0.0,1,No
CX03578,33,News & Media,Organic Search,Tablet,10,Month-to-month,Plus,4,False,24.16,234.03,UPI / Instant transfer,True,0,0,13.0,True,16,14.5,3.9,0,27.1,9.5,9,False,3.1,False,0.0,3,No
CX03579,49,Fitness,Organic Search,Mobile,16,Annual,Standard,1,False,14.05,220.58,Debit card,True,1,1,11.1,True,11,8.3,1.5,3,51.4,6.7,5,False,1.8,False,0.0,0,No
CX03580,42,Streaming,Referral,Mobile,25,Month-to-month,Plus,5,False,28.05,662.52,UPI / Instant transfer,True,0,2,3.0,True,31,15.3,7.9,2,36.6,8.5,8,False,4.3,False,0.0,2,No
CX03581,39,Streaming,App Store,Mobile,55,Two year,Standard,3,False,18.11,933.78,UPI / Instant transfer,False,2,5,8.8,True,8,33.9,4.5,17,62.6,6.9,7,False,8.6,True,16.6,0,Yes
CX03582,18,Fintech,Influencer,Mobile,21,Annual,Premium,8,True,42.33,856.43,UPI / Instant transfer,False,3,4,19.4,True,30,9.5,4.8,18,28.8,8.3,7,True,9.7,True,6.2,1,No
CX03583,43,Cloud Storage,Referral,Desktop,18,Month-to-month,Premium,3,True,40.54,721.51,UPI / Instant transfer,True,0,3,14.0,False,16,18.1,4.8,3,37.3,7.9,5,True,8.3,True,19.9,0,Yes
CX03584,26,Productivity,Influencer,Tablet,35,Annual,Plus,5,False,26.15,881.38,UPI / Instant transfer,False,1,3,6.5,True,22,11.9,4.4,2,30.8,8.0,7,True,1.4,False,0.0,0,No
CX03585,43,Productivity,Influencer,Desktop,12,Month-to-month,Basic,2,False,12.11,129.86,Credit card,False,2,7,9.0,True,15,6.3,1.6,6,57.5,6.1,7,True,2.7,False,0.0,0,No
CX03586,45,Fintech,Email Campaign,Mobile,24,Month-to-month,Plus,1,False,21.63,504.93,Debit card,True,1,4,13.2,True,27,12.7,5.7,10,41.6,7.8,8,False,6.0,True,8.5,1,No
CX03587,48,Cloud Storage,Referral,Mobile,18,Annual,Basic,2,False,13.74,228.98,UPI / Instant transfer,True,1,3,8.6,True,18,4.6,1.4,4,47.7,9.8,10,False,3.7,False,0.0,3,No
CX03588,56,Cloud Storage,Influencer,Mobile,13,Month-to-month,Standard,3,False,17.13,222.68,UPI / Instant transfer,True,1,1,5.2,True,19,14.9,4.7,13,57.8,10.0,10,False,7.7,False,0.0,0,No
CX03589,46,Streaming,App Store,Mobile,14,Month-to-month,Plus,4,False,22.65,297.15,Digital wallet,True,0,3,12.3,True,26,20.7,9.0,11,40.7,8.1,7,False,4.1,False,0.0,2,No
CX03590,41,News & Media,Referral,Desktop,23,Month-to-month,Standard,2,False,14.23,299.17,Debit card,True,1,2,3.9,False,6,38.1,3.8,8,61.5,8.5,8,False,12.2,False,0.0,2,No
CX03591,43,Streaming,Paid Social,Mobile,2,Month-to-month,Standard,1,False,18.74,36.6,UPI / Instant transfer,True,0,1,6.0,True,9,24.0,3.6,8,53.3,8.5,9,False,3.5,False,0.0,1,No
CX03592,27,Productivity,Email Campaign,Mobile,13,Annual,Standard,1,False,18.04,228.19,Credit card,False,1,3,2.5,False,8,6.1,0.8,5,52.3,6.9,4,True,13.0,True,19.1,1,Yes
CX03593,31,Streaming,Email Campaign,Mobile,42,Annual,Basic,1,False,9.91,403.13,Debit card,True,0,0,13.6,True,15,8.7,2.2,15,77.0,10.0,10,False,0.7,False,0.0,3,No
CX03594,36,Productivity,Paid Social,Mobile,9,Month-to-month,Standard,3,False,20.07,178.76,UPI / Instant transfer,False,3,1,11.7,True,14,17.4,4.1,10,39.6,8.9,10,True,8.4,True,20.5,1,No
CX03595,47,News & Media,Referral,Mobile,10,Month-to-month,Basic,2,False,7.41,68.29,Digital wallet,False,1,1,3.6,True,15,6.7,1.7,0,45.6,7.6,8,False,5.8,False,0.0,2,No
CX03596,46,Streaming,Influencer,Mobile,4,Month-to-month,Basic,2,False,8.4,32.04,Debit card,True,2,0,12.9,True,21,6.9,2.4,12,52.7,9.4,10,False,14.3,False,0.0,0,No
CX03597,30,News & Media,Organic Search,Mobile,64,Month-to-month,Premium,5,False,46.07,2844.83,UPI / Instant transfer,True,3,1,12.4,True,25,4.6,1.9,4,66.9,8.8,6,False,2.6,False,0.0,1,No
CX03598,37,Fintech,Paid Social,Mobile,30,Two year,Basic,1,False,8.37,237.33,Credit card,True,1,1,12.4,True,14,18.2,4.2,6,57.2,7.6,7,False,13.5,False,0.0,0,No
CX03599,48,Cloud Storage,App Store,Desktop,27,Annual,Premium,5,False,35.5,881.45,Credit card,True,0,0,10.4,False,9,15.3,2.3,14,26.9,9.8,9,False,2.1,False,0.0,1,No
CX03600,56,News & Media,Influencer,Smart TV,14,Month-to-month,Standard,2,False,15.3,211.34,Credit card,True,1,2,4.1,True,21,18.2,6.4,2,27.9,7.9,5,True,3.9,False,0.0,3,Yes
CX03601,63,Fintech,Referral,Mobile,37,Annual,Plus,4,False,23.12,797.32,Credit card,True,0,3,6.6,True,24,37.9,15.2,3,68.7,8.6,9,False,5.7,False,0.0,0,No
CX03602,20,News & Media,Paid Social,Mobile,2,Month-to-month,Basic,2,False,13.08,24.92,Credit card,True,0,2,17.6,True,21,1.9,0.7,21,55.1,7.3,6,True,0.4,False,0.0,0,Yes
CX03603,45,Gaming,Referral,Mobile,26,Month-to-month,Standard,1,False,10.52,261.08,Debit card,False,0,4,30.3,True,16,2.1,0.6,8,47.6,9.0,9,True,4.2,False,0.0,0,No
CX03604,26,Cloud Storage,Referral,Mobile,29,Annual,Standard,2,False,17.68,466.33,Credit card,True,0,1,9.7,True,17,24.6,7.0,1,60.9,6.9,7,False,1.5,True,12.5,0,No
CX03605,42,Productivity,Organic Search,Mobile,36,Month-to-month,Standard,3,False,23.05,783.05,Credit card,True,1,1,12.2,True,19,6.0,1.9,12,50.0,7.0,7,False,1.8,False,0.0,1,No
CX03606,29,Cloud Storage,Influencer,Mobile,9,Month-to-month,Standard,3,True,17.73,158.15,Credit card,True,0,4,6.2,True,23,3.2,1.2,8,61.2,9.6,8,False,0.8,False,0.0,2,Yes
CX03607,39,Fitness,App Store,Mobile,14,Month-to-month,Standard,2,False,14.24,177.48,UPI / Instant transfer,True,0,2,12.6,True,18,10.0,3.0,7,63.4,9.4,9,False,11.7,False,0.0,1,No
CX03608,35,Cloud Storage,Referral,Mobile,10,Month-to-month,Premium,4,True,32.52,320.13,Debit card,False,5,0,14.6,True,18,12.1,3.6,3,49.9,9.0,8,False,0.3,False,0.0,0,Yes
CX03609,49,Fitness,Influencer,Smart TV,20,Month-to-month,Basic,3,False,10.71,210.05,Digital wallet,True,0,4,13.6,False,5,28.4,2.4,5,45.0,8.8,10,False,1.2,False,0.0,0,No
CX03610,36,Productivity,Email Campaign,Tablet,25,Annual,Plus,2,False,27.39,619.87,Credit card,True,1,3,22.8,True,20,25.3,8.4,2,39.8,8.5,8,False,7.3,False,0.0,0,Yes
CX03611,29,Streaming,Paid Social,Desktop,8,Annual,Plus,2,False,15.08,106.25,Credit card,False,1,0,25.0,True,27,11.7,5.3,4,27.7,8.2,8,False,27.2,False,0.0,1,Yes
CX03612,47,Productivity,Paid Social,Mobile,17,Two year,Premium,5,True,38.42,602.54,UPI / Instant transfer,True,0,1,33.8,True,31,13.5,7.0,11,44.9,8.8,8,False,4.9,True,25.9,1,No
CX03613,27,Productivity,Paid Social,Mobile,5,Month-to-month,Basic,2,False,12.39,58.66,Bank transfer,False,2,3,18.5,True,7,3.4,0.4,3,50.8,5.7,6,False,2.2,False,0.0,1,No
CX03614,46,Fintech,App Store,Mobile,28,Two year,Basic,5,False,12.68,323.37,Credit card,True,3,5,22.1,True,17,1.3,0.4,15,35.2,6.6,8,True,7.2,True,12.3,0,No
CX03615,35,Fitness,Referral,Mobile,28,Month-to-month,Basic,3,True,14.95,397.43,Debit card,True,1,1,19.1,True,18,16.8,5.0,14,40.2,6.3,8,True,4.0,False,0.0,0,Yes
CX03616,47,Streaming,Organic Search,Mobile,40,Annual,Basic,1,False,9.5,376.04,UPI / Instant transfer,True,0,2,3.7,True,11,14.5,2.7,8,61.8,8.6,9,False,3.3,True,10.3,1,No
CX03617,34,Streaming,Paid Social,Desktop,14,Month-to-month,Plus,1,False,25.28,351.41,Credit card,True,0,1,19.6,True,19,19.1,6.0,9,49.9,7.3,7,False,2.7,False,0.0,2,Yes
CX03618,36,Productivity,Paid Social,Desktop,42,Two year,Standard,3,False,15.03,565.14,UPI / Instant transfer,False,2,3,14.5,True,26,37.4,16.2,3,74.3,8.6,7,True,9.2,False,0.0,0,No
CX03619,34,Gaming,Referral,Mobile,24,Month-to-month,Basic,2,False,12.19,265.74,Bank transfer,False,0,2,1.7,True,14,11.0,2.6,9,36.8,7.8,8,True,10.2,False,0.0,2,Yes
CX03620,35,News & Media,Influencer,Desktop,16,Month-to-month,Premium,4,False,36.6,517.95,UPI / Instant transfer,True,0,2,14.4,False,9,12.8,1.9,16,52.2,8.5,10,False,4.8,False,0.0,2,No
CX03621,40,Fitness,Influencer,Mobile,76,Annual,Basic,1,False,7.0,473.66,Debit card,False,1,2,8.8,False,2,11.7,0.4,9,46.8,9.7,9,False,5.6,False,0.0,3,No
CX03622,36,Gaming,Email Campaign,Desktop,29,Annual,Standard,1,True,16.8,436.63,Credit card,True,0,4,15.6,True,21,25.0,8.8,1,59.2,6.7,7,True,5.8,False,0.0,0,Yes
CX03623,29,Gaming,Referral,Mobile,50,Annual,Basic,2,False,6.88,313.13,Debit card,True,0,0,9.8,True,12,28.9,5.8,30,63.6,8.8,10,False,6.6,False,0.0,1,No
CX03624,30,Productivity,Organic Search,Mobile,40,Two year,Standard,1,False,10.3,383.83,UPI / Instant transfer,False,2,2,25.2,True,22,3.7,1.4,22,32.5,8.4,10,True,11.0,True,5.8,0,No
CX03625,29,News & Media,Organic Search,Desktop,23,Annual,Premium,3,False,37.23,763.75,Credit card,True,0,1,1.8,True,30,29.9,15.0,4,36.5,9.1,8,False,1.3,False,0.0,4,No
CX03626,25,Streaming,Paid Social,Mobile,30,Two year,Standard,2,False,15.83,470.74,UPI / Instant transfer,True,0,1,7.2,False,6,8.5,0.8,14,47.4,9.0,10,False,6.9,False,0.0,0,No
CX03627,41,Productivity,Email Campaign,Smart TV,25,Month-to-month,Plus,7,True,26.39,590.17,Credit card,True,0,1,6.2,True,16,9.6,2.6,7,52.1,8.8,9,False,9.5,False,0.0,2,No
CX03628,18,Streaming,Influencer,Mobile,25,Month-to-month,Standard,2,True,11.69,257.69,Credit card,True,0,3,22.1,True,19,16.5,5.2,15,38.7,7.0,4,False,5.4,True,8.6,1,No
CX03629,50,Productivity,Paid Social,Desktop,9,Month-to-month,Plus,2,False,23.0,189.16,Bank transfer,False,1,4,3.6,False,5,4.9,0.4,33,36.6,7.5,6,False,7.0,False,0.0,3,Yes
CX03630,37,Streaming,Referral,Mobile,34,Annual,Standard,4,False,21.13,644.24,Credit card,True,0,3,4.7,True,8,24.3,3.2,2,36.0,10.0,10,True,7.0,True,13.2,3,No
CX03631,50,Fitness,Organic Search,Mobile,6,Month-to-month,Plus,4,True,20.97,113.55,UPI / Instant transfer,True,0,2,24.3,True,22,22.7,8.3,2,29.0,8.8,9,True,6.8,True,12.1,2,No
CX03632,48,Productivity,App Store,Smart TV,27,Month-to-month,Standard,3,False,13.21,330.27,Debit card,True,0,1,14.1,False,5,7.9,0.7,6,42.0,8.6,8,False,2.3,False,0.0,0,No
CX03633,49,Streaming,Referral,Desktop,12,Month-to-month,Standard,3,False,18.59,199.45,Buy now pay later,True,0,4,7.3,True,23,9.8,3.8,0,59.5,8.2,8,True,4.8,False,0.0,0,No
CX03634,39,Fintech,Referral,Tablet,23,Two year,Plus,3,False,31.14,699.75,Digital wallet,True,0,4,1.0,False,9,12.9,1.9,9,51.6,8.6,10,False,2.1,False,0.0,2,No
CX03635,39,Streaming,Paid Social,Desktop,23,Month-to-month,Standard,4,False,16.09,352.24,Credit card,False,1,3,3.7,True,23,6.2,2.4,14,50.1,8.4,6,False,0.9,False,0.0,2,No
CX03636,60,Fitness,Referral,Tablet,8,Month-to-month,Standard,3,True,24.92,190.04,Credit card,True,0,3,14.1,True,15,54.2,13.6,10,59.6,10.0,10,False,2.8,True,27.4,4,No
CX03637,46,Fintech,Paid Social,Mobile,5,Month-to-month,Basic,2,False,9.49,42.87,UPI / Instant transfer,False,3,2,6.5,True,12,21.6,4.3,34,38.9,7.0,6,True,15.5,False,0.0,0,No
CX03638,48,Fintech,Referral,Tablet,29,Annual,Standard,3,False,15.97,410.7,UPI / Instant transfer,False,2,2,17.7,False,4,30.9,2.1,7,46.8,7.2,7,True,2.4,False,0.0,1,No
CX03639,33,Productivity,Paid Social,Mobile,20,Annual,Basic,2,False,9.94,198.77,Digital wallet,True,2,2,7.8,True,13,12.4,2.7,5,38.1,10.0,10,False,2.6,False,0.0,1,No
CX03640,35,Gaming,Paid Social,Mobile,20,Annual,Basic,2,False,12.87,241.32,UPI / Instant transfer,False,0,2,8.4,True,12,27.8,5.6,14,87.5,8.3,5,False,2.3,True,15.8,0,No
CX03641,56,Fintech,App Store,Mobile,15,Month-to-month,Plus,1,True,14.75,196.69,UPI / Instant transfer,False,0,0,2.4,True,30,13.7,6.8,2,45.9,9.4,8,False,4.2,True,13.4,0,Yes
CX03642,32,Fintech,App Store,Desktop,19,Month-to-month,Basic,3,False,10.76,192.35,Digital wallet,False,2,3,13.2,False,2,3.1,0.1,4,39.0,6.9,6,False,1.6,False,0.0,0,Yes
CX03643,41,Gaming,App Store,Smart TV,11,Month-to-month,Basic,3,False,11.66,121.97,Credit card,True,0,3,18.6,False,6,61.6,6.2,15,43.3,9.1,8,False,9.0,False,0.0,4,Yes
CX03644,29,Streaming,Referral,Mobile,7,Month-to-month,Standard,2,False,13.19,84.27,Credit card,False,0,1,13.6,True,22,11.4,4.2,12,40.9,7.9,8,True,6.1,False,0.0,1,No
CX03645,40,Fitness,App Store,Mobile,38,Annual,Plus,8,False,41.14,1513.68,Bank transfer,True,0,6,37.5,True,17,11.6,3.3,5,52.3,6.8,9,False,18.5,False,0.0,0,No
CX03646,43,Fitness,App Store,Desktop,18,Annual,Basic,2,False,10.62,181.91,Digital wallet,True,1,3,9.0,True,19,11.3,3.6,25,57.4,9.3,10,False,8.0,False,0.0,2,No
CX03647,40,Fitness,Referral,Mobile,32,Month-to-month,Plus,2,True,19.96,622.57,Credit card,True,0,1,19.4,True,12,6.9,1.4,7,59.3,8.1,7,True,5.5,False,0.0,0,Yes
CX03648,58,Fitness,Influencer,Mobile,4,Month-to-month,Plus,4,True,25.13,90.57,Digital wallet,False,2,2,12.2,True,23,18.5,7.1,2,41.0,8.5,7,False,8.7,False,0.0,2,No
CX03649,49,Fitness,Referral,Mobile,58,Two year,Standard,3,False,15.46,868.17,Credit card,True,0,2,16.6,True,18,7.1,2.1,6,46.4,8.7,9,True,21.9,False,0.0,1,No
CX03650,41,Streaming,Organic Search,Mobile,54,Two year,Standard,5,False,21.22,1082.83,Credit card,False,1,1,11.9,True,28,14.8,6.9,16,54.2,9.3,7,True,5.4,True,16.0,0,No
CX03651,35,Cloud Storage,App Store,Desktop,12,Month-to-month,Premium,5,False,38.09,404.17,Debit card,False,1,2,7.8,True,21,7.6,2.7,7,41.4,8.5,9,False,1.8,False,0.0,2,No
CX03652,43,Streaming,App Store,Desktop,20,Annual,Standard,1,False,15.96,318.18,Credit card,True,0,2,6.0,False,5,10.5,0.9,3,48.4,7.2,6,False,2.1,False,0.0,0,No
CX03653,46,Productivity,Organic Search,Desktop,7,Month-to-month,Standard,2,False,17.84,122.88,Bank transfer,True,1,2,5.6,False,5,44.9,3.7,4,32.8,7.6,7,False,5.6,False,0.0,0,No
CX03654,31,Productivity,Influencer,Tablet,31,Annual,Basic,3,False,11.56,319.57,Credit card,True,1,4,27.8,False,6,9.4,0.9,3,42.8,7.3,7,True,1.6,True,7.7,1,No
CX03655,31,Streaming,App Store,Mobile,7,Month-to-month,Standard,4,False,22.09,154.44,Debit card,False,2,3,23.8,False,4,9.2,0.6,3,26.6,6.5,7,False,0.6,False,0.0,0,No
CX03656,22,Streaming,Influencer,Smart TV,25,Annual,Premium,8,False,42.21,1024.1,Credit card,True,1,4,14.0,True,19,13.9,4.4,4,43.5,7.5,8,True,6.7,False,0.0,0,No
CX03657,35,Productivity,Referral,Mobile,10,Month-to-month,Basic,2,False,11.9,116.69,Credit card,True,2,0,16.2,True,14,44.0,10.3,5,48.8,7.4,10,False,6.2,False,0.0,1,No
CX03658,41,Fintech,Paid Social,Desktop,13,Month-to-month,Plus,5,False,24.39,290.51,Credit card,False,4,1,11.7,False,5,1.8,0.2,24,71.8,8.5,7,True,1.5,True,11.2,2,No
CX03659,34,Cloud Storage,Influencer,Mobile,20,Annual,Standard,4,False,19.55,389.54,Credit card,True,0,0,4.3,True,24,26.8,10.7,17,29.9,7.5,7,False,2.6,True,24.4,0,No
CX03660,22,Streaming,Paid Social,Mobile,16,Annual,Premium,6,True,38.25,605.47,Bank transfer,True,0,1,9.7,True,26,13.7,5.9,8,51.3,8.3,9,True,6.4,True,19.9,1,No
CX03661,37,Fitness,Organic Search,Mobile,32,Month-to-month,Plus,4,False,20.23,584.61,Credit card,True,1,2,19.8,True,19,7.5,2.4,7,47.3,9.7,10,True,6.0,True,12.7,2,No
CX03662,40,Gaming,Organic Search,Mobile,5,Month-to-month,Basic,1,True,9.87,48.84,Bank transfer,True,0,2,9.0,True,18,10.1,3.0,8,36.3,9.5,10,False,10.0,False,0.0,1,No
CX03663,30,Fintech,App Store,Tablet,8,Month-to-month,Standard,2,False,22.29,178.19,Credit card,False,2,2,1.5,True,21,31.4,11.0,17,20.1,8.0,7,True,6.1,True,12.6,0,No
CX03664,55,Streaming,Organic Search,Tablet,8,Month-to-month,Standard,1,False,19.66,140.84,UPI / Instant transfer,True,0,2,11.2,False,6,16.6,1.7,9,50.4,8.7,10,False,1.8,False,0.0,1,No
CX03665,25,Cloud Storage,Organic Search,Mobile,3,Month-to-month,Plus,7,True,29.8,88.16,Credit card,True,0,2,20.8,False,9,4.6,0.7,3,57.5,8.5,10,False,2.8,False,0.0,0,Yes
CX03666,23,Streaming,Paid Social,Mobile,8,Month-to-month,Premium,4,False,36.43,291.17,Bank transfer,True,0,3,11.4,True,25,3.2,1.3,2,62.7,6.5,8,False,0.8,False,0.0,0,No
CX03667,25,Streaming,Referral,Mobile,23,Annual,Standard,5,False,24.81,565.98,Buy now pay later,False,0,4,5.7,True,16,12.0,3.2,5,18.6,10.0,10,True,4.6,False,0.0,3,No
CX03668,29,Fintech,Email Campaign,Mobile,25,Two year,Plus,4,False,31.07,737.72,Credit card,True,2,2,15.3,True,22,3.0,1.1,22,78.1,6.1,8,True,4.8,False,0.0,0,No
CX03669,28,Cloud Storage,Organic Search,Desktop,5,Month-to-month,Standard,4,False,17.26,76.27,Bank transfer,True,0,1,6.2,False,6,14.4,1.4,2,57.9,8.0,10,False,2.8,True,11.6,1,No
CX03670,45,Gaming,Influencer,Mobile,11,Month-to-month,Basic,3,True,12.53,131.74,Debit card,True,0,2,13.6,True,19,2.9,0.9,3,35.1,9.2,8,False,8.2,False,0.0,1,No
CX03671,38,Cloud Storage,Paid Social,Mobile,15,Month-to-month,Premium,5,False,36.33,490.46,Credit card,True,0,2,2.6,True,25,10.5,4.4,10,34.7,9.8,9,True,6.9,False,0.0,2,No
CX03672,35,Fintech,Referral,Mobile,43,Month-to-month,Standard,4,True,21.68,857.01,UPI / Instant transfer,True,0,1,6.1,True,18,18.8,5.6,9,40.0,9.1,10,False,7.4,False,0.0,2,No
CX03673,45,Fitness,Paid Social,Mobile,9,Month-to-month,Basic,1,False,7.85,64.74,Credit card,True,2,0,10.3,True,20,32.6,10.9,8,32.8,9.4,6,False,0.8,True,10.7,0,No
CX03674,18,Fintech,Paid Social,Smart TV,14,Two year,Basic,2,True,19.77,276.72,Credit card,True,0,1,15.9,False,6,4.2,0.4,3,27.7,6.4,9,True,7.0,True,17.3,0,No
CX03675,50,Streaming,Referral,Mobile,63,Annual,Standard,4,False,20.94,1248.76,Credit card,True,0,3,9.9,True,17,11.0,3.1,7,38.0,7.3,9,True,3.3,False,0.0,0,No
CX03676,47,Streaming,Referral,Mobile,12,Month-to-month,Plus,8,True,38.12,454.17,Credit card,True,0,2,6.7,False,9,7.0,1.0,5,69.6,8.5,10,False,5.2,False,0.0,1,Yes
CX03677,24,News & Media,App Store,Mobile,26,Annual,Standard,2,True,16.89,404.88,Credit card,True,0,3,9.3,True,9,19.1,2.9,1,34.4,7.7,6,False,13.2,True,5.6,1,No
CX03678,32,News & Media,Paid Social,Desktop,16,Month-to-month,Premium,7,False,49.64,773.0,Digital wallet,True,0,3,3.6,True,26,24.6,10.7,1,49.4,8.5,10,False,3.8,True,22.0,0,Yes
CX03679,41,Fitness,Organic Search,Mobile,4,Month-to-month,Standard,3,False,18.17,71.46,Credit card,False,1,3,32.7,True,24,48.5,19.4,11,24.6,6.8,4,True,3.3,True,3.0,1,Yes
CX03680,33,Fitness,Organic Search,Mobile,17,Month-to-month,Basic,1,False,9.65,163.74,UPI / Instant transfer,False,3,1,6.8,True,18,23.5,7.0,5,61.5,9.3,8,True,1.8,False,0.0,0,Yes
CX03681,54,Fitness,Paid Social,Mobile,20,Annual,Plus,6,False,28.05,522.82,Credit card,True,0,2,7.7,True,18,6.9,2.1,11,35.4,5.8,5,False,8.8,False,0.0,0,No
CX03682,34,News & Media,Paid Social,Desktop,44,Month-to-month,Plus,3,True,26.49,1065.37,Credit card,True,0,2,10.9,False,10,15.1,2.5,1,52.5,6.4,6,False,3.9,False,0.0,0,No
CX03683,32,Gaming,Influencer,Mobile,18,Annual,Premium,4,False,40.69,657.32,Debit card,True,0,4,6.2,True,23,16.1,6.2,7,65.4,9.4,7,True,0.5,True,11.0,0,No
CX03684,38,Fitness,Organic Search,Mobile,3,Annual,Plus,4,False,30.5,80.86,Bank transfer,True,2,3,11.1,True,27,4.4,2.0,7,41.4,8.7,10,False,10.0,False,0.0,2,No
CX03685,30,Gaming,Paid Social,Mobile,31,Two year,Standard,5,False,23.01,655.61,Credit card,True,0,4,9.9,True,18,9.1,2.7,11,43.8,8.3,10,False,1.0,False,0.0,1,No
CX03686,38,Cloud Storage,Organic Search,Tablet,20,Annual,Plus,4,False,33.56,632.16,Bank transfer,True,0,4,17.9,True,16,13.8,3.7,27,63.6,8.8,10,False,4.6,True,3.0,0,No
CX03687,60,Fintech,App Store,Desktop,18,Annual,Plus,5,False,24.08,401.18,Digital wallet,True,1,1,11.7,True,24,18.4,7.4,9,54.2,9.3,10,False,15.4,False,0.0,1,No
CX03688,29,Fintech,Paid Social,Mobile,10,Month-to-month,Standard,3,False,19.95,197.79,Debit card,False,5,4,4.9,True,30,7.6,3.8,8,74.6,8.7,10,True,5.9,False,0.0,3,No
CX03689,53,Streaming,Organic Search,Smart TV,2,Month-to-month,Plus,3,False,28.08,49.95,Debit card,False,0,3,20.7,True,22,8.7,3.2,1,32.1,7.5,7,False,8.7,False,0.0,1,No
CX03690,47,Streaming,Paid Social,Desktop,8,Month-to-month,Basic,1,False,8.33,64.67,Credit card,True,0,0,10.4,False,7,18.9,2.2,19,57.6,5.3,6,True,2.2,False,0.0,0,Yes
CX03691,22,Gaming,Paid Social,Mobile,16,Annual,Standard,4,False,33.93,501.85,Credit card,False,1,1,26.0,True,24,36.2,14.5,14,49.1,7.9,9,False,20.8,False,0.0,0,Yes
CX03692,47,Fintech,Paid Social,Mobile,5,Month-to-month,Premium,3,True,26.55,121.35,Credit card,True,1,3,9.1,True,29,15.3,7.4,18,51.2,10.0,10,False,15.9,False,0.0,2,No
CX03693,36,Cloud Storage,Paid Social,Mobile,4,Month-to-month,Standard,3,False,20.54,75.07,Credit card,True,0,4,28.2,True,18,12.0,3.6,2,37.5,4.4,5,False,2.6,False,0.0,0,No
CX03694,35,News & Media,App Store,Desktop,25,Month-to-month,Basic,3,False,11.23,259.88,Debit card,True,0,1,13.9,True,15,2.6,0.6,6,40.2,8.1,6,False,15.7,False,0.0,1,No
CX03695,25,News & Media,Organic Search,Mobile,8,Month-to-month,Premium,8,True,42.35,302.72,Digital wallet,False,3,2,12.9,True,26,6.3,2.7,2,52.2,7.1,5,True,1.5,False,0.0,1,Yes
CX03696,56,Fintech,Organic Search,Mobile,42,Two year,Standard,5,True,29.5,1215.48,Credit card,True,0,1,3.3,True,16,0.9,0.2,3,32.8,6.6,5,True,3.9,False,0.0,2,No
CX03697,47,Fintech,App Store,Mobile,19,Annual,Standard,2,False,13.57,251.84,Digital wallet,True,0,1,5.7,True,24,2.4,1.0,4,34.4,9.2,10,True,4.6,True,14.7,0,No
CX03698,47,News & Media,Organic Search,Mobile,11,Month-to-month,Plus,4,True,29.3,306.84,Credit card,True,0,2,14.3,True,23,13.2,5.1,7,46.6,8.7,9,True,6.7,True,7.9,1,Yes
CX03699,22,News & Media,Referral,Tablet,28,Two year,Premium,5,False,29.41,772.31,UPI / Instant transfer,False,4,6,3.9,False,8,4.3,0.6,2,53.4,6.6,5,False,2.4,False,0.0,1,No
CX03700,23,Fintech,Paid Social,Tablet,20,Two year,Standard,2,False,14.12,259.76,UPI / Instant transfer,False,1,4,9.7,False,8,5.1,0.7,7,27.1,7.5,8,False,1.8,False,0.0,0,No
CX03701,23,News & Media,App Store,Mobile,23,Annual,Plus,4,True,29.47,638.26,UPI / Instant transfer,False,0,1,18.8,True,25,11.6,4.8,2,30.3,8.6,10,False,0.7,True,16.0,0,No
CX03702,41,Fintech,Referral,Smart TV,4,Month-to-month,Plus,3,False,25.39,91.11,Debit card,True,0,1,6.3,False,13,11.4,2.5,4,34.7,7.7,7,False,5.4,False,0.0,1,No
CX03703,38,Gaming,Paid Social,Mobile,8,Month-to-month,Premium,4,False,28.84,206.17,UPI / Instant transfer,False,2,2,14.6,True,23,18.2,7.0,12,33.3,7.6,8,False,4.2,False,0.0,0,No
CX03704,45,Gaming,Organic Search,Desktop,54,Two year,Plus,4,False,25.28,1340.26,Credit card,True,0,2,14.3,True,21,11.6,4.1,8,31.4,9.8,9,False,2.9,False,0.0,1,No
CX03705,54,Fintech,App Store,Tablet,17,Annual,Standard,6,False,23.62,377.91,Digital wallet,True,0,4,8.3,True,16,11.1,3.0,5,55.1,6.4,7,False,0.9,False,0.0,0,No
CX03706,44,Streaming,App Store,Desktop,3,Month-to-month,Plus,5,True,23.07,66.17,UPI / Instant transfer,True,0,2,9.2,True,23,13.8,5.3,22,54.8,7.8,8,False,3.4,False,0.0,4,Yes
CX03707,47,Productivity,Influencer,Mobile,25,Month-to-month,Basic,1,True,7.63,175.66,Debit card,True,0,3,17.0,True,17,6.0,1.7,8,24.6,6.4,6,True,5.8,True,3.2,0,Yes
CX03708,28,Productivity,App Store,Desktop,18,Annual,Standard,1,False,18.53,324.64,UPI / Instant transfer,True,0,4,20.4,False,3,14.0,0.7,12,50.0,8.5,8,False,10.8,False,0.0,0,No
CX03709,25,Streaming,Paid Social,Mobile,6,Month-to-month,Plus,4,False,30.94,165.59,Bank transfer,False,2,3,4.0,True,17,13.9,3.9,9,42.9,8.1,7,False,9.5,False,0.0,1,No
CX03710,44,Streaming,Paid Social,Desktop,48,Annual,Standard,3,False,19.42,877.13,Debit card,True,1,2,15.6,False,3,7.2,0.4,22,29.4,9.1,10,False,6.9,False,0.0,3,No
CX03711,24,Fintech,Paid Social,Mobile,15,Two year,Basic,1,False,12.86,185.34,Debit card,True,0,0,7.8,True,18,6.8,2.0,4,40.9,8.7,10,False,4.0,False,0.0,1,No
CX03712,18,Productivity,Organic Search,Mobile,1,Month-to-month,Premium,3,False,19.05,18.8,Debit card,True,0,6,21.3,True,30,23.6,11.8,14,23.0,8.4,8,False,7.5,False,0.0,1,Yes
CX03713,40,Cloud Storage,Organic Search,Desktop,34,Annual,Plus,2,False,18.28,614.16,Credit card,True,0,4,4.6,False,9,11.4,1.7,14,39.9,8.3,8,False,4.9,False,0.0,1,No
CX03714,55,Fintech,Influencer,Desktop,63,Two year,Basic,1,False,7.59,424.5,Credit card,True,0,1,10.7,True,12,29.9,6.0,15,53.2,9.8,9,False,1.4,False,0.0,2,No
CX03715,48,Fintech,Referral,Mobile,31,Month-to-month,Plus,4,True,25.87,755.02,Credit card,False,1,2,6.7,True,20,12.1,4.0,3,41.8,7.1,4,False,3.0,False,0.0,0,No
CX03716,41,Streaming,Paid Social,Mobile,30,Month-to-month,Premium,5,False,31.94,916.54,UPI / Instant transfer,True,1,2,18.5,True,15,4.4,1.1,27,35.2,7.4,5,True,7.7,False,0.0,0,Yes
CX03717,37,Fintech,Paid Social,Mobile,13,Month-to-month,Plus,6,False,26.96,309.62,Credit card,True,0,2,7.0,True,24,25.0,10.0,1,29.0,8.4,8,False,1.3,False,0.0,1,No
CX03718,29,Cloud Storage,Paid Social,Mobile,19,Month-to-month,Standard,3,False,15.29,256.38,Debit card,False,2,4,7.2,False,12,2.2,0.4,7,55.2,8.9,8,True,1.4,False,0.0,1,No
CX03719,25,Cloud Storage,Referral,Mobile,32,Annual,Standard,3,False,14.19,440.97,Bank transfer,True,0,5,4.0,True,19,12.3,3.9,6,34.8,7.6,6,False,6.9,False,0.0,0,No
CX03720,26,Fitness,Paid Social,Desktop,28,Annual,Basic,3,True,14.92,401.71,Debit card,False,1,3,12.7,False,5,20.8,1.7,20,47.4,4.9,5,True,3.4,False,0.0,0,Yes
CX03721,40,Fintech,Organic Search,Mobile,11,Annual,Standard,3,True,16.42,164.95,Digital wallet,True,0,2,8.4,True,17,19.2,5.4,9,45.2,9.6,8,False,2.8,True,10.9,0,No
CX03722,49,Gaming,App Store,Mobile,34,Annual,Plus,2,False,19.97,626.28,Debit card,True,0,0,20.1,True,19,19.4,6.1,8,47.3,7.0,7,True,5.0,True,10.1,1,No
CX03723,32,Streaming,Paid Social,Smart TV,44,Annual,Premium,3,False,24.27,946.13,Debit card,True,0,1,18.4,True,26,4.6,2.0,17,63.6,6.9,4,False,8.9,True,14.3,0,Yes
CX03724,47,Productivity,Organic Search,Mobile,12,Month-to-month,Premium,6,False,42.29,466.92,Credit card,False,0,0,9.3,True,25,28.7,12.0,20,63.5,10.0,10,True,2.7,False,0.0,2,No
CX03725,50,Streaming,Referral,Mobile,5,Annual,Plus,5,False,37.63,181.65,Digital wallet,False,1,5,2.1,True,20,9.9,3.3,14,60.7,6.7,7,False,1.2,False,0.0,0,No
CX03726,26,Fitness,Organic Search,Desktop,24,Two year,Plus,6,False,32.02,680.13,Debit card,False,3,1,14.0,False,8,1.8,0.2,7,31.9,9.3,10,False,8.9,False,0.0,1,No
CX03727,32,Cloud Storage,Paid Social,Smart TV,6,Month-to-month,Standard,3,False,15.45,83.27,Digital wallet,False,1,1,7.9,True,21,11.5,4.0,6,29.1,8.5,10,True,2.7,False,0.0,1,Yes
CX03728,18,News & Media,Organic Search,Mobile,38,Annual,Standard,2,True,11.82,439.88,Credit card,True,0,3,11.8,True,15,22.0,5.5,4,49.5,8.3,9,False,1.7,False,0.0,0,No
CX03729,35,Productivity,Influencer,Desktop,15,Month-to-month,Premium,3,True,31.86,459.36,Credit card,True,0,1,14.8,False,12,3.6,0.7,15,61.6,6.8,8,True,8.7,False,0.0,0,No
CX03730,32,Productivity,Organic Search,Desktop,28,Month-to-month,Basic,1,False,9.6,257.43,Bank transfer,False,1,1,19.7,True,15,10.6,2.6,7,51.8,7.9,9,True,0.9,True,12.4,1,No
CX03731,45,Productivity,Referral,Desktop,19,Month-to-month,Basic,2,True,14.63,256.82,Buy now pay later,True,0,1,8.3,False,6,11.3,1.1,6,41.0,6.9,7,True,2.1,True,14.4,1,No
CX03732,47,Productivity,Paid Social,Mobile,12,Annual,Standard,3,False,14.94,177.8,Debit card,False,1,1,27.6,True,10,5.1,0.8,18,67.9,7.0,8,True,4.9,False,0.0,0,Yes
CX03733,40,Cloud Storage,Paid Social,Mobile,27,Annual,Standard,2,False,16.71,426.47,Bank transfer,True,0,1,8.1,True,15,1.7,0.4,10,41.3,8.2,9,False,6.5,False,0.0,1,Yes
CX03734,30,Productivity,Influencer,Mobile,4,Annual,Standard,5,False,23.1,86.5,UPI / Instant transfer,False,2,2,3.1,False,6,12.6,1.3,6,44.9,8.3,9,True,4.6,False,0.0,0,Yes
CX03735,52,Streaming,Influencer,Mobile,19,Month-to-month,Plus,6,False,32.49,566.73,Bank transfer,True,1,2,15.3,True,21,21.1,7.4,19,64.2,8.0,10,False,5.6,False,0.0,1,No
CX03736,45,Fintech,App Store,Mobile,11,Month-to-month,Basic,2,True,9.27,94.98,Digital wallet,True,0,0,18.8,True,14,19.6,4.6,31,46.6,8.5,10,False,8.9,False,0.0,2,No
CX03737,60,Cloud Storage,Paid Social,Mobile,8,Month-to-month,Premium,3,False,41.1,301.55,Buy now pay later,True,1,4,1.1,True,22,10.8,4.0,12,52.5,8.9,8,True,1.9,False,0.0,3,No
CX03738,56,Gaming,Referral,Desktop,18,Two year,Premium,8,False,55.7,989.24,UPI / Instant transfer,True,0,4,12.2,False,10,23.9,4.0,12,37.7,6.1,5,False,3.0,True,15.6,0,No
CX03739,38,Fitness,Paid Social,Mobile,2,Month-to-month,Plus,1,False,15.1,29.4,Bank transfer,True,1,2,10.6,True,17,3.4,1.0,9,31.9,9.4,10,False,5.4,False,0.0,2,No
CX03740,24,Fintech,Referral,Mobile,13,Annual,Basic,3,False,15.88,182.08,Debit card,False,2,1,2.5,True,18,6.3,1.9,3,32.8,9.5,10,False,2.9,False,0.0,1,No
CX03741,18,Productivity,App Store,Smart TV,9,Month-to-month,Plus,2,True,22.09,178.86,Digital wallet,False,0,4,2.3,True,15,14.3,3.6,4,48.7,8.9,10,False,3.5,True,13.2,0,No
CX03742,33,Streaming,Influencer,Desktop,3,Month-to-month,Standard,5,False,21.38,60.99,UPI / Instant transfer,True,0,2,14.5,False,10,8.5,1.4,7,61.5,9.5,10,False,3.5,False,0.0,2,No
CX03743,42,Streaming,Influencer,Mobile,32,Two year,Plus,5,False,22.95,709.7,Digital wallet,True,0,7,15.1,False,9,15.1,2.3,9,61.7,9.0,8,True,3.5,True,34.3,0,No
CX03744,19,Streaming,Influencer,Desktop,15,Month-to-month,Standard,4,False,22.42,325.7,UPI / Instant transfer,False,1,3,16.3,True,22,6.9,2.5,8,37.1,6.9,6,False,6.1,False,0.0,0,Yes
CX03745,40,Gaming,Referral,Mobile,13,Month-to-month,Standard,4,False,23.44,291.42,Credit card,True,1,2,13.9,True,14,22.5,5.2,3,34.0,7.1,7,True,2.7,False,0.0,0,No
CX03746,50,Productivity,Paid Social,Mobile,46,Month-to-month,Standard,2,False,14.94,657.84,Digital wallet,False,1,4,9.3,True,11,18.7,3.4,15,52.6,9.6,10,False,2.8,True,13.5,1,No
CX03747,51,Streaming,Paid Social,Tablet,41,Two year,Premium,5,True,28.61,1109.48,Debit card,False,0,1,12.4,False,19,11.7,3.7,5,34.4,9.1,10,True,6.8,False,0.0,2,No
CX03748,35,Fitness,Paid Social,Mobile,21,Two year,Basic,1,False,8.64,177.88,Credit card,False,3,1,33.3,True,15,25.4,6.4,8,40.0,6.8,7,False,4.0,False,0.0,1,No
CX03749,52,Gaming,Referral,Mobile,6,Month-to-month,Standard,4,False,19.66,109.15,Buy now pay later,False,1,1,12.7,True,17,33.9,9.6,6,2.8,8.0,6,True,3.4,False,0.0,3,No
CX03750,58,Streaming,Organic Search,Desktop,35,Month-to-month,Plus,8,False,30.98,1003.37,Buy now pay later,False,1,3,2.0,True,24,15.7,6.3,12,61.2,9.0,8,False,0.3,False,0.0,4,No
CX03751,29,Cloud Storage,Influencer,Mobile,29,Annual,Premium,4,False,24.92,715.0,Credit card,True,1,3,15.6,True,22,6.0,2.2,8,48.8,6.9,9,False,2.5,False,0.0,0,No
CX03752,51,Fitness,Paid Social,Mobile,38,Two year,Basic,2,False,13.49,482.58,Credit card,True,0,0,11.4,True,17,47.1,13.3,23,47.8,7.3,8,False,6.8,False,0.0,0,No
CX03753,32,News & Media,Organic Search,Desktop,40,Annual,Premium,5,False,32.39,1274.11,Credit card,True,0,5,7.4,True,23,68.6,26.3,6,51.5,5.5,6,True,8.2,True,9.9,0,No
CX03754,43,Productivity,Email Campaign,Desktop,6,Annual,Standard,3,False,21.83,122.2,UPI / Instant transfer,False,5,3,22.9,False,4,13.5,0.9,4,58.2,7.0,8,True,9.1,True,20.4,1,Yes
CX03755,48,Fintech,Referral,Desktop,2,Annual,Standard,4,False,15.4,29.79,Debit card,True,0,4,5.1,False,3,5.2,0.3,46,47.9,6.7,5,True,3.9,False,0.0,1,No
CX03756,32,Fintech,Email Campaign,Desktop,15,Month-to-month,Plus,2,True,24.34,340.48,Debit card,True,1,2,16.3,True,18,7.2,2.2,12,64.5,6.4,4,True,11.5,False,0.0,0,No
CX03757,48,Streaming,Paid Social,Desktop,2,Month-to-month,Basic,3,False,19.62,35.03,Credit card,True,0,4,3.9,True,13,18.7,4.1,8,42.7,8.3,10,False,2.9,False,0.0,0,No
CX03758,52,Streaming,Influencer,Mobile,6,Month-to-month,Standard,4,False,20.91,120.41,Credit card,True,0,1,6.2,True,13,16.1,3.5,11,64.9,9.2,10,False,2.3,False,0.0,1,No
CX03759,59,Productivity,Paid Social,Desktop,19,Month-to-month,Basic,4,False,23.87,443.94,Buy now pay later,True,0,1,7.7,False,8,2.8,0.4,7,47.0,10.0,10,True,9.4,False,0.0,2,No
CX03760,35,Streaming,Referral,Mobile,10,Month-to-month,Basic,2,False,10.27,96.9,Debit card,True,0,3,12.1,False,5,5.3,0.4,4,63.5,7.1,7,False,6.3,False,0.0,0,No
CX03761,36,Fintech,Paid Social,Desktop,37,Two year,Standard,2,False,15.35,518.47,Digital wallet,True,1,4,8.9,True,18,10.9,3.3,8,53.0,9.5,10,False,3.2,False,0.0,1,No
CX03762,36,Streaming,Paid Social,Mobile,26,Annual,Premium,2,False,23.57,592.41,UPI / Instant transfer,True,0,3,16.9,True,26,22.6,9.8,6,46.2,8.2,10,False,0.6,False,0.0,1,No
CX03763,49,Gaming,Referral,Mobile,25,Two year,Basic,3,True,13.29,293.27,Bank transfer,True,0,2,1.3,True,13,3.1,0.7,7,69.1,10.0,6,True,1.1,False,0.0,0,No
CX03764,35,Productivity,Paid Social,Desktop,12,Month-to-month,Standard,1,False,14.59,169.57,Credit card,False,0,1,15.5,True,16,7.6,2.0,3,54.8,9.4,10,False,4.0,False,0.0,3,No
CX03765,44,Streaming,Organic Search,Tablet,23,Month-to-month,Plus,3,False,26.9,554.26,Credit card,False,1,2,12.7,False,5,5.0,0.4,20,62.1,9.8,10,False,0.5,False,0.0,2,No
CX03766,37,Streaming,Referral,Mobile,10,Month-to-month,Basic,2,True,9.85,97.02,Digital wallet,True,1,2,10.7,True,19,11.3,3.6,2,33.0,6.3,5,False,2.7,False,0.0,0,Yes
CX03767,49,Fintech,Paid Social,Desktop,11,Month-to-month,Premium,2,False,35.39,379.96,Credit card,True,0,1,14.9,True,18,17.8,5.3,9,55.8,7.2,7,False,1.5,False,0.0,0,No
CX03768,31,Fitness,Paid Social,Mobile,31,Annual,Standard,4,False,18.01,525.14,Credit card,True,1,0,39.7,True,23,5.1,2.0,1,62.6,8.6,10,True,2.2,False,0.0,0,No
CX03769,36,Fitness,Paid Social,Mobile,14,Annual,Basic,2,False,15.08,192.32,Debit card,False,0,1,15.3,True,19,9.3,2.9,10,30.1,7.7,9,True,1.2,False,0.0,0,No
CX03770,27,Fintech,Paid Social,Mobile,57,Annual,Basic,3,True,16.1,902.42,UPI / Instant transfer,True,1,4,7.0,True,15,17.9,4.5,17,43.4,9.7,10,False,15.5,False,0.0,2,No
CX03771,27,Productivity,Referral,Mobile,21,Annual,Plus,4,True,23.09,462.63,Credit card,True,0,3,10.4,True,22,21.4,7.8,4,30.5,7.1,8,False,0.9,False,0.0,1,No
CX03772,39,News & Media,Email Campaign,Desktop,14,Month-to-month,Basic,4,True,17.46,230.82,UPI / Instant transfer,True,0,1,7.8,True,18,19.0,5.7,2,55.9,10.0,9,False,11.9,False,0.0,1,No
CX03773,18,Fintech,Paid Social,Desktop,13,Two year,Basic,1,True,8.44,103.79,Digital wallet,True,1,0,2.5,False,8,4.3,0.6,4,62.9,7.7,6,False,2.5,False,0.0,1,No
CX03774,43,Streaming,App Store,Desktop,26,Two year,Standard,2,False,16.61,417.51,Credit card,True,0,1,9.4,False,6,13.8,1.4,2,14.9,7.9,9,False,2.8,False,0.0,2,No
CX03775,25,Productivity,App Store,Desktop,9,Month-to-month,Basic,2,False,12.94,107.85,Digital wallet,True,1,2,3.2,False,8,17.1,2.3,10,52.1,9.1,10,False,0.5,False,0.0,2,No
CX03776,46,Productivity,Paid Social,Smart TV,16,Annual,Premium,3,True,34.16,532.42,Digital wallet,True,0,0,37.0,True,19,10.0,3.2,2,55.0,7.3,5,False,0.8,True,17.6,1,No
CX03777,44,Fintech,App Store,Desktop,16,Annual,Plus,4,False,30.46,440.09,UPI / Instant transfer,True,0,2,4.0,True,28,2.7,1.3,8,24.0,8.3,7,False,12.0,False,0.0,4,No
CX03778,43,Fintech,Referral,Smart TV,15,Month-to-month,Plus,6,False,32.56,456.75,UPI / Instant transfer,False,3,3,21.7,True,20,31.7,10.6,5,16.8,6.7,8,False,4.0,False,0.0,1,Yes
CX03779,31,Fintech,Organic Search,Tablet,28,Month-to-month,Plus,3,False,24.78,652.11,Credit card,False,2,3,5.3,True,16,17.9,4.8,24,76.7,8.1,9,False,3.7,False,0.0,1,Yes
CX03780,52,Productivity,Email Campaign,Tablet,12,Month-to-month,Premium,5,False,39.08,429.33,Buy now pay later,True,1,5,19.0,False,12,13.6,2.7,6,46.9,7.5,10,True,5.0,True,7.5,1,Yes
CX03781,36,Fintech,Email Campaign,Mobile,30,Two year,Plus,2,False,20.47,540.55,Buy now pay later,False,1,2,25.6,True,17,8.9,2.5,4,42.4,8.2,8,False,1.2,False,0.0,2,No
CX03782,57,Cloud Storage,Email Campaign,Mobile,18,Month-to-month,Plus,8,False,41.33,664.32,Debit card,False,2,5,20.1,True,22,6.8,2.5,3,38.0,7.9,9,False,3.5,False,0.0,1,Yes
CX03783,42,Gaming,App Store,Tablet,9,Month-to-month,Basic,3,False,11.09,90.98,UPI / Instant transfer,False,2,2,13.5,True,22,18.4,6.7,19,62.7,7.9,8,False,5.3,False,0.0,1,No
CX03784,29,Streaming,Organic Search,Smart TV,12,Month-to-month,Plus,6,False,23.86,263.63,Digital wallet,True,1,2,6.8,True,18,11.0,3.3,11,71.9,7.9,8,False,13.8,False,0.0,1,No
CX03785,18,Streaming,Influencer,Desktop,66,Two year,Standard,7,False,32.51,2106.29,Digital wallet,True,2,3,12.5,True,20,7.5,2.5,2,24.1,6.9,8,False,9.0,False,0.0,0,No
CX03786,53,Cloud Storage,Organic Search,Mobile,6,Month-to-month,Standard,2,False,12.82,71.43,UPI / Instant transfer,True,0,1,6.5,True,22,1.9,0.7,8,52.3,8.2,8,False,2.8,False,0.0,1,No
CX03787,32,Cloud Storage,Organic Search,Smart TV,11,Month-to-month,Premium,4,False,37.05,398.03,Credit card,True,0,2,6.3,True,25,10.4,4.3,8,56.3,10.0,10,False,4.6,False,0.0,2,No
CX03788,43,Fitness,Email Campaign,Smart TV,6,Month-to-month,Premium,4,False,36.92,203.17,Credit card,False,2,5,16.9,False,11,6.8,1.2,8,37.4,7.3,7,True,7.8,False,0.0,1,No
CX03789,48,Streaming,Referral,Mobile,22,Month-to-month,Standard,2,False,19.13,370.96,Bank transfer,True,0,2,4.1,True,18,28.4,8.5,3,25.0,8.1,7,True,2.2,False,0.0,1,No
CX03790,34,Fitness,Referral,Desktop,12,Annual,Basic,1,False,8.13,91.92,Credit card,False,3,0,5.8,True,20,3.2,1.1,29,57.4,8.9,8,False,0.4,False,0.0,1,No
CX03791,57,Fintech,Organic Search,Mobile,10,Month-to-month,Basic,2,True,12.51,125.04,Credit card,True,0,1,2.8,True,11,19.9,3.6,6,63.5,9.3,9,True,3.5,False,0.0,2,No
CX03792,24,Fintech,Referral,Tablet,3,Month-to-month,Basic,3,False,18.9,50.46,Debit card,True,1,3,7.4,True,17,1.4,0.4,1,56.1,9.6,10,False,7.6,False,0.0,2,No
CX03793,31,Streaming,Paid Social,Mobile,11,Month-to-month,Standard,2,False,17.81,187.03,Debit card,True,0,7,4.0,True,18,8.4,2.5,2,35.3,6.1,5,False,4.2,False,0.0,0,Yes
CX03794,29,Streaming,Paid Social,Tablet,7,Month-to-month,Basic,3,False,11.11,76.3,Digital wallet,True,1,0,16.5,False,8,9.1,1.2,0,55.2,9.6,10,True,3.3,False,0.0,1,Yes
CX03795,27,Streaming,Referral,Mobile,49,Annual,Plus,2,False,20.78,935.58,Credit card,True,1,0,11.2,True,26,3.6,1.6,23,50.2,9.3,9,False,3.4,True,7.9,1,No
CX03796,18,Fintech,Paid Social,Mobile,22,Annual,Basic,2,False,7.44,153.35,Digital wallet,True,1,2,7.6,True,8,14.5,1.9,15,63.9,9.7,10,True,1.8,True,4.0,3,No
CX03797,31,Streaming,Organic Search,Desktop,31,Month-to-month,Plus,4,False,25.97,723.05,Digital wallet,False,3,1,13.7,False,10,13.3,2.2,8,58.9,7.2,8,False,2.5,False,0.0,0,No
CX03798,28,Streaming,Referral,Mobile,20,Annual,Premium,5,False,34.59,646.84,Credit card,False,2,2,14.3,True,19,17.3,5.5,6,48.5,7.1,6,False,2.5,True,22.3,0,No
CX03799,46,Streaming,Email Campaign,Tablet,45,Annual,Basic,1,True,9.37,405.33,UPI / Instant transfer,False,1,3,29.7,False,5,21.4,1.8,8,32.4,6.9,5,False,16.4,False,0.0,0,No
CX03800,32,Streaming,Influencer,Tablet,20,Month-to-month,Standard,3,False,20.99,407.84,Bank transfer,False,2,0,1.1,True,16,13.1,3.5,26,34.2,10.0,10,False,4.0,True,32.3,0,No
CX03801,32,Fintech,Paid Social,Mobile,41,Annual,Plus,3,False,21.9,825.82,Debit card,False,0,2,5.8,False,12,23.9,4.8,21,50.4,8.8,7,False,1.4,False,0.0,1,No
CX03802,20,News & Media,App Store,Tablet,21,Month-to-month,Standard,4,False,16.7,343.82,Debit card,True,0,3,5.6,False,7,32.1,3.7,17,42.8,6.6,6,True,13.0,False,0.0,0,Yes
CX03803,44,Cloud Storage,Organic Search,Mobile,9,Annual,Plus,5,False,36.76,317.88,UPI / Instant transfer,True,1,6,6.8,True,21,7.3,2.6,27,38.0,8.6,7,True,16.1,False,0.0,0,No
CX03804,18,Fitness,App Store,Mobile,24,Annual,Plus,5,True,26.74,591.54,Digital wallet,True,0,5,19.3,True,26,11.0,4.8,1,25.2,6.8,6,False,2.7,False,0.0,0,No
CX03805,34,News & Media,Paid Social,Tablet,31,Annual,Plus,8,False,43.73,1276.14,Credit card,True,0,1,5.3,False,9,11.8,1.8,7,53.1,9.3,10,False,7.4,False,0.0,0,No
CX03806,47,Fintech,Organic Search,Desktop,7,Month-to-month,Standard,2,False,16.87,115.1,UPI / Instant transfer,False,1,0,11.0,True,11,15.0,2.8,4,49.5,8.2,7,False,4.1,False,0.0,1,No
CX03807,40,Productivity,Paid Social,Tablet,27,Two year,Standard,1,False,13.65,365.44,Digital wallet,True,1,2,8.2,True,17,10.2,2.9,15,24.9,8.8,10,False,8.0,False,0.0,1,No
CX03808,24,Streaming,Organic Search,Mobile,21,Month-to-month,Standard,2,False,15.62,293.37,Digital wallet,True,0,2,14.7,True,16,16.0,4.3,3,58.7,9.8,10,True,12.8,True,30.2,3,No
CX03809,49,Fitness,Paid Social,Mobile,24,Month-to-month,Basic,1,False,7.79,186.09,Credit card,True,0,4,1.7,True,11,32.9,6.0,17,58.5,8.1,7,True,13.8,False,0.0,2,No
CX03810,40,Productivity,Paid Social,Mobile,26,Annual,Plus,4,False,35.61,853.09,Credit card,True,1,4,17.5,True,18,8.0,2.4,0,43.1,9.4,10,False,15.1,False,0.0,0,No
CX03811,32,Streaming,Referral,Mobile,21,Month-to-month,Basic,2,False,11.58,218.63,UPI / Instant transfer,True,1,2,3.6,True,16,10.4,2.8,14,62.9,7.3,10,True,7.3,False,0.0,0,Yes
CX03812,42,Fintech,Organic Search,Mobile,23,Annual,Standard,2,False,22.39,485.81,UPI / Instant transfer,True,0,2,10.2,True,17,11.9,3.4,24,53.0,8.2,7,True,3.5,False,0.0,0,No
CX03813,31,Fintech,Organic Search,Mobile,4,Month-to-month,Standard,3,False,21.33,82.65,Credit card,True,2,0,5.3,True,17,12.3,3.5,3,22.6,8.2,9,False,1.8,False,0.0,1,No
CX03814,39,Streaming,App Store,Mobile,54,Two year,Standard,1,True,17.17,897.79,UPI / Instant transfer,False,0,1,9.0,True,14,2.5,0.6,13,51.9,8.8,8,True,1.1,False,0.0,2,No
CX03815,49,Cloud Storage,Influencer,Desktop,13,Month-to-month,Plus,3,False,20.5,244.67,Debit card,False,4,2,14.7,True,16,15.4,4.1,2,49.7,8.0,8,False,18.9,False,0.0,3,Yes
CX03816,47,Fintech,Organic Search,Smart TV,49,Two year,Plus,4,False,30.82,1466.75,Credit card,True,0,4,6.7,True,20,1.0,0.3,1,46.2,8.3,8,False,5.4,False,0.0,0,No
CX03817,18,Streaming,Paid Social,Mobile,3,Month-to-month,Basic,3,False,13.65,36.32,Credit card,True,0,2,1.4,True,15,5.3,1.3,14,67.2,7.3,6,False,9.0,False,0.0,2,No
CX03818,40,Productivity,Paid Social,Mobile,7,Month-to-month,Standard,4,True,22.92,141.7,UPI / Instant transfer,True,1,2,5.9,True,21,57.5,20.1,9,24.3,8.4,7,False,1.2,False,0.0,0,Yes
CX03819,21,Streaming,Paid Social,Smart TV,54,Annual,Premium,6,False,30.93,1546.6,Credit card,True,0,3,27.5,True,22,5.6,2.1,14,51.1,6.8,5,False,5.8,False,0.0,1,No
CX03820,41,Streaming,Paid Social,Mobile,5,Month-to-month,Premium,5,False,35.16,159.91,Digital wallet,False,1,3,21.5,True,21,7.9,2.8,12,51.2,9.3,10,False,2.2,False,0.0,0,No
CX03821,44,Cloud Storage,Organic Search,Desktop,11,Month-to-month,Basic,1,False,8.76,87.08,Credit card,True,0,3,3.9,True,18,19.6,5.9,9,64.2,8.5,8,False,5.3,False,0.0,2,No
CX03822,41,Fitness,Organic Search,Desktop,4,Month-to-month,Basic,3,False,15.22,56.16,Credit card,True,0,1,13.9,False,6,7.1,0.7,2,57.0,7.9,8,False,3.3,False,0.0,0,No
CX03823,44,Streaming,Organic Search,Mobile,13,Month-to-month,Basic,1,False,7.19,90.69,Bank transfer,True,0,2,4.8,True,22,18.3,6.7,2,41.2,9.1,7,False,0.3,False,0.0,4,No
CX03824,35,Fitness,Paid Social,Mobile,11,Month-to-month,Plus,2,True,26.14,277.23,UPI / Instant transfer,True,0,1,4.3,True,18,18.4,5.5,4,48.1,7.9,6,True,13.1,False,0.0,0,No
CX03825,28,Gaming,Paid Social,Mobile,9,Month-to-month,Standard,7,False,24.0,204.76,UPI / Instant transfer,False,2,7,17.4,False,9,5.3,0.8,7,36.1,6.9,6,False,6.8,True,10.1,0,No
CX03826,43,Gaming,Organic Search,Mobile,39,Annual,Plus,4,False,25.29,926.79,UPI / Instant transfer,True,0,3,13.7,True,18,5.0,1.5,4,32.2,6.1,8,True,7.2,False,0.0,1,No
CX03827,48,Fintech,App Store,Mobile,21,Annual,Standard,2,True,19.88,393.92,Debit card,True,0,1,7.6,True,22,18.6,6.8,3,58.2,9.7,10,False,8.2,False,0.0,3,No
CX03828,38,Productivity,Paid Social,Desktop,14,Annual,Basic,2,True,15.17,207.39,Debit card,True,0,2,7.0,False,4,3.8,0.3,6,15.2,8.9,10,False,8.5,False,0.0,1,No
CX03829,30,Fintech,Email Campaign,Mobile,6,Month-to-month,Plus,2,False,27.46,162.49,Digital wallet,False,0,1,13.8,True,21,8.5,3.0,5,29.3,7.4,8,True,2.6,True,16.0,2,No
CX03830,35,Cloud Storage,Referral,Mobile,7,Month-to-month,Standard,2,False,19.95,137.93,Debit card,False,1,3,22.9,True,21,22.8,8.0,25,57.6,7.7,9,False,9.2,True,6.0,0,Yes
CX03831,30,Productivity,Paid Social,Tablet,31,Annual,Plus,4,True,22.78,689.53,UPI / Instant transfer,False,5,2,4.5,False,5,30.7,2.6,12,28.4,8.5,7,False,2.6,True,8.5,2,No
CX03832,40,Fintech,Organic Search,Desktop,8,Annual,Premium,3,True,29.4,210.92,UPI / Instant transfer,True,2,2,6.1,True,31,25.6,13.2,1,65.6,9.5,10,False,2.2,True,7.7,2,No
CX03833,36,Streaming,Referral,Smart TV,28,Annual,Standard,2,False,14.38,387.45,Debit card,True,1,2,16.1,True,10,15.0,2.5,7,72.6,6.8,5,True,1.5,True,12.9,1,No
CX03834,40,Gaming,Referral,Mobile,17,Month-to-month,Premium,8,False,55.97,889.04,UPI / Instant transfer,False,0,4,5.7,True,27,16.2,7.3,15,68.6,8.5,9,True,0.3,True,15.9,2,No
CX03835,29,Fintech,Referral,Mobile,4,Annual,Standard,5,False,26.95,105.78,Debit card,True,0,2,9.4,True,14,5.7,1.3,11,43.1,9.0,10,True,4.8,False,0.0,1,No
CX03836,45,Productivity,Paid Social,Mobile,16,Month-to-month,Standard,5,False,32.55,468.49,Credit card,False,0,2,2.4,True,18,43.5,13.0,9,35.2,8.3,8,True,9.4,True,12.3,1,No
CX03837,28,Cloud Storage,Referral,Mobile,6,Month-to-month,Premium,7,False,42.7,250.13,Credit card,False,1,1,7.6,True,23,17.6,6.7,2,32.5,7.1,6,True,3.1,True,11.8,2,No
CX03838,18,Fintech,App Store,Mobile,39,Month-to-month,Standard,4,False,20.74,778.41,Bank transfer,True,0,0,2.1,True,26,19.0,8.2,4,64.6,8.3,7,False,4.3,False,0.0,4,No
CX03839,35,Productivity,App Store,Mobile,13,Month-to-month,Basic,2,False,14.89,190.16,Debit card,False,0,3,8.6,True,21,6.8,2.4,3,59.3,9.0,9,True,8.3,False,0.0,4,No
CX03840,36,Fintech,Organic Search,Tablet,5,Month-to-month,Plus,3,False,24.08,110.03,UPI / Instant transfer,False,1,6,5.6,True,16,14.3,3.8,11,44.9,8.5,8,False,2.5,False,0.0,0,No
CX03841,24,Productivity,Organic Search,Mobile,14,Month-to-month,Standard,5,True,33.38,414.95,Digital wallet,True,0,6,11.4,True,21,7.3,2.6,9,65.7,7.1,6,True,1.7,False,0.0,0,Yes
CX03842,38,Fintech,Organic Search,Desktop,1,Month-to-month,Plus,7,False,29.38,28.5,Digital wallet,False,2,2,5.5,True,14,13.5,3.2,4,61.4,9.3,9,False,7.7,False,0.0,1,No
CX03843,36,Fintech,App Store,Smart TV,15,Annual,Standard,1,False,12.45,183.52,Digital wallet,True,0,3,22.4,True,24,10.9,4.4,31,42.8,7.9,7,True,4.7,False,0.0,2,No
CX03844,30,Gaming,Paid Social,Smart TV,14,Month-to-month,Standard,4,True,18.61,233.57,Credit card,True,1,2,6.9,True,13,6.4,1.4,2,36.5,7.6,6,True,1.0,False,0.0,2,No
CX03845,24,Fitness,Referral,Mobile,18,Month-to-month,Standard,3,False,21.88,359.91,UPI / Instant transfer,False,1,2,5.2,True,10,18.3,3.0,23,47.5,9.3,10,False,12.4,False,0.0,1,Yes
CX03846,36,News & Media,Organic Search,Desktop,24,Two year,Standard,1,False,11.52,270.07,Digital wallet,True,0,1,13.3,True,18,12.6,3.8,7,66.7,9.4,8,True,7.2,True,7.9,4,No
CX03847,41,Fintech,Organic Search,Mobile,19,Month-to-month,Standard,4,True,17.88,315.08,UPI / Instant transfer,True,0,1,10.2,True,17,3.0,0.8,9,56.5,7.6,9,True,1.8,False,0.0,1,Yes
CX03848,38,Fintech,Referral,Mobile,11,Month-to-month,Plus,6,False,33.05,330.99,Debit card,True,0,4,9.8,True,22,22.2,8.1,4,32.1,9.4,10,False,6.7,False,0.0,1,No
CX03849,46,Gaming,Paid Social,Desktop,67,Annual,Basic,3,False,14.63,970.99,UPI / Instant transfer,True,0,2,26.1,True,19,4.9,1.6,1,37.2,5.5,7,True,3.9,True,32.0,0,No
CX03850,50,News & Media,Influencer,Mobile,15,Month-to-month,Standard,5,False,26.55,397.31,Credit card,False,0,3,22.2,True,15,10.1,2.5,4,62.3,9.5,10,False,3.5,False,0.0,1,No
CX03851,44,News & Media,Organic Search,Desktop,18,Annual,Standard,2,False,14.04,223.48,UPI / Instant transfer,True,0,2,7.0,False,7,17.4,2.0,20,61.8,9.5,9,True,5.9,True,15.7,2,No
CX03852,43,Productivity,Referral,Desktop,23,Month-to-month,Plus,1,False,18.1,407.38,Digital wallet,False,2,3,7.1,True,33,19.4,10.7,4,68.3,8.2,9,True,14.5,False,0.0,2,No
CX03853,18,News & Media,Paid Social,Mobile,42,Two year,Basic,2,False,10.22,394.15,UPI / Instant transfer,True,3,0,16.5,True,12,15.3,3.1,33,43.1,10.0,10,False,7.0,True,10.1,4,No
CX03854,57,Productivity,Paid Social,Mobile,28,Two year,Plus,4,True,22.29,568.04,Digital wallet,False,0,3,7.6,True,19,7.1,2.2,4,30.7,7.2,7,False,2.6,False,0.0,2,Yes
CX03855,44,News & Media,App Store,Mobile,5,Month-to-month,Plus,4,False,21.77,102.25,Debit card,False,0,3,4.9,True,15,18.5,4.6,8,24.6,7.2,7,False,1.0,False,0.0,0,Yes
CX03856,28,Fitness,Organic Search,Mobile,44,Month-to-month,Plus,4,False,20.39,799.47,UPI / Instant transfer,True,2,1,9.1,False,8,9.3,1.2,16,74.2,8.8,7,False,8.3,False,0.0,2,Yes
CX03857,25,News & Media,App Store,Mobile,42,Annual,Standard,6,False,24.28,954.23,Debit card,True,2,1,19.7,True,19,21.4,6.8,5,46.5,10.0,10,True,6.6,False,0.0,4,No
CX03858,45,Productivity,Paid Social,Tablet,12,Annual,Standard,3,False,15.78,171.69,Buy now pay later,False,1,3,14.4,False,6,20.5,2.0,4,47.4,7.1,9,False,1.8,False,0.0,0,No
CX03859,28,News & Media,Paid Social,Mobile,25,Two year,Standard,3,False,26.27,646.32,Credit card,True,1,3,25.7,True,21,31.9,11.2,17,53.4,6.9,9,False,1.5,False,0.0,0,No
CX03860,54,Productivity,Email Campaign,Smart TV,31,Two year,Standard,4,True,21.11,606.41,Debit card,True,0,4,2.8,True,23,23.1,8.9,1,57.0,8.9,9,True,7.9,True,3.0,1,No
CX03861,18,Fintech,Organic Search,Mobile,44,Annual,Plus,4,True,23.61,915.17,Digital wallet,True,0,1,18.9,True,21,21.9,7.7,5,67.5,7.9,8,False,11.4,False,0.0,2,No
CX03862,40,Cloud Storage,Organic Search,Mobile,12,Month-to-month,Basic,2,False,13.28,157.79,Digital wallet,False,1,3,2.5,True,18,12.1,3.6,9,52.2,6.3,4,False,2.3,False,0.0,0,No
CX03863,18,Streaming,Organic Search,Desktop,4,Month-to-month,Premium,1,False,29.17,112.86,Digital wallet,True,0,3,2.2,True,25,15.2,6.3,4,41.1,7.7,9,True,1.7,False,0.0,1,No
CX03864,29,Productivity,Influencer,Mobile,20,Month-to-month,Plus,4,False,41.34,759.23,Credit card,True,1,3,7.2,True,26,2.0,0.9,10,40.7,9.6,6,False,3.3,True,14.7,2,No
CX03865,22,Fintech,Paid Social,Desktop,62,Annual,Standard,3,True,23.81,1468.74,UPI / Instant transfer,False,0,1,14.7,True,16,11.1,3.0,6,63.6,8.1,8,False,0.1,False,0.0,1,No
CX03866,38,Streaming,Paid Social,Smart TV,1,Month-to-month,Standard,4,False,22.18,21.78,Credit card,True,0,2,9.7,True,12,11.5,2.3,16,42.7,7.5,6,True,4.2,False,0.0,3,Yes
CX03867,30,Gaming,Paid Social,Mobile,19,Annual,Basic,3,False,14.43,248.69,Digital wallet,True,0,2,13.7,True,21,10.0,3.5,8,34.4,8.3,5,False,9.6,False,0.0,1,No
CX03868,47,Gaming,Referral,Mobile,2,Month-to-month,Plus,4,False,23.33,46.43,Debit card,True,0,2,32.0,True,19,8.8,2.8,6,45.4,8.0,9,False,8.0,False,0.0,1,No
CX03869,27,Gaming,Paid Social,Desktop,31,Two year,Premium,4,True,30.4,850.49,Digital wallet,True,1,2,9.7,True,16,17.5,4.7,12,45.8,8.0,6,False,11.8,False,0.0,1,No
CX03870,46,Fitness,App Store,Mobile,12,Month-to-month,Premium,4,True,31.91,380.94,Credit card,True,0,2,5.7,True,25,5.8,2.4,23,50.4,9.1,10,True,9.0,False,0.0,1,No
CX03871,43,Productivity,App Store,Mobile,50,Month-to-month,Basic,3,True,11.57,571.25,Debit card,True,0,2,6.6,True,15,16.7,4.2,1,44.5,8.7,9,False,14.2,False,0.0,5,No
CX03872,31,Fintech,Referral,Mobile,12,Month-to-month,Standard,6,False,29.31,322.11,Digital wallet,True,0,1,9.8,True,13,17.1,3.7,25,60.1,10.0,10,False,4.6,True,17.9,1,No
CX03873,32,Fitness,Email Campaign,Mobile,5,Month-to-month,Basic,1,False,8.39,38.42,Credit card,True,2,1,17.1,True,15,12.8,3.2,8,32.1,4.7,4,True,10.2,False,0.0,0,Yes
CX03874,24,Fintech,Organic Search,Tablet,35,Annual,Plus,3,True,25.18,835.31,Digital wallet,False,0,3,13.3,False,7,16.3,1.9,5,33.2,8.6,10,False,5.7,False,0.0,1,No
CX03875,21,Productivity,Paid Social,Desktop,7,Month-to-month,Standard,1,False,15.57,96.81,Credit card,False,2,6,4.2,True,21,13.4,4.7,2,43.6,9.8,10,False,7.6,False,0.0,2,No
CX03876,24,Fitness,Email Campaign,Desktop,64,Annual,Premium,7,False,32.51,1895.53,Buy now pay later,False,1,6,8.1,True,14,39.7,9.3,6,46.3,7.8,9,False,3.2,False,0.0,1,No
CX03877,28,Streaming,Organic Search,Mobile,40,Annual,Basic,5,True,21.19,799.57,Digital wallet,True,0,2,14.9,True,17,14.4,4.1,7,36.3,8.9,8,False,5.4,False,0.0,2,No
CX03878,58,Streaming,Referral,Mobile,7,Month-to-month,Plus,5,False,35.3,239.64,Digital wallet,False,1,0,12.6,True,17,8.8,2.5,8,62.2,7.8,9,False,2.9,False,0.0,0,No
CX03879,35,Streaming,Referral,Mobile,8,Month-to-month,Premium,5,False,32.64,256.15,Credit card,False,0,5,2.5,False,9,13.7,2.1,0,34.2,8.4,8,False,6.0,False,0.0,2,No
CX03880,51,Fitness,App Store,Desktop,18,Annual,Premium,3,True,24.82,440.25,Debit card,False,0,2,10.4,True,19,5.7,1.8,4,69.2,9.4,8,True,6.3,True,18.2,3,No
CX03881,39,Streaming,Organic Search,Mobile,9,Month-to-month,Plus,4,False,24.96,200.52,Digital wallet,True,0,1,3.2,True,15,5.5,1.4,20,58.3,8.6,9,True,2.0,True,25.8,1,No
CX03882,31,Fitness,Organic Search,Tablet,11,Month-to-month,Standard,4,False,22.6,246.75,Credit card,True,0,1,19.3,True,15,8.6,2.2,2,57.9,6.7,6,True,0.3,False,0.0,1,Yes
CX03883,19,Fintech,App Store,Mobile,43,Annual,Basic,5,True,15.49,608.92,Bank transfer,False,1,4,27.4,True,14,3.2,0.7,11,70.9,8.0,7,False,0.6,False,0.0,2,No
CX03884,47,Cloud Storage,Referral,Mobile,20,Two year,Standard,3,False,17.2,331.96,Buy now pay later,True,0,1,1.4,True,10,17.8,3.0,12,52.1,10.0,10,True,5.6,False,0.0,3,No
CX03885,37,Cloud Storage,Paid Social,Tablet,27,Annual,Basic,5,False,17.08,447.34,Credit card,True,0,1,9.1,True,16,5.5,1.5,5,41.1,7.9,8,True,10.6,False,0.0,0,Yes
CX03886,58,Streaming,App Store,Tablet,11,Annual,Premium,4,False,40.64,431.68,UPI / Instant transfer,True,1,3,27.5,False,8,22.5,3.0,26,37.5,9.1,9,False,3.8,False,0.0,1,No
CX03887,58,Cloud Storage,Email Campaign,Tablet,8,Month-to-month,Plus,5,False,34.82,250.61,Bank transfer,False,2,4,0.6,False,7,2.9,0.3,1,76.4,7.9,9,False,2.4,True,9.3,1,Yes
CX03888,31,Fintech,App Store,Mobile,17,Annual,Premium,4,False,41.08,659.71,Credit card,True,0,4,3.6,True,24,11.9,4.8,23,40.7,9.5,8,True,5.2,True,10.7,3,No
CX03889,24,Fitness,App Store,Mobile,27,Two year,Basic,1,False,5.66,137.61,Debit card,True,1,0,1.9,True,19,15.2,4.8,0,11.7,10.0,10,False,4.7,True,12.2,2,No
CX03890,31,Streaming,Organic Search,Mobile,17,Month-to-month,Plus,4,False,26.37,397.71,UPI / Instant transfer,False,2,2,6.0,True,23,12.7,4.9,5,43.7,9.1,10,False,2.3,True,29.4,1,No
CX03891,44,Streaming,Email Campaign,Mobile,11,Annual,Basic,3,False,14.65,146.3,Digital wallet,True,1,2,1.7,True,18,15.3,4.6,4,66.6,8.1,8,False,3.3,True,25.8,0,No
CX03892,22,Cloud Storage,App Store,Desktop,4,Month-to-month,Basic,3,False,13.01,51.36,Digital wallet,True,0,2,3.1,True,17,2.1,0.6,9,62.9,7.8,7,True,5.3,True,25.2,0,Yes
CX03893,45,Fintech,Organic Search,Smart TV,29,Annual,Basic,2,False,12.82,335.98,Debit card,True,1,2,6.8,False,3,19.3,1.0,13,59.4,9.2,10,False,3.3,False,0.0,2,No
CX03894,21,Streaming,Referral,Mobile,23,Annual,Basic,2,False,14.33,314.86,Credit card,True,0,1,3.8,True,23,10.8,4.1,2,46.0,9.1,9,True,9.2,True,13.7,2,No
CX03895,23,News & Media,App Store,Desktop,24,Annual,Plus,1,True,28.44,681.82,Buy now pay later,False,2,0,14.0,False,9,36.8,5.5,10,38.9,10.0,10,False,8.7,True,13.3,0,No
CX03896,18,Productivity,App Store,Smart TV,10,Two year,Standard,2,True,17.02,158.45,Credit card,True,0,1,25.9,True,16,19.4,5.2,13,55.2,7.6,9,True,6.5,False,0.0,0,No
CX03897,50,News & Media,Paid Social,Tablet,44,Two year,Standard,4,False,25.0,1032.27,UPI / Instant transfer,False,0,4,3.4,False,9,10.4,1.6,2,60.8,9.0,8,False,2.1,True,17.6,2,No
CX03898,46,Fitness,Influencer,Tablet,15,Month-to-month,Basic,3,False,16.76,247.48,UPI / Instant transfer,True,0,4,11.5,True,14,10.4,2.4,1,35.7,6.2,8,True,3.3,False,0.0,0,Yes
CX03899,31,Fintech,Paid Social,Desktop,4,Month-to-month,Plus,1,False,16.08,58.38,UPI / Instant transfer,True,1,3,22.3,True,15,8.3,2.1,24,23.6,8.6,10,False,0.7,False,0.0,0,Yes
CX03900,32,Cloud Storage,App Store,Mobile,19,Annual,Premium,3,False,33.55,613.87,Buy now pay later,True,0,5,12.8,True,20,22.3,7.4,1,70.5,8.4,5,False,2.5,False,0.0,0,No
CX03901,48,Productivity,App Store,Smart TV,35,Month-to-month,Standard,5,False,35.47,1213.36,UPI / Instant transfer,False,2,1,6.8,False,10,8.8,1.5,5,51.1,8.5,8,False,3.1,False,0.0,1,Yes
CX03902,24,Productivity,Paid Social,Mobile,41,Two year,Premium,2,False,25.88,934.08,Bank transfer,True,0,1,12.3,True,19,20.5,6.5,9,52.3,8.4,10,True,4.9,True,22.0,2,No
CX03903,24,Fintech,Organic Search,Desktop,60,Two year,Plus,3,True,20.0,1197.16,UPI / Instant transfer,True,0,3,14.2,True,19,3.5,1.1,3,53.7,8.0,10,False,4.3,False,0.0,1,No
CX03904,22,Fitness,Email Campaign,Mobile,7,Month-to-month,Premium,7,False,34.9,218.89,Credit card,True,0,7,13.9,True,20,15.0,5.0,10,76.7,7.8,8,False,16.7,False,0.0,0,No
CX03905,33,Fintech,Referral,Mobile,17,Month-to-month,Standard,2,False,17.18,271.93,Credit card,False,3,2,14.6,True,21,19.9,7.0,11,42.2,6.7,7,True,0.4,False,0.0,0,No
CX03906,46,Fintech,Paid Social,Mobile,69,Two year,Basic,3,True,15.36,1000.23,Buy now pay later,True,0,0,10.7,True,14,10.0,2.3,4,38.5,7.5,8,False,3.5,True,6.0,1,No
CX03907,31,Gaming,App Store,Desktop,12,Month-to-month,Standard,2,True,17.95,210.64,UPI / Instant transfer,False,1,1,4.7,True,16,24.4,6.5,3,50.1,7.0,7,True,2.6,False,0.0,0,No
CX03908,44,News & Media,Organic Search,Mobile,13,Month-to-month,Premium,8,True,43.02,545.55,Credit card,True,0,2,3.4,True,15,15.7,3.9,8,47.0,10.0,9,False,2.0,True,18.1,7,No
CX03909,29,Fintech,Organic Search,Smart TV,15,Month-to-month,Standard,7,True,20.6,279.67,Debit card,True,0,4,4.7,True,19,15.9,5.0,1,49.5,7.6,7,False,2.0,False,0.0,1,No
CX03910,18,Gaming,Organic Search,Smart TV,29,Two year,Plus,4,False,19.07,524.16,Digital wallet,True,0,3,11.8,True,18,16.4,4.9,18,35.3,6.3,4,False,16.8,False,0.0,0,No
CX03911,46,News & Media,Email Campaign,Mobile,27,Month-to-month,Premium,3,False,27.54,683.11,UPI / Instant transfer,False,1,1,32.8,True,21,5.2,1.8,5,26.7,7.8,9,True,4.7,False,0.0,2,No
CX03912,24,Streaming,Email Campaign,Mobile,18,Annual,Standard,5,True,30.62,487.38,Credit card,True,0,1,2.3,True,17,4.9,1.4,6,59.5,8.9,9,True,1.3,False,0.0,1,No
CX03913,38,Gaming,App Store,Mobile,3,Month-to-month,Premium,4,False,27.76,73.55,Digital wallet,False,3,2,32.6,True,17,22.7,6.4,10,65.0,6.9,6,True,17.0,False,0.0,1,Yes
CX03914,34,News & Media,App Store,Mobile,31,Month-to-month,Plus,5,True,30.41,923.34,Credit card,True,0,6,27.9,True,21,14.1,4.9,9,56.2,6.7,6,False,0.9,True,14.5,2,No
CX03915,32,Cloud Storage,Organic Search,Mobile,45,Annual,Premium,4,False,33.82,1379.25,Debit card,True,0,4,5.4,True,18,7.1,2.1,11,60.5,8.9,7,True,2.2,False,0.0,3,No
CX03916,37,Gaming,Paid Social,Desktop,14,Annual,Basic,2,True,11.79,148.17,Credit card,True,1,5,14.9,True,18,20.6,6.2,16,54.6,8.2,7,True,6.6,False,0.0,0,Yes
CX03917,39,Fitness,Paid Social,Mobile,25,Month-to-month,Premium,2,True,24.32,547.79,Debit card,False,4,1,33.3,True,19,12.2,3.9,4,39.6,7.8,9,False,3.7,False,0.0,3,Yes
CX03918,44,Cloud Storage,Paid Social,Desktop,25,Month-to-month,Standard,3,False,17.45,404.06,Digital wallet,False,2,1,11.1,False,7,6.5,0.8,11,47.7,10.0,10,True,1.3,True,13.3,3,No
CX03919,56,Fintech,Influencer,Mobile,17,Month-to-month,Standard,5,False,23.07,351.05,Digital wallet,False,0,2,4.0,True,26,10.6,4.6,1,68.0,9.3,10,True,0.2,False,0.0,2,No
CX03920,26,Productivity,Organic Search,Desktop,4,Month-to-month,Premium,4,False,31.89,122.99,Digital wallet,False,1,2,2.0,True,19,13.1,4.1,25,39.7,6.5,7,False,7.6,False,0.0,0,No
CX03921,56,Gaming,Email Campaign,Desktop,69,Annual,Plus,1,False,16.54,1106.01,Credit card,True,1,3,6.8,True,15,16.9,4.2,8,37.4,8.1,10,True,13.8,True,13.6,0,No
CX03922,29,Gaming,App Store,Desktop,24,Annual,Premium,6,False,44.34,981.12,Debit card,True,0,3,14.9,True,21,4.9,1.7,0,30.1,7.1,9,True,1.9,True,17.5,0,No
CX03923,38,Fintech,Referral,Desktop,16,Month-to-month,Basic,1,False,9.86,156.52,Credit card,True,0,0,10.9,True,25,28.5,11.9,12,57.6,7.6,9,False,8.5,True,6.4,2,No
CX03924,33,Fintech,Paid Social,Desktop,11,Annual,Premium,6,False,38.93,387.36,Credit card,True,1,6,6.4,True,24,14.7,5.9,6,40.9,9.2,10,True,1.4,False,0.0,1,No
CX03925,44,Cloud Storage,Referral,Desktop,7,Month-to-month,Standard,4,False,35.31,244.54,Debit card,True,0,3,16.6,True,16,21.0,5.6,3,64.6,9.3,8,True,20.5,False,0.0,1,No
CX03926,44,Gaming,Email Campaign,Mobile,3,Month-to-month,Standard,5,True,30.41,89.1,Credit card,False,1,4,5.8,True,19,36.1,11.4,13,42.7,7.3,8,True,7.9,True,5.9,1,Yes
CX03927,20,Fintech,Organic Search,Mobile,6,Month-to-month,Basic,3,True,17.29,92.7,Credit card,True,0,3,37.3,True,20,12.8,4.3,9,27.8,7.6,6,False,0.3,False,0.0,2,No
CX03928,43,Streaming,Influencer,Tablet,17,Month-to-month,Standard,2,False,16.62,267.19,UPI / Instant transfer,False,0,2,7.9,True,18,21.6,6.5,3,32.1,8.3,7,False,0.8,False,0.0,2,Yes
CX03929,27,Streaming,Influencer,Smart TV,8,Month-to-month,Plus,6,False,23.95,190.32,Debit card,False,0,3,8.4,True,35,9.0,5.2,5,27.1,7.4,6,False,1.6,False,0.0,1,No
CX03930,47,Fitness,Influencer,Desktop,7,Month-to-month,Plus,3,True,25.55,160.99,Digital wallet,False,1,2,3.4,True,12,17.3,3.5,6,44.7,8.9,7,False,2.7,False,0.0,4,Yes
CX03931,34,Streaming,Organic Search,Mobile,11,Month-to-month,Plus,4,False,21.24,225.51,Debit card,False,1,1,11.7,True,20,18.6,6.2,2,28.8,6.2,6,False,9.7,False,0.0,1,Yes
CX03932,25,News & Media,Email Campaign,Mobile,23,Two year,Standard,3,False,23.99,519.38,Debit card,True,0,3,12.9,True,17,15.6,4.4,0,31.5,7.4,7,False,11.2,False,0.0,1,No
CX03933,30,News & Media,Email Campaign,Desktop,52,Two year,Premium,3,False,28.18,1362.73,UPI / Instant transfer,True,0,4,12.5,True,33,13.3,7.3,6,49.1,8.6,9,False,2.6,False,0.0,1,No
CX03934,32,Fintech,App Store,Mobile,38,Annual,Standard,3,True,20.76,773.05,Bank transfer,False,1,1,8.1,False,7,42.5,5.0,13,68.1,7.4,7,False,0.1,False,0.0,1,No
CX03935,46,Fitness,App Store,Mobile,16,Month-to-month,Basic,3,False,21.64,307.84,UPI / Instant transfer,False,1,1,13.5,True,13,18.2,3.9,5,55.1,9.0,7,False,9.5,False,0.0,1,No
CX03936,51,Productivity,App Store,Mobile,12,Month-to-month,Standard,3,False,17.26,206.48,Buy now pay later,True,0,2,16.7,True,16,18.7,5.0,13,91.2,8.7,8,False,1.4,False,0.0,1,No
CX03937,33,Streaming,App Store,Mobile,73,Annual,Standard,2,False,18.56,1306.05,Digital wallet,True,0,0,3.3,True,22,16.9,6.2,5,59.4,9.8,10,False,0.6,False,0.0,3,No
CX03938,34,Fintech,App Store,Mobile,3,Month-to-month,Basic,2,True,9.04,27.07,UPI / Instant transfer,True,0,3,15.0,True,17,6.2,1.8,11,55.4,7.2,9,True,0.8,True,25.3,0,Yes
CX03939,24,Fitness,App Store,Mobile,10,Month-to-month,Plus,3,False,27.18,245.22,Debit card,True,0,3,10.3,True,23,35.8,13.7,1,33.4,7.8,9,False,2.5,False,0.0,2,Yes
CX03940,18,Streaming,Organic Search,Mobile,3,Month-to-month,Standard,3,False,25.32,69.87,Credit card,True,0,1,7.3,True,14,16.4,3.8,6,59.8,7.6,6,False,1.0,True,12.1,1,No
CX03941,46,Streaming,Paid Social,Mobile,15,Month-to-month,Plus,3,False,25.89,379.96,Credit card,False,1,1,27.6,True,21,19.5,6.8,6,23.3,7.0,6,False,3.5,False,0.0,1,No
CX03942,46,Gaming,Referral,Mobile,11,Month-to-month,Basic,3,False,12.49,132.2,Credit card,False,1,1,16.3,True,22,19.2,7.0,9,29.3,10.0,10,True,2.0,False,0.0,0,Yes
CX03943,20,Gaming,Influencer,Mobile,33,Two year,Premium,3,False,30.72,941.59,UPI / Instant transfer,False,2,6,6.0,True,18,7.1,2.1,9,26.5,8.6,6,True,6.1,False,0.0,1,No
CX03944,18,Productivity,Email Campaign,Mobile,9,Month-to-month,Standard,2,False,19.44,168.04,Credit card,True,0,5,15.0,True,17,4.2,1.2,3,56.8,9.7,10,False,1.8,False,0.0,0,No
CX03945,26,News & Media,App Store,Mobile,14,Annual,Plus,2,False,19.71,269.05,Debit card,True,0,3,34.5,True,23,5.5,2.1,12,46.6,5.4,5,False,2.7,False,0.0,0,No
CX03946,18,Streaming,Email Campaign,Desktop,15,Annual,Plus,4,False,23.94,351.65,Credit card,False,1,2,14.0,True,17,10.2,2.9,9,45.9,7.1,7,True,0.9,False,0.0,1,No
CX03947,19,Cloud Storage,Referral,Desktop,17,Annual,Premium,6,False,39.13,590.63,Credit card,True,1,3,5.6,True,18,16.2,4.9,2,45.6,8.3,8,False,8.7,False,0.0,1,No
CX03948,30,Streaming,App Store,Mobile,11,Month-to-month,Standard,3,False,17.56,170.4,Credit card,True,1,2,3.7,False,9,5.0,0.8,8,50.7,7.8,8,False,7.4,False,0.0,1,Yes
CX03949,49,Productivity,Organic Search,Tablet,13,Month-to-month,Plus,5,True,23.24,290.38,Digital wallet,True,1,3,16.0,False,9,15.6,2.3,14,23.9,9.4,9,True,4.4,True,7.1,2,Yes
CX03950,35,Fintech,Influencer,Desktop,8,Annual,Basic,2,True,8.79,67.14,Credit card,True,1,1,8.6,True,17,19.1,5.4,2,52.8,9.6,10,True,6.1,True,16.0,1,No
CX03951,41,Cloud Storage,Influencer,Desktop,4,Month-to-month,Standard,1,False,13.65,51.48,Digital wallet,True,1,1,14.8,True,21,8.2,2.9,11,66.1,8.4,9,True,2.7,False,0.0,3,No
CX03952,34,Cloud Storage,Organic Search,Desktop,11,Month-to-month,Standard,2,False,23.89,261.86,Bank transfer,False,1,1,5.1,True,23,12.7,4.9,29,46.5,8.3,10,False,5.9,True,16.8,0,No
CX03953,26,Fitness,Organic Search,Mobile,15,Annual,Standard,4,False,17.02,244.4,Credit card,True,1,1,17.8,True,14,14.6,3.4,1,37.0,7.8,7,False,1.3,True,3.1,1,No
CX03954,35,Fitness,Organic Search,Desktop,18,Two year,Plus,3,False,24.94,429.47,Debit card,True,1,1,22.0,False,6,30.4,3.0,1,51.7,10.0,8,False,5.1,False,0.0,1,No
CX03955,40,Productivity,Organic Search,Mobile,22,Annual,Basic,3,False,12.78,256.37,UPI / Instant transfer,True,1,1,15.1,False,5,15.4,1.3,2,30.1,8.4,7,True,2.5,True,13.9,3,No
CX03956,36,Productivity,Paid Social,Mobile,30,Month-to-month,Standard,1,False,12.98,360.95,Credit card,False,1,1,12.7,True,25,5.9,2.5,6,31.3,7.5,5,False,3.7,False,0.0,1,No
CX03957,44,Streaming,Influencer,Mobile,47,Two year,Standard,6,True,27.6,1223.83,UPI / Instant transfer,True,0,3,50.0,True,24,18.2,7.3,2,63.3,8.5,9,False,3.5,False,0.0,2,No
CX03958,51,Streaming,Organic Search,Desktop,36,Two year,Standard,6,True,27.04,969.01,Bank transfer,False,1,3,21.2,True,17,25.1,7.1,9,39.1,8.0,8,False,4.0,False,0.0,2,No
CX03959,23,Productivity,Paid Social,Mobile,14,Month-to-month,Standard,3,True,19.89,266.74,Debit card,True,0,4,17.0,True,14,32.8,7.7,14,48.0,6.2,6,False,2.4,False,0.0,0,Yes
CX03960,56,Fintech,Organic Search,Desktop,7,Month-to-month,Basic,3,True,14.43,94.39,Bank transfer,True,0,5,6.6,True,17,5.4,1.5,5,67.1,8.1,10,False,5.2,False,0.0,0,No
CX03961,21,Productivity,Email Campaign,Mobile,5,Month-to-month,Plus,5,False,28.91,133.64,Credit card,False,2,4,8.3,False,10,11.6,1.9,31,60.3,8.7,8,False,3.4,False,0.0,1,No
CX03962,44,Fitness,Paid Social,Mobile,68,Annual,Premium,6,False,32.29,2069.04,Buy now pay later,False,1,3,7.8,True,30,13.1,6.6,5,43.4,8.0,6,True,3.6,False,0.0,3,No
CX03963,27,Streaming,Influencer,Mobile,16,Month-to-month,Basic,3,False,13.4,197.26,Digital wallet,False,0,2,16.6,True,16,11.4,3.0,7,61.3,6.5,7,True,8.7,False,0.0,0,No
CX03964,43,Fitness,Paid Social,Mobile,11,Month-to-month,Basic,3,False,15.09,154.92,Bank transfer,False,0,0,14.7,True,18,16.3,4.9,2,38.0,8.9,10,False,4.0,False,0.0,2,No
CX03965,49,Cloud Storage,App Store,Desktop,28,Annual,Premium,5,True,47.81,1252.38,Credit card,False,3,2,6.4,True,21,11.8,4.1,6,11.8,6.2,5,True,9.8,False,0.0,1,No
CX03966,29,Streaming,App Store,Tablet,28,Annual,Plus,4,False,23.67,649.39,Debit card,True,0,2,15.9,True,21,19.9,7.0,3,58.3,7.7,8,True,1.7,True,27.5,2,No
CX03967,29,News & Media,App Store,Mobile,29,Two year,Basic,1,False,7.12,187.36,UPI / Instant transfer,True,0,1,10.9,True,14,4.8,1.1,2,44.7,8.4,8,False,6.1,False,0.0,1,No
CX03968,27,Fintech,Paid Social,Mobile,11,Month-to-month,Standard,2,False,20.34,217.56,Bank transfer,True,2,1,28.2,True,14,14.3,3.3,4,23.2,8.0,8,False,1.1,False,0.0,1,No
CX03969,36,News & Media,Organic Search,Mobile,22,Annual,Basic,1,False,8.83,193.3,Digital wallet,True,0,3,4.7,True,18,9.4,2.8,3,36.8,8.0,7,True,8.5,True,18.3,1,No
CX03970,18,Fintech,Paid Social,Tablet,38,Annual,Plus,3,False,23.98,816.97,UPI / Instant transfer,True,0,1,7.8,False,10,37.8,6.3,5,67.1,10.0,10,False,6.0,False,0.0,4,No
CX03971,29,Productivity,Organic Search,Smart TV,73,Month-to-month,Premium,5,False,31.97,2055.26,Bank transfer,False,1,1,10.3,True,19,10.9,3.5,11,45.4,9.1,10,False,13.0,False,0.0,0,No
CX03972,51,Fintech,Paid Social,Desktop,10,Annual,Standard,3,False,14.53,135.68,Digital wallet,False,0,1,5.6,False,14,7.8,1.8,1,56.0,7.6,7,False,12.6,False,0.0,2,No
CX03973,18,Cloud Storage,Influencer,Smart TV,27,Annual,Plus,2,False,24.98,635.5,Credit card,False,1,3,28.9,True,21,39.2,13.7,5,79.2,8.6,10,False,4.1,True,21.7,2,No
CX03974,30,Streaming,Paid Social,Mobile,18,Two year,Premium,4,False,38.69,678.11,Digital wallet,True,0,3,11.7,True,21,3.7,1.3,8,59.0,7.5,8,False,10.3,True,19.2,0,No
CX03975,18,Fitness,Paid Social,Desktop,3,Month-to-month,Plus,2,False,19.48,57.1,Credit card,True,2,1,6.9,False,8,12.5,1.7,9,26.2,8.3,8,True,10.2,True,18.8,2,Yes
CX03976,41,Fitness,App Store,Smart TV,1,Month-to-month,Plus,5,False,21.76,19.92,Debit card,True,1,4,6.2,True,15,14.6,3.6,6,33.2,9.6,10,True,6.4,False,0.0,1,Yes
CX03977,24,Fintech,Influencer,Mobile,12,Month-to-month,Basic,1,False,9.02,103.01,UPI / Instant transfer,False,2,2,3.4,True,19,10.1,3.2,2,54.9,9.1,9,False,2.9,False,0.0,0,No
CX03978,53,Fintech,Referral,Mobile,7,Month-to-month,Standard,3,False,18.46,121.53,Digital wallet,True,1,3,1.8,True,22,9.4,3.4,1,33.9,7.2,8,False,4.0,False,0.0,0,Yes
CX03979,24,Gaming,Paid Social,Mobile,17,Annual,Basic,1,False,8.89,141.77,Digital wallet,True,0,2,13.1,False,9,17.5,2.6,7,60.1,9.4,10,True,5.9,False,0.0,1,No
CX03980,35,Fitness,Organic Search,Mobile,9,Month-to-month,Plus,5,True,34.5,285.54,Digital wallet,False,0,4,12.4,True,22,11.2,4.1,2,72.0,9.6,10,True,1.9,False,0.0,2,Yes
CX03981,42,Cloud Storage,Paid Social,Tablet,18,Month-to-month,Basic,4,False,17.2,288.44,Bank transfer,False,1,3,19.8,True,22,10.6,3.9,11,70.4,7.5,6,True,7.6,False,0.0,0,No
CX03982,34,Cloud Storage,App Store,Mobile,36,Annual,Plus,4,True,30.05,1040.35,UPI / Instant transfer,False,1,4,14.4,True,24,30.9,12.4,16,21.4,7.1,6,True,4.0,True,27.9,0,No
CX03983,44,Fitness,App Store,Desktop,35,Month-to-month,Basic,3,False,10.16,320.37,UPI / Instant transfer,True,1,2,6.5,False,4,5.0,0.3,18,40.3,8.1,8,False,2.2,False,0.0,2,No
CX03984,34,Cloud Storage,Organic Search,Mobile,11,Annual,Plus,3,True,35.29,351.22,Buy now pay later,False,1,2,14.2,True,16,5.8,1.5,17,41.1,7.1,6,True,3.2,True,14.0,0,No
CX03985,46,Streaming,Influencer,Mobile,6,Month-to-month,Plus,2,False,16.35,97.92,Debit card,False,1,2,11.4,False,10,48.2,8.0,15,39.4,8.2,10,False,2.9,False,0.0,2,Yes
CX03986,45,Gaming,App Store,Mobile,25,Month-to-month,Plus,1,False,14.69,356.59,Credit card,True,3,2,2.9,True,21,8.1,2.8,5,36.0,9.1,7,False,7.1,False,0.0,1,No
CX03987,38,Fitness,Organic Search,Mobile,15,Month-to-month,Plus,3,False,21.93,321.15,Credit card,False,0,0,4.8,True,22,4.5,1.6,9,60.9,8.3,8,True,11.7,True,22.5,1,No
CX03988,24,Streaming,App Store,Smart TV,26,Annual,Standard,3,True,18.68,483.4,Digital wallet,True,0,5,4.5,True,12,3.8,0.8,22,45.0,6.6,7,True,7.5,True,22.7,1,Yes
CX03989,20,Streaming,Organic Search,Mobile,8,Month-to-month,Standard,1,False,16.78,133.91,Credit card,True,0,6,12.0,True,9,20.3,3.0,8,69.8,7.2,7,True,2.3,True,9.9,0,Yes
CX03990,44,Fintech,Paid Social,Desktop,17,Month-to-month,Standard,3,True,20.53,315.61,Digital wallet,False,1,5,12.6,True,11,3.9,0.7,16,44.8,6.6,7,True,1.1,False,0.0,1,Yes
CX03991,40,Fitness,Organic Search,Desktop,28,Month-to-month,Plus,2,False,26.97,666.95,Debit card,False,1,4,9.0,False,6,9.7,1.0,4,30.6,10.0,10,True,10.2,False,0.0,1,No
CX03992,24,Cloud Storage,Referral,Mobile,12,Month-to-month,Plus,7,False,37.53,450.18,Buy now pay later,True,1,3,8.0,True,22,1.4,0.5,6,8.9,9.9,9,True,11.5,False,0.0,2,Yes
CX03993,57,Productivity,Organic Search,Mobile,5,Month-to-month,Plus,6,False,35.04,157.9,Debit card,False,1,1,8.5,True,22,9.3,3.4,3,67.5,9.9,10,False,0.6,False,0.0,2,No
CX03994,39,Fintech,Paid Social,Mobile,65,Annual,Basic,3,False,13.58,796.12,Credit card,True,0,1,34.8,True,23,10.5,4.0,5,72.8,6.1,7,False,6.7,False,0.0,0,No
CX03995,29,Gaming,Paid Social,Mobile,9,Month-to-month,Standard,3,True,18.93,151.21,Credit card,True,1,5,4.6,True,21,30.8,10.8,2,47.8,6.5,6,True,3.8,True,17.8,0,No
CX03996,52,Fitness,App Store,Mobile,29,Annual,Standard,1,False,17.04,440.82,Digital wallet,True,0,0,15.8,True,23,6.7,2.6,4,68.8,10.0,10,False,0.7,False,0.0,1,No
CX03997,39,Cloud Storage,Referral,Mobile,35,Month-to-month,Basic,2,False,13.65,456.35,Credit card,False,0,1,1.0,True,20,9.4,3.1,20,64.8,8.8,8,False,3.0,False,0.0,0,No
CX03998,53,Cloud Storage,App Store,Mobile,34,Annual,Basic,1,True,7.92,249.77,Debit card,True,0,3,22.8,False,7,14.4,1.7,2,77.9,8.4,9,False,7.3,True,13.7,0,No
CX03999,34,Streaming,Paid Social,Desktop,12,Month-to-month,Standard,4,False,18.7,199.1,Credit card,False,1,4,12.5,True,19,30.2,9.6,15,26.1,7.9,8,False,8.4,True,8.2,2,No
CX04000,44,Streaming,Organic Search,Mobile,6,Month-to-month,Premium,3,False,32.46,176.56,Digital wallet,True,1,3,27.4,True,13,11.4,2.5,1,48.7,6.0,7,False,13.9,False,0.0,0,Yes
CX04001,49,Productivity,Organic Search,Mobile,18,Annual,Basic,1,False,8.56,145.77,UPI / Instant transfer,True,0,1,11.1,True,11,24.5,4.5,12,28.2,9.3,8,False,8.6,False,0.0,4,No
CX04002,39,Fintech,Organic Search,Smart TV,2,Month-to-month,Premium,3,False,32.62,62.48,Digital wallet,True,0,1,5.0,False,9,10.8,1.6,8,39.8,9.1,9,False,2.0,False,0.0,2,No
CX04003,32,Streaming,Paid Social,Mobile,62,Two year,Standard,2,False,17.2,1023.03,Bank transfer,False,1,5,16.9,True,20,6.2,2.1,2,32.0,6.1,6,True,11.5,True,10.8,0,No
CX04004,51,Fintech,Influencer,Mobile,7,Month-to-month,Standard,3,False,26.94,187.9,UPI / Instant transfer,True,0,2,6.3,True,13,22.4,4.9,7,43.6,7.6,5,True,0.5,False,0.0,2,No
CX04005,38,Fintech,Paid Social,Mobile,41,Annual,Standard,2,False,13.34,522.18,Digital wallet,True,0,4,11.5,True,16,16.1,4.3,3,36.3,10.0,10,True,12.2,False,0.0,2,No
CX04006,26,News & Media,Paid Social,Tablet,30,Two year,Standard,4,False,18.49,502.34,Credit card,True,0,2,16.1,True,20,3.4,1.1,9,65.4,10.0,9,False,2.2,True,12.1,4,No
CX04007,37,Streaming,Organic Search,Desktop,9,Month-to-month,Standard,6,False,26.64,219.04,UPI / Instant transfer,True,0,5,4.9,True,23,5.6,2.1,12,41.2,9.8,10,False,3.4,False,0.0,3,Yes
CX04008,21,Cloud Storage,Organic Search,Mobile,21,Annual,Standard,6,False,28.59,558.08,Bank transfer,True,0,3,6.2,True,20,18.2,6.1,2,53.1,10.0,8,True,6.0,True,15.9,2,No
CX04009,48,Gaming,Influencer,Desktop,16,Annual,Standard,2,True,18.44,276.38,Debit card,True,0,1,15.6,True,12,4.4,0.9,4,74.1,6.7,7,True,5.4,False,0.0,0,No
CX04010,44,News & Media,Paid Social,Mobile,18,Month-to-month,Premium,4,False,26.95,438.7,Credit card,False,0,4,6.2,True,19,30.9,9.8,20,45.4,9.0,8,True,11.7,False,0.0,4,No
CX04011,27,Streaming,Paid Social,Mobile,26,Annual,Premium,6,False,41.82,994.04,UPI / Instant transfer,True,1,0,11.0,True,21,21.4,7.5,8,59.1,8.0,7,True,2.8,False,0.0,0,No
CX04012,34,Cloud Storage,Referral,Mobile,17,Annual,Standard,2,True,15.82,238.54,Bank transfer,True,0,3,18.1,True,23,11.2,4.3,8,27.6,7.6,9,False,4.5,True,10.3,1,No
CX04013,38,Gaming,App Store,Mobile,30,Two year,Premium,5,True,31.13,829.23,Credit card,True,0,4,21.6,True,28,3.3,1.5,4,73.1,9.0,9,False,10.8,False,0.0,3,No
CX04014,42,Streaming,Email Campaign,Tablet,76,Annual,Plus,5,False,20.63,1440.34,Digital wallet,False,0,1,14.7,True,33,7.7,4.2,15,44.3,9.5,9,False,7.5,False,0.0,3,No
CX04015,30,Fintech,Email Campaign,Mobile,11,Month-to-month,Plus,5,False,27.81,305.88,Bank transfer,False,1,1,6.9,False,6,13.6,1.4,23,67.7,7.2,5,False,1.2,False,0.0,0,No
CX04016,53,Streaming,App Store,Mobile,6,Month-to-month,Standard,3,False,20.02,115.83,Digital wallet,False,3,5,1.1,True,13,4.8,1.0,4,35.4,6.5,6,False,6.7,False,0.0,1,No
CX04017,19,Cloud Storage,Paid Social,Desktop,6,Month-to-month,Plus,4,False,22.76,134.43,Debit card,False,2,3,7.7,False,5,17.4,1.4,11,48.3,9.3,8,False,6.3,False,0.0,3,No
CX04018,44,Cloud Storage,Referral,Desktop,26,Annual,Standard,5,False,23.18,557.49,Buy now pay later,True,0,5,1.1,False,6,8.1,0.8,4,58.4,8.3,7,False,5.1,True,16.0,1,No
CX04019,19,Fintech,App Store,Mobile,16,Month-to-month,Standard,4,False,14.84,223.42,Bank transfer,True,0,2,0.8,True,18,27.8,8.3,11,36.9,8.3,5,True,2.3,True,18.3,2,No
CX04020,49,Streaming,Email Campaign,Mobile,20,Annual,Standard,4,False,19.87,351.03,Credit card,True,0,1,14.4,True,23,19.8,7.6,0,70.1,7.8,10,True,2.3,True,15.6,0,No
CX04021,26,Cloud Storage,Email Campaign,Mobile,12,Month-to-month,Standard,3,False,20.2,229.11,UPI / Instant transfer,True,0,4,5.7,True,16,18.1,4.8,1,55.4,7.5,6,True,9.8,False,0.0,1,No
CX04022,40,Gaming,Influencer,Mobile,11,Annual,Basic,3,False,14.07,154.66,Debit card,True,1,2,11.7,True,19,14.2,4.5,4,24.0,8.3,8,False,0.3,True,19.1,2,No
CX04023,39,Cloud Storage,Paid Social,Desktop,17,Annual,Standard,5,False,22.99,372.86,Credit card,True,1,0,5.2,True,16,9.7,2.6,2,47.4,9.3,10,False,3.8,False,0.0,0,No
CX04024,36,Productivity,Organic Search,Mobile,18,Annual,Plus,2,False,24.28,384.73,Credit card,True,0,2,13.0,True,25,9.1,3.8,5,49.9,8.2,7,True,1.8,False,0.0,0,No
CX04025,44,Gaming,App Store,Desktop,47,Two year,Premium,3,False,27.63,1209.21,Credit card,False,0,1,22.5,False,10,25.2,4.2,4,48.5,7.2,8,False,0.8,False,0.0,0,No
CX04026,24,Cloud Storage,App Store,Mobile,5,Month-to-month,Basic,1,False,7.09,34.64,Digital wallet,False,0,1,10.2,True,22,17.5,6.4,15,46.9,8.9,9,False,7.4,False,0.0,2,No
CX04027,41,News & Media,Referral,Mobile,25,Two year,Plus,2,False,19.23,426.32,Debit card,True,1,2,2.3,True,22,17.6,6.5,8,31.7,8.8,9,False,8.0,False,0.0,1,No
CX04028,30,News & Media,Paid Social,Mobile,35,Two year,Basic,3,False,12.31,400.91,UPI / Instant transfer,True,1,2,18.9,True,12,13.9,2.8,2,63.5,7.5,7,False,1.7,False,0.0,0,No
CX04029,31,Streaming,App Store,Smart TV,17,Month-to-month,Standard,4,False,20.15,317.64,UPI / Instant transfer,False,1,2,12.1,True,21,6.8,2.4,14,33.5,8.6,9,False,5.2,False,0.0,3,No
CX04030,33,Cloud Storage,Paid Social,Mobile,8,Month-to-month,Standard,3,False,27.08,200.82,Credit card,True,0,1,14.1,False,5,7.0,0.6,10,57.8,8.1,9,False,14.5,False,0.0,3,Yes
CX04031,20,Streaming,App Store,Mobile,35,Month-to-month,Standard,3,True,23.9,801.14,Credit card,False,3,0,18.6,True,13,2.8,0.6,4,39.6,6.2,6,False,7.1,False,0.0,0,No
CX04032,58,Productivity,Organic Search,Mobile,16,Month-to-month,Standard,3,False,17.45,260.41,UPI / Instant transfer,False,1,1,9.9,True,15,2.3,0.6,9,38.2,10.0,10,False,11.2,False,0.0,1,No
CX04033,45,Streaming,Referral,Desktop,23,Annual,Basic,3,False,13.8,284.52,Debit card,True,0,0,5.6,True,19,2.0,0.6,23,33.7,10.0,10,False,2.1,False,0.0,3,No
CX04034,29,News & Media,Referral,Mobile,14,Month-to-month,Basic,1,False,9.07,123.07,Credit card,False,3,1,19.5,True,23,11.1,4.3,8,46.2,7.8,8,False,2.7,False,0.0,1,No
CX04035,32,Fintech,Paid Social,Desktop,19,Month-to-month,Premium,4,False,23.1,411.85,Credit card,False,0,2,23.5,False,6,16.6,1.7,16,56.2,8.6,8,True,3.5,False,0.0,3,Yes
CX04036,32,Productivity,Referral,Mobile,3,Month-to-month,Basic,3,True,11.19,32.7,Credit card,True,1,3,28.2,True,14,7.1,1.7,2,53.7,8.3,10,False,1.0,False,0.0,1,Yes
CX04037,49,Fintech,App Store,Smart TV,3,Month-to-month,Basic,1,False,11.5,31.42,Digital wallet,True,0,1,9.7,True,20,8.2,2.7,3,51.7,8.6,5,False,1.5,False,0.0,1,Yes
CX04038,56,Productivity,Organic Search,Mobile,23,Annual,Standard,3,False,25.36,515.67,Credit card,True,1,3,10.4,True,19,16.1,5.1,15,28.3,9.5,9,True,3.8,False,0.0,1,No
CX04039,19,Fitness,Referral,Mobile,1,Month-to-month,Basic,2,False,13.1,12.54,UPI / Instant transfer,True,0,4,6.5,True,11,38.1,7.0,11,45.7,6.7,5,False,7.9,True,12.5,0,No
CX04040,75,News & Media,App Store,Mobile,10,Month-to-month,Standard,2,True,16.18,153.55,Digital wallet,True,0,3,15.5,True,23,17.0,6.5,10,53.0,7.9,9,True,2.1,False,0.0,1,Yes
CX04041,31,Productivity,Organic Search,Desktop,13,Month-to-month,Plus,3,False,27.05,331.82,Digital wallet,False,0,6,20.0,False,9,37.5,5.6,1,14.9,6.9,8,True,1.2,False,0.0,1,Yes
CX04042,34,Gaming,Paid Social,Mobile,34,Month-to-month,Standard,4,False,20.55,696.52,Debit card,True,1,4,19.0,True,18,6.2,1.9,15,61.7,9.6,10,True,1.4,True,17.1,1,No
CX04043,18,News & Media,Organic Search,Desktop,36,Annual,Basic,1,True,10.21,331.69,Bank transfer,True,0,0,35.6,False,5,12.2,1.0,5,67.2,7.2,7,False,1.1,False,0.0,0,No
CX04044,38,Fintech,Paid Social,Mobile,22,Month-to-month,Standard,2,True,15.51,338.8,Digital wallet,False,4,1,15.3,True,15,22.8,5.7,4,58.9,8.7,9,False,0.1,False,0.0,2,Yes
CX04045,29,Streaming,Referral,Desktop,15,Month-to-month,Plus,2,False,19.95,285.85,Credit card,True,1,3,17.5,False,10,11.4,1.9,7,54.3,7.7,7,False,0.7,False,0.0,1,Yes
CX04046,21,Cloud Storage,App Store,Mobile,23,Month-to-month,Standard,2,False,15.61,316.27,Bank transfer,True,0,5,4.9,True,15,3.5,0.9,4,37.9,7.7,8,True,4.8,False,0.0,1,Yes
CX04047,55,Fitness,Paid Social,Mobile,8,Annual,Basic,3,True,13.67,100.82,Bank transfer,False,2,2,22.5,True,21,29.3,10.3,14,73.8,10.0,8,False,9.9,False,0.0,4,No
CX04048,27,News & Media,Email Campaign,Desktop,22,Two year,Standard,3,False,20.81,457.74,Digital wallet,True,0,0,19.6,True,14,9.1,2.1,15,35.9,9.2,8,False,8.5,False,0.0,3,No
CX04049,59,Streaming,App Store,Mobile,27,Month-to-month,Plus,3,False,31.81,845.61,Digital wallet,False,3,1,16.2,True,21,15.2,5.3,13,60.2,9.0,9,True,4.7,True,6.9,1,No
CX04050,32,Fintech,Organic Search,Mobile,40,Annual,Basic,2,False,10.51,382.07,Credit card,False,2,3,3.7,True,16,20.1,5.4,7,64.3,8.0,7,False,1.4,False,0.0,1,Yes
CX04051,36,Fitness,Referral,Mobile,10,Month-to-month,Standard,5,False,19.6,189.45,UPI / Instant transfer,False,1,4,8.7,True,25,20.4,8.5,11,23.6,8.4,7,False,0.5,False,0.0,0,No
CX04052,18,Productivity,App Store,Mobile,34,Month-to-month,Standard,2,False,23.58,742.6,Credit card,True,0,3,7.5,True,21,10.8,3.8,6,52.0,9.0,9,False,8.8,False,0.0,2,No
CX04053,41,Fintech,Referral,Desktop,10,Month-to-month,Standard,3,False,15.92,150.09,Credit card,False,1,0,16.1,True,23,13.5,5.2,12,27.8,7.8,9,False,4.3,True,19.7,0,No
CX04054,35,News & Media,Paid Social,Mobile,14,Annual,Basic,2,True,14.96,188.93,UPI / Instant transfer,True,0,2,5.9,True,18,20.1,6.0,19,73.2,9.1,10,True,7.9,True,15.6,1,No
CX04055,25,Streaming,Organic Search,Desktop,19,Two year,Standard,2,False,15.18,285.38,Digital wallet,True,0,0,5.6,True,18,7.4,2.2,2,48.1,8.6,6,False,0.5,False,0.0,3,No
CX04056,29,Cloud Storage,Influencer,Mobile,16,Month-to-month,Plus,2,False,25.46,383.39,Debit card,False,3,0,4.4,True,27,22.2,10.0,29,61.6,9.5,9,True,3.9,False,0.0,1,No
CX04057,33,Productivity,App Store,Mobile,8,Month-to-month,Premium,8,False,35.25,255.63,Credit card,False,1,5,10.7,False,10,4.3,0.7,13,41.6,7.2,8,False,5.0,False,0.0,0,Yes
CX04058,57,Fintech,Organic Search,Desktop,5,Month-to-month,Standard,1,False,13.37,63.65,Buy now pay later,True,0,2,9.3,False,5,24.6,2.0,4,53.9,7.4,7,False,5.3,False,0.0,0,No
CX04059,29,Productivity,Organic Search,Mobile,5,Month-to-month,Premium,4,False,27.17,132.43,Credit card,True,0,1,11.5,True,23,2.9,1.1,3,59.0,9.7,9,False,4.1,False,0.0,2,No
CX04060,68,Cloud Storage,Referral,Mobile,70,Two year,Standard,1,False,13.77,861.41,Credit card,True,0,2,10.4,True,11,4.6,0.8,2,62.3,10.0,10,False,4.4,False,0.0,2,No
CX04061,33,Fintech,App Store,Desktop,19,Annual,Plus,4,False,32.77,606.39,Credit card,True,0,0,4.7,True,16,8.7,2.3,8,62.0,9.4,10,True,3.5,True,3.0,5,No
CX04062,40,Streaming,App Store,Mobile,4,Annual,Standard,2,False,17.63,62.73,Credit card,True,0,3,26.7,True,24,5.8,2.3,15,28.3,7.6,9,False,1.0,False,0.0,1,No
CX04063,35,News & Media,Influencer,Mobile,23,Annual,Standard,4,False,22.19,500.33,UPI / Instant transfer,True,0,0,4.0,True,21,8.1,2.8,8,49.7,10.0,10,False,10.9,True,16.9,4,No
CX04064,44,Productivity,App Store,Mobile,18,Annual,Premium,3,False,31.86,529.55,Digital wallet,True,0,3,7.0,True,18,15.7,4.7,15,54.2,9.8,9,False,3.4,True,12.4,2,No
CX04065,41,Fintech,Organic Search,Mobile,27,Annual,Basic,3,False,10.31,250.58,UPI / Instant transfer,False,0,3,3.7,True,14,19.9,4.6,5,47.4,9.3,10,True,8.7,False,0.0,0,Yes
CX04066,37,Fintech,Organic Search,Desktop,14,Two year,Standard,3,False,21.05,269.54,Bank transfer,True,0,1,5.5,False,11,9.2,1.7,12,57.9,8.2,10,True,6.7,False,0.0,0,No
CX04067,31,Productivity,Email Campaign,Desktop,46,Annual,Basic,1,False,10.47,467.3,UPI / Instant transfer,True,0,3,8.9,True,13,10.4,2.3,25,57.5,7.8,6,True,4.4,True,13.5,1,No
CX04068,28,Streaming,Organic Search,Desktop,52,Annual,Premium,4,False,29.63,1419.88,Credit card,True,0,3,7.0,False,10,23.9,4.0,15,48.1,8.0,10,True,7.9,False,0.0,1,Yes
CX04069,45,Streaming,Organic Search,Desktop,8,Annual,Standard,5,True,26.5,187.89,Debit card,True,0,7,8.8,False,7,27.4,3.2,7,49.6,6.8,5,False,2.2,False,0.0,0,No
CX04070,40,Fitness,App Store,Desktop,47,Month-to-month,Plus,1,True,17.8,831.6,Buy now pay later,False,0,0,9.8,True,15,10.1,2.5,9,65.7,8.7,7,True,1.6,False,0.0,4,Yes
CX04071,45,Fitness,Email Campaign,Mobile,28,Two year,Plus,8,False,34.51,904.23,Debit card,True,0,5,11.2,True,28,11.5,5.4,6,54.4,9.5,10,True,5.2,True,20.9,1,No
CX04072,46,Streaming,Email Campaign,Desktop,33,Month-to-month,Basic,2,False,12.82,380.53,Credit card,True,0,2,12.6,True,14,7.0,1.6,8,56.1,9.6,10,False,0.9,False,0.0,6,No
CX04073,43,Cloud Storage,Paid Social,Mobile,46,Annual,Basic,1,False,8.7,384.4,Credit card,False,1,3,30.7,True,13,13.0,2.8,3,55.6,7.5,8,True,2.3,False,0.0,0,No
CX04074,30,Fintech,App Store,Mobile,39,Two year,Premium,4,False,23.85,819.54,UPI / Instant transfer,True,0,3,17.7,True,22,33.9,12.4,1,57.6,8.8,10,True,17.5,True,17.1,2,No
CX04075,54,Cloud Storage,Referral,Desktop,8,Month-to-month,Basic,3,False,11.45,84.54,Bank transfer,False,2,2,5.5,True,16,23.9,6.4,10,50.9,7.7,6,False,4.7,False,0.0,1,No
CX04076,30,News & Media,Influencer,Mobile,27,Month-to-month,Standard,1,False,10.81,257.4,UPI / Instant transfer,False,0,2,46.4,True,14,11.7,2.7,7,50.3,8.6,10,False,3.4,True,23.1,2,No
CX04077,18,News & Media,App Store,Desktop,9,Month-to-month,Plus,3,False,24.43,212.59,Bank transfer,False,1,1,8.7,False,7,10.1,1.2,18,32.3,9.5,10,False,12.8,False,0.0,2,Yes
CX04078,18,Cloud Storage,Organic Search,Mobile,33,Two year,Premium,8,False,39.7,1231.05,Debit card,True,0,4,4.2,True,19,16.2,5.1,8,21.0,8.4,9,False,9.2,False,0.0,1,No
CX04079,20,Streaming,Paid Social,Smart TV,4,Month-to-month,Basic,1,True,7.34,28.35,Credit card,True,0,4,2.3,True,21,22.1,7.7,13,41.4,8.8,8,False,4.8,False,0.0,0,No
CX04080,52,Streaming,App Store,Mobile,8,Month-to-month,Plus,4,True,31.88,247.02,Debit card,True,0,4,19.6,True,24,2.1,0.8,15,48.2,8.0,9,True,8.9,False,0.0,0,Yes
CX04081,18,Streaming,Organic Search,Mobile,31,Month-to-month,Premium,2,False,32.0,887.08,UPI / Instant transfer,False,1,1,10.7,True,25,3.0,1.2,0,52.8,8.8,8,False,7.7,False,0.0,0,No
CX04082,36,Cloud Storage,Influencer,Mobile,58,Two year,Standard,3,False,18.23,1035.15,Debit card,True,0,0,3.6,False,7,12.0,1.4,14,35.1,8.0,8,True,10.2,True,16.4,2,No
CX04083,45,Fintech,Paid Social,Mobile,19,Annual,Standard,4,False,22.9,408.72,Bank transfer,True,1,2,5.7,True,21,33.5,11.7,23,58.7,7.8,8,False,2.3,False,0.0,0,No
CX04084,37,Cloud Storage,Referral,Mobile,6,Annual,Standard,2,False,13.17,77.9,Debit card,True,1,1,3.0,True,27,6.6,3.0,5,45.1,6.9,7,False,2.4,False,0.0,1,No
CX04085,18,Fitness,Paid Social,Desktop,6,Annual,Standard,4,False,19.3,102.54,Credit card,False,1,5,19.8,True,13,8.0,1.7,1,48.2,7.5,5,True,0.8,True,8.8,0,Yes
CX04086,36,Gaming,Organic Search,Mobile,39,Annual,Plus,1,False,23.71,815.2,Credit card,True,1,1,6.0,True,21,15.1,5.3,2,51.0,10.0,10,False,0.0,False,0.0,2,No
CX04087,18,Fitness,Organic Search,Tablet,15,Annual,Basic,2,False,11.08,151.65,Digital wallet,True,0,0,8.2,True,25,18.1,7.5,2,55.5,10.0,10,True,9.6,False,0.0,1,No
CX04088,24,Streaming,App Store,Mobile,18,Month-to-month,Basic,3,False,13.54,218.49,UPI / Instant transfer,True,0,3,12.7,True,12,6.0,1.2,2,56.7,10.0,10,False,1.5,False,0.0,3,No
CX04089,23,Streaming,Organic Search,Mobile,22,Two year,Standard,3,False,18.28,385.64,UPI / Instant transfer,True,1,3,10.1,True,19,45.2,14.3,8,64.3,7.8,9,False,8.5,False,0.0,0,No
CX04090,39,Streaming,Paid Social,Mobile,37,Month-to-month,Premium,7,False,41.28,1367.68,Debit card,True,1,3,2.8,True,22,8.6,3.2,6,6.9,7.7,10,False,18.4,False,0.0,0,No
CX04091,58,Productivity,App Store,Mobile,10,Month-to-month,Premium,5,False,30.77,297.52,UPI / Instant transfer,False,0,5,8.6,True,26,12.4,5.4,3,34.5,7.4,7,True,2.2,True,17.8,0,Yes
CX04092,35,Productivity,Referral,Tablet,23,Annual,Standard,5,False,31.64,676.21,Credit card,True,0,2,16.5,False,4,16.9,1.1,5,67.5,7.5,10,False,10.4,True,26.5,1,Yes
CX04093,49,Cloud Storage,Referral,Mobile,4,Month-to-month,Basic,1,False,6.5,23.65,Credit card,False,1,1,1.1,True,19,10.7,3.4,2,39.2,7.8,9,True,5.3,True,11.8,0,Yes
CX04094,27,Fintech,Paid Social,Desktop,1,Month-to-month,Basic,3,True,19.65,17.31,Digital wallet,True,1,1,9.3,True,10,17.2,2.9,2,47.3,9.3,8,False,9.8,False,0.0,2,No
CX04095,32,News & Media,Paid Social,Mobile,11,Month-to-month,Basic,5,False,18.13,183.42,UPI / Instant transfer,True,0,3,59.5,False,6,6.8,0.7,5,38.9,5.1,5,False,3.4,False,0.0,0,Yes
CX04096,67,Cloud Storage,Organic Search,Desktop,29,Annual,Basic,1,False,6.86,183.97,Debit card,True,0,2,12.6,False,3,39.5,2.0,20,49.8,9.0,10,True,4.2,False,0.0,1,No
CX04097,22,Streaming,Paid Social,Smart TV,20,Annual,Plus,3,False,25.71,466.67,Debit card,True,1,5,22.1,False,8,19.4,2.6,2,35.3,9.5,8,True,2.3,False,0.0,1,No
CX04098,43,Cloud Storage,Referral,Mobile,27,Annual,Premium,1,False,24.67,644.26,Debit card,True,0,2,2.9,True,11,21.0,3.8,2,46.3,9.4,9,False,4.0,False,0.0,0,No
CX04099,46,Cloud Storage,Organic Search,Mobile,19,Annual,Plus,4,False,25.58,449.77,Bank transfer,True,0,3,13.2,True,15,12.5,3.1,1,49.2,8.1,10,False,2.9,False,0.0,0,No
CX04100,49,Fintech,Paid Social,Mobile,35,Annual,Premium,6,False,46.3,1510.04,Credit card,True,0,1,2.1,True,17,23.5,6.7,6,70.2,9.0,10,False,5.9,False,0.0,3,No
CX04101,49,News & Media,Influencer,Mobile,12,Month-to-month,Basic,2,False,10.44,110.49,Digital wallet,True,0,2,8.9,True,20,34.0,11.3,4,53.2,9.7,9,True,1.4,False,0.0,4,No
CX04102,46,Gaming,Email Campaign,Desktop,6,Annual,Basic,2,True,8.83,52.51,UPI / Instant transfer,True,0,3,7.4,False,5,32.9,2.7,25,36.0,9.0,9,True,6.0,True,25.6,1,No
CX04103,36,Gaming,Organic Search,Mobile,22,Annual,Premium,7,False,44.66,925.71,Digital wallet,False,2,3,22.0,True,24,15.9,6.4,7,46.7,8.4,6,False,3.6,True,11.6,2,No
CX04104,46,Fitness,Organic Search,Desktop,33,Annual,Plus,2,False,20.24,634.22,Debit card,True,0,0,10.2,True,25,39.6,16.5,6,37.7,9.7,10,True,4.7,True,3.0,2,No
CX04105,35,Fintech,Organic Search,Mobile,23,Annual,Premium,7,True,28.0,632.9,Credit card,True,0,5,1.2,True,19,5.9,1.9,4,42.4,8.5,8,True,6.5,True,22.9,0,No
CX04106,18,News & Media,App Store,Mobile,5,Month-to-month,Plus,3,False,26.92,127.09,Digital wallet,False,1,2,12.8,True,15,13.3,3.3,6,38.2,8.3,8,True,3.4,False,0.0,1,Yes
CX04107,25,Cloud Storage,Organic Search,Mobile,34,Annual,Basic,1,False,9.66,293.42,UPI / Instant transfer,False,0,5,24.9,True,15,7.2,1.8,2,70.4,7.1,7,False,4.5,False,0.0,1,No
CX04108,43,News & Media,Referral,Mobile,25,Annual,Basic,2,False,12.42,308.07,Bank transfer,False,4,1,4.5,True,21,7.7,2.7,10,50.3,7.5,5,True,5.6,True,14.5,0,No
CX04109,18,Productivity,App Store,Mobile,26,Month-to-month,Standard,3,True,25.04,596.69,Digital wallet,False,2,2,4.1,True,19,9.2,2.9,7,51.6,7.0,7,False,2.3,False,0.0,0,No
CX04110,18,Productivity,Organic Search,Desktop,12,Month-to-month,Basic,3,True,11.77,129.94,UPI / Instant transfer,True,0,2,17.4,False,8,9.5,1.3,18,59.0,9.1,9,True,10.9,False,0.0,1,No
CX04111,18,Gaming,Paid Social,Mobile,13,Month-to-month,Standard,4,False,25.13,300.63,Debit card,False,0,4,11.8,True,22,12.9,4.7,7,52.0,7.2,7,True,3.6,False,0.0,0,No
CX04112,36,Streaming,Organic Search,Desktop,57,Two year,Plus,3,True,19.31,1042.06,UPI / Instant transfer,False,1,1,9.9,True,22,7.6,2.8,21,71.2,8.7,7,False,1.6,False,0.0,2,No
CX04113,34,Streaming,Referral,Tablet,9,Month-to-month,Basic,3,False,12.39,104.67,Debit card,True,1,1,6.0,True,12,6.7,1.3,5,53.1,8.1,8,True,6.3,False,0.0,1,Yes
CX04114,29,Productivity,Organic Search,Mobile,33,Month-to-month,Plus,4,True,31.08,957.38,Debit card,True,0,0,10.1,True,24,7.1,2.8,4,45.4,8.6,8,False,2.0,False,0.0,0,No
CX04115,41,Productivity,App Store,Smart TV,11,Annual,Standard,1,False,11.64,119.3,Debit card,True,0,1,9.5,True,16,17.5,4.7,0,52.2,9.6,9,True,1.4,False,0.0,1,No
CX04116,39,Fintech,Influencer,Desktop,49,Annual,Premium,3,False,23.49,1029.14,UPI / Instant transfer,True,0,3,3.6,True,25,25.8,10.8,5,57.0,10.0,9,False,0.6,True,14.4,3,No
CX04117,21,Streaming,Referral,Smart TV,17,Month-to-month,Premium,5,False,38.26,640.95,Debit card,True,1,2,3.2,True,26,9.1,3.9,25,38.4,8.7,8,False,2.8,False,0.0,2,No
CX04118,46,Streaming,Paid Social,Desktop,40,Month-to-month,Premium,8,False,32.17,1140.3,Credit card,False,2,2,9.4,True,18,16.3,4.9,7,63.1,7.4,7,True,5.1,False,0.0,1,No
CX04119,37,Fintech,Paid Social,Tablet,35,Two year,Plus,3,False,22.31,720.0,Debit card,True,0,1,6.3,True,21,23.4,8.2,16,43.0,8.3,10,False,5.4,False,0.0,0,No
CX04120,39,Cloud Storage,Influencer,Mobile,13,Month-to-month,Premium,4,True,38.49,448.56,Credit card,False,1,2,7.7,True,22,20.9,7.7,10,52.9,8.4,7,False,4.4,False,0.0,1,Yes
CX04121,37,Streaming,Referral,Mobile,30,Two year,Basic,2,True,8.69,258.53,Debit card,True,0,1,0.5,False,4,35.7,2.4,6,39.8,7.9,7,False,5.1,False,0.0,0,No
CX04122,22,Fintech,Organic Search,Desktop,11,Month-to-month,Plus,6,True,27.13,262.87,Debit card,True,0,2,21.8,True,21,15.6,5.5,15,58.0,8.0,8,True,4.1,True,27.5,1,Yes
CX04123,38,Fintech,Organic Search,Desktop,16,Month-to-month,Plus,7,False,31.03,467.48,Digital wallet,False,2,1,0.6,True,24,41.9,16.8,11,58.8,9.9,10,True,4.0,False,0.0,3,No
CX04124,34,Streaming,Paid Social,Mobile,6,Month-to-month,Premium,4,False,23.46,126.77,Buy now pay later,True,1,1,12.5,True,22,6.8,2.5,8,38.9,7.3,8,True,2.1,True,15.8,1,Yes
CX04125,44,Fintech,Organic Search,Desktop,8,Month-to-month,Basic,1,False,7.28,56.26,Credit card,True,0,0,11.8,False,4,14.3,1.0,2,59.8,10.0,10,False,1.6,False,0.0,5,No
CX04126,41,Gaming,App Store,Mobile,39,Annual,Plus,1,False,21.34,816.06,Credit card,False,2,1,7.2,True,18,10.9,3.3,11,34.1,7.7,6,False,2.2,False,0.0,0,No
CX04127,41,Streaming,Organic Search,Mobile,26,Annual,Basic,3,False,12.23,317.77,Credit card,True,1,1,6.8,False,6,6.2,0.6,8,42.5,8.0,9,False,1.1,False,0.0,0,No
CX04128,54,Gaming,Paid Social,Desktop,12,Month-to-month,Standard,2,False,11.78,132.72,Digital wallet,False,0,0,25.4,False,4,10.7,0.7,7,19.1,7.4,7,False,5.3,False,0.0,1,No
CX04129,52,Fitness,Paid Social,Desktop,3,Month-to-month,Standard,3,True,25.98,71.25,Debit card,False,1,2,8.7,False,9,5.2,0.8,9,64.0,8.8,9,False,3.7,False,0.0,3,No
CX04130,29,Fintech,Organic Search,Mobile,27,Annual,Standard,3,False,20.15,544.03,Credit card,False,3,4,24.4,True,20,13.7,4.6,19,48.9,5.8,4,False,3.1,False,0.0,1,No
CX04131,38,Fitness,Paid Social,Smart TV,20,Two year,Basic,1,False,10.12,194.86,Bank transfer,True,0,2,12.0,False,7,17.2,2.0,15,59.7,9.1,10,False,3.0,False,0.0,2,No
CX04132,18,Fitness,Paid Social,Desktop,27,Month-to-month,Standard,2,False,16.11,429.7,UPI / Instant transfer,False,2,6,4.8,False,6,26.0,2.6,12,49.7,9.0,6,True,2.9,True,15.2,1,No
CX04133,29,Productivity,Email Campaign,Mobile,15,Annual,Standard,2,False,19.28,275.17,Bank transfer,False,2,3,26.2,True,19,22.4,7.1,26,56.0,6.4,6,True,8.7,True,27.5,0,No
CX04134,41,Productivity,App Store,Mobile,15,Month-to-month,Premium,3,False,26.85,371.94,Credit card,True,1,4,12.2,True,13,16.9,3.7,2,40.2,9.6,9,False,3.6,False,0.0,5,No
CX04135,24,Fintech,Paid Social,Mobile,9,Month-to-month,Basic,1,False,11.22,93.7,Debit card,False,2,6,1.3,True,15,22.1,5.5,10,59.0,8.8,8,False,3.7,True,4.4,1,No
CX04136,34,Cloud Storage,Organic Search,Tablet,18,Month-to-month,Premium,4,False,32.81,585.93,Credit card,True,0,5,10.8,True,19,8.6,2.7,3,48.5,9.0,9,False,15.4,False,0.0,2,No
CX04137,35,News & Media,App Store,Desktop,28,Annual,Standard,4,True,26.11,728.51,UPI / Instant transfer,True,0,2,8.9,True,12,6.9,1.4,3,48.0,8.2,10,False,2.2,False,0.0,0,No
CX04138,35,Cloud Storage,App Store,Mobile,27,Annual,Plus,4,True,22.51,605.21,Bank transfer,False,2,6,12.8,True,30,27.2,13.6,12,52.2,5.7,4,True,8.9,False,0.0,0,No
CX04139,53,Productivity,Email Campaign,Smart TV,9,Month-to-month,Basic,3,False,22.82,200.09,Digital wallet,False,0,1,23.3,False,1,18.4,0.3,28,49.4,8.4,8,True,2.7,True,3.6,1,Yes
CX04140,28,Gaming,Organic Search,Mobile,18,Annual,Basic,2,True,12.34,217.32,Debit card,True,0,0,4.1,True,13,11.4,2.5,10,53.2,9.5,10,True,3.0,True,20.8,5,No
CX04141,18,Fitness,Organic Search,Mobile,6,Month-to-month,Basic,2,False,9.96,55.75,UPI / Instant transfer,False,1,1,9.0,True,27,10.0,4.5,19,56.8,8.2,7,False,5.2,False,0.0,1,No
CX04142,18,Fintech,App Store,Mobile,16,Month-to-month,Basic,3,True,13.86,209.08,Credit card,False,1,0,25.1,True,12,22.3,4.5,21,43.9,8.8,9,True,7.6,False,0.0,1,No
CX04143,55,Streaming,Paid Social,Mobile,13,Annual,Premium,2,False,17.93,218.24,Debit card,True,0,3,19.3,True,23,14.8,5.7,6,44.3,7.6,9,True,2.1,False,0.0,4,No
CX04144,39,Fitness,Paid Social,Desktop,22,Month-to-month,Standard,3,False,21.34,455.59,UPI / Instant transfer,True,0,1,4.0,True,10,16.2,2.7,11,55.3,9.0,9,True,7.3,True,21.5,1,No
CX04145,24,Streaming,Email Campaign,Mobile,8,Month-to-month,Standard,2,False,14.44,107.32,Bank transfer,False,2,1,18.1,True,23,7.9,3.0,5,42.1,6.5,9,True,15.4,True,9.9,1,No
CX04146,40,Fitness,Email Campaign,Mobile,20,Month-to-month,Plus,7,False,29.62,526.19,Digital wallet,False,0,2,7.9,False,6,39.5,4.0,9,44.5,7.9,9,True,0.7,True,9.6,0,No
CX04147,34,Cloud Storage,Organic Search,Mobile,21,Annual,Standard,4,False,18.3,341.36,Digital wallet,False,0,1,13.6,True,19,19.4,6.1,4,49.4,6.8,7,True,6.6,False,0.0,2,No
CX04148,28,Fintech,Organic Search,Tablet,4,Month-to-month,Standard,1,True,12.23,45.11,Debit card,False,0,0,4.5,True,16,11.7,3.1,3,68.6,10.0,10,False,9.0,False,0.0,3,No
CX04149,34,Fitness,App Store,Mobile,84,Two year,Plus,4,True,26.0,2133.64,Debit card,True,0,2,11.9,True,22,26.7,9.8,2,28.6,8.4,8,False,1.6,True,11.2,2,No
CX04150,27,Productivity,App Store,Mobile,5,Month-to-month,Standard,3,True,17.24,82.96,Debit card,True,2,3,11.7,True,22,20.4,7.5,8,36.7,6.2,7,True,2.8,False,0.0,0,Yes
CX04151,18,Streaming,Influencer,Smart TV,26,Month-to-month,Plus,3,False,28.93,668.11,Credit card,True,0,3,5.4,True,14,15.4,3.6,15,39.4,9.0,9,False,2.3,False,0.0,1,No
CX04152,54,Streaming,Influencer,Smart TV,17,Month-to-month,Plus,5,False,23.54,357.71,Credit card,True,0,6,15.4,False,8,10.3,1.4,10,49.6,6.7,7,False,1.0,False,0.0,0,Yes
CX04153,35,Fintech,Paid Social,Mobile,16,Month-to-month,Standard,2,False,19.74,291.66,Credit card,True,0,5,1.9,True,10,6.4,1.1,19,41.4,6.6,7,True,2.3,False,0.0,0,Yes
CX04154,39,Streaming,App Store,Mobile,18,Month-to-month,Basic,1,False,8.15,136.77,UPI / Instant transfer,False,0,0,8.7,True,18,3.5,1.0,11,42.4,8.6,9,True,15.6,True,16.2,4,No
CX04155,20,Streaming,App Store,Desktop,1,Month-to-month,Basic,1,False,8.64,8.0,UPI / Instant transfer,False,0,1,2.7,True,10,29.7,5.0,7,51.2,8.0,7,False,10.3,False,0.0,2,No
CX04156,35,Productivity,Influencer,Smart TV,7,Month-to-month,Standard,3,True,13.11,89.91,Digital wallet,True,0,1,6.9,False,6,8.0,0.8,7,57.8,8.3,8,True,3.9,False,0.0,1,Yes
CX04157,29,Gaming,Email Campaign,Mobile,70,Annual,Plus,3,False,26.67,1747.79,Debit card,True,1,4,7.8,True,22,16.7,6.1,13,35.8,9.7,10,False,6.1,False,0.0,2,No
CX04158,23,Fintech,Email Campaign,Tablet,24,Annual,Premium,5,False,40.0,947.09,Buy now pay later,True,0,5,2.4,True,24,10.1,4.0,5,65.1,10.0,10,False,7.1,True,8.3,4,No
CX04159,57,Cloud Storage,Organic Search,Mobile,2,Month-to-month,Standard,3,False,17.04,32.32,Debit card,True,0,6,11.3,True,10,5.3,0.9,5,28.9,7.3,6,False,2.8,False,0.0,4,Yes
CX04160,28,Streaming,Organic Search,Desktop,29,Annual,Plus,3,False,18.13,470.41,Digital wallet,False,2,1,9.4,False,6,2.8,0.3,4,42.3,7.9,8,False,3.0,True,12.3,0,No
CX04161,48,Streaming,Organic Search,Mobile,20,Month-to-month,Standard,4,False,20.71,384.61,Credit card,True,1,3,2.8,True,11,12.5,2.3,18,30.8,9.1,9,False,2.7,False,0.0,2,No
CX04162,47,Fitness,Organic Search,Desktop,15,Annual,Basic,2,False,10.98,158.77,Credit card,True,0,2,6.9,True,19,2.9,0.9,5,47.6,10.0,10,False,11.0,False,0.0,5,No
CX04163,44,Streaming,Influencer,Desktop,26,Month-to-month,Standard,3,True,13.42,326.25,UPI / Instant transfer,True,1,2,7.3,False,4,25.8,1.7,6,54.6,9.0,10,False,1.2,False,0.0,1,No
CX04164,18,Productivity,Referral,Mobile,19,Month-to-month,Basic,1,True,11.05,198.86,Credit card,False,2,2,18.9,True,20,4.0,1.3,6,44.3,6.6,7,False,11.4,False,0.0,0,Yes
CX04165,19,Fintech,App Store,Mobile,27,Annual,Basic,3,False,9.8,255.78,Digital wallet,False,1,2,6.4,True,19,28.1,8.9,6,54.7,8.2,10,True,1.1,True,16.3,2,No
CX04166,52,Productivity,Organic Search,Mobile,13,Month-to-month,Basic,2,False,15.37,182.12,Debit card,True,0,1,14.7,True,16,12.9,3.4,11,28.6,10.0,9,True,1.0,False,0.0,2,No
CX04167,36,Streaming,Organic Search,Mobile,53,Two year,Premium,6,False,43.96,2191.11,Credit card,True,0,2,7.8,True,24,24.3,9.7,9,61.8,9.5,10,False,6.1,False,0.0,3,No
CX04168,35,Streaming,Email Campaign,Desktop,34,Annual,Basic,4,True,20.65,665.51,Digital wallet,True,0,3,14.0,True,17,12.2,3.5,12,60.9,9.3,9,True,2.4,False,0.0,0,No
CX04169,33,Streaming,Organic Search,Mobile,28,Two year,Standard,5,False,28.07,783.07,Digital wallet,True,0,3,11.7,True,18,8.8,2.6,15,47.3,7.1,9,False,5.8,False,0.0,0,No
CX04170,51,News & Media,App Store,Mobile,16,Annual,Plus,4,False,28.95,434.46,Credit card,False,1,1,6.7,True,19,20.3,6.4,1,63.4,9.3,9,True,7.7,True,12.4,2,Yes
CX04171,32,Fitness,Paid Social,Mobile,28,Annual,Plus,1,True,23.08,599.5,Credit card,True,1,1,29.9,True,23,9.1,3.5,6,33.8,8.1,7,False,2.3,False,0.0,1,No
CX04172,18,News & Media,Paid Social,Desktop,13,Month-to-month,Basic,1,False,10.81,138.21,Digital wallet,True,1,2,17.5,True,14,5.0,1.2,6,54.7,7.2,7,True,3.8,False,0.0,1,No
CX04173,18,Gaming,App Store,Mobile,57,Annual,Basic,1,True,9.23,474.41,Digital wallet,True,0,2,29.3,True,16,14.2,3.8,7,25.0,7.2,6,True,10.6,True,21.2,0,No
CX04174,25,News & Media,Referral,Mobile,31,Two year,Plus,6,False,30.5,940.72,Credit card,True,0,3,22.7,True,17,5.0,1.4,15,31.9,8.9,8,True,1.0,False,0.0,3,No
CX04175,50,Productivity,Organic Search,Smart TV,4,Month-to-month,Plus,1,False,19.02,69.92,Bank transfer,True,0,0,1.8,True,19,3.4,1.1,11,51.1,8.9,9,False,8.1,False,0.0,1,Yes
CX04176,57,Fintech,Paid Social,Desktop,8,Month-to-month,Basic,3,False,14.51,103.33,Bank transfer,True,1,1,9.5,True,15,13.4,3.4,5,43.8,8.0,10,True,9.8,False,0.0,1,Yes
CX04177,24,Cloud Storage,Referral,Mobile,12,Month-to-month,Plus,5,False,31.17,331.86,Credit card,True,0,7,15.3,True,19,5.9,1.9,9,73.2,6.8,8,True,2.8,True,13.6,0,Yes
CX04178,29,News & Media,App Store,Mobile,65,Month-to-month,Standard,1,False,11.02,658.09,UPI / Instant transfer,True,0,3,12.1,True,12,9.4,1.9,6,42.4,8.7,7,True,2.3,True,21.2,1,Yes
CX04179,37,Gaming,App Store,Tablet,32,Month-to-month,Standard,5,False,19.28,615.43,Digital wallet,False,0,3,4.0,True,17,6.1,1.7,9,54.7,6.6,8,True,4.1,False,0.0,0,No
CX04180,51,Streaming,Email Campaign,Mobile,11,Month-to-month,Premium,2,False,29.4,294.61,Credit card,False,2,2,25.3,True,15,17.6,4.4,22,63.4,6.8,5,True,7.6,True,10.7,0,Yes
CX04181,28,Cloud Storage,App Store,Mobile,10,Month-to-month,Plus,1,False,22.73,215.17,Digital wallet,True,1,3,5.1,True,17,24.0,6.8,19,56.3,8.3,9,False,2.4,False,0.0,0,No
CX04182,33,Cloud Storage,Organic Search,Mobile,32,Annual,Standard,4,False,26.26,813.58,Bank transfer,True,0,3,4.9,True,15,14.5,3.6,2,52.9,8.0,8,True,9.9,False,0.0,1,No
CX04183,41,Productivity,App Store,Smart TV,7,Month-to-month,Standard,4,False,19.75,128.23,UPI / Instant transfer,False,1,6,15.3,True,18,9.6,2.9,16,63.7,8.0,7,False,2.7,False,0.0,2,Yes
CX04184,42,Streaming,Email Campaign,Mobile,2,Month-to-month,Basic,3,False,15.59,29.1,Digital wallet,False,4,3,3.7,True,17,14.5,4.1,3,39.1,8.4,7,False,16.2,False,0.0,0,Yes
CX04185,28,News & Media,Referral,Mobile,37,Two year,Standard,3,False,17.48,636.5,Credit card,False,0,1,17.4,True,15,5.3,1.3,3,61.3,9.8,8,False,1.0,False,0.0,1,No
CX04186,33,Fintech,Referral,Mobile,12,Month-to-month,Basic,1,False,9.55,104.13,Digital wallet,False,2,4,3.7,True,23,5.4,2.1,10,33.3,9.2,9,False,1.9,False,0.0,2,No
CX04187,28,Fintech,Organic Search,Mobile,6,Month-to-month,Basic,2,False,13.18,76.15,Credit card,True,0,2,0.7,True,16,4.0,1.1,12,50.5,8.5,10,False,7.8,False,0.0,3,No
CX04188,24,Cloud Storage,Organic Search,Smart TV,38,Annual,Premium,6,False,41.13,1459.65,Credit card,False,1,3,18.0,True,17,9.8,2.8,1,28.5,6.4,5,False,0.9,False,0.0,1,No
CX04189,31,Streaming,Organic Search,Desktop,12,Month-to-month,Plus,6,True,46.79,531.2,Credit card,True,0,4,8.6,False,12,20.2,4.0,6,66.0,7.7,9,False,1.4,False,0.0,1,Yes
CX04190,30,Fitness,Paid Social,Tablet,54,Annual,Basic,1,False,8.34,429.4,Debit card,True,0,2,16.8,True,21,16.0,5.6,11,36.7,8.8,9,False,1.9,False,0.0,1,No
CX04191,32,Gaming,Email Campaign,Mobile,57,Annual,Standard,3,False,13.87,724.61,UPI / Instant transfer,False,0,1,22.9,True,20,18.3,6.1,1,45.5,7.2,6,False,4.1,False,0.0,1,Yes
CX04192,25,News & Media,Paid Social,Tablet,10,Month-to-month,Premium,3,True,30.55,293.85,Credit card,True,0,2,4.9,True,21,0.5,0.2,0,39.9,7.8,9,True,3.9,False,0.0,1,No
CX04193,45,Streaming,Paid Social,Mobile,19,Annual,Basic,1,False,9.51,176.14,Debit card,True,1,2,7.5,True,13,11.8,2.6,6,48.8,7.1,7,False,11.4,False,0.0,0,No
CX04194,57,Productivity,Paid Social,Mobile,63,Annual,Premium,5,False,37.78,2355.03,UPI / Instant transfer,False,0,1,7.6,True,20,6.0,2.0,4,13.5,8.8,10,True,5.1,False,0.0,2,No
CX04195,35,Streaming,Referral,Mobile,23,Month-to-month,Standard,6,False,36.06,750.99,Debit card,False,2,5,20.6,True,19,5.7,1.8,9,21.0,9.3,10,False,0.8,True,12.7,2,No
CX04196,61,Streaming,App Store,Desktop,70,Two year,Basic,2,False,11.91,777.39,UPI / Instant transfer,False,2,0,4.4,True,13,9.0,2.0,17,51.1,8.9,9,False,0.3,False,0.0,1,No
CX04197,24,Streaming,Referral,Mobile,10,Month-to-month,Standard,3,False,18.61,174.58,Digital wallet,False,1,3,24.0,True,16,4.2,1.1,4,62.6,8.1,10,False,10.2,True,21.2,1,No
CX04198,30,Fintech,Organic Search,Smart TV,21,Annual,Premium,7,True,39.23,767.06,Credit card,True,2,3,6.9,True,22,13.5,5.0,4,37.1,6.5,7,True,7.2,False,0.0,0,No
CX04199,46,Streaming,Organic Search,Mobile,12,Annual,Basic,1,False,9.4,100.29,Bank transfer,False,3,2,11.4,True,15,33.1,8.3,9,38.6,7.8,8,False,4.2,False,0.0,0,No
CX04200,18,Productivity,Paid Social,Mobile,11,Month-to-month,Basic,1,True,7.72,77.94,Digital wallet,True,0,2,9.2,True,23,14.1,5.4,4,27.4,10.0,9,False,7.4,False,0.0,4,No
CX04201,30,Cloud Storage,Organic Search,Desktop,13,Annual,Standard,1,True,15.8,202.29,Credit card,True,0,2,11.4,True,20,14.0,4.7,10,26.6,8.1,10,False,3.4,False,0.0,2,No
CX04202,41,Productivity,Influencer,Mobile,29,Annual,Standard,5,False,25.51,690.76,Debit card,False,2,6,32.2,True,24,14.7,5.9,4,40.4,4.9,2,False,2.4,True,4.6,0,Yes
CX04203,56,Fitness,Email Campaign,Desktop,2,Month-to-month,Basic,2,False,12.81,23.73,UPI / Instant transfer,False,0,1,6.4,False,4,29.7,2.0,5,73.0,6.9,9,True,0.4,True,20.1,1,No
CX04204,18,Gaming,App Store,Desktop,65,Two year,Standard,6,False,31.43,1817.36,UPI / Instant transfer,False,0,5,8.7,True,23,14.0,5.4,6,61.7,6.7,6,True,6.8,False,0.0,1,No
CX04205,30,Streaming,Email Campaign,Mobile,15,Annual,Premium,7,False,44.35,613.41,Debit card,True,0,6,22.5,True,22,11.7,4.3,15,35.6,6.8,6,True,7.4,True,10.2,1,Yes
CX04206,33,Productivity,Paid Social,Tablet,19,Month-to-month,Standard,1,True,10.97,197.6,Credit card,True,1,4,23.4,True,22,2.5,0.9,5,13.7,7.2,7,True,2.6,True,11.6,0,No
CX04207,30,Productivity,Paid Social,Desktop,42,Annual,Standard,1,True,16.74,638.86,Buy now pay later,True,0,1,11.4,False,4,5.0,0.3,12,48.8,10.0,10,True,1.3,True,3.0,1,No
CX04208,29,Gaming,Organic Search,Desktop,35,Annual,Premium,5,False,36.73,1151.5,Credit card,True,0,3,10.1,False,17,5.5,1.6,9,51.6,6.9,6,True,2.4,False,0.0,2,No
CX04209,52,News & Media,Paid Social,Tablet,5,Annual,Basic,2,False,10.06,49.66,Credit card,True,0,1,15.5,True,21,9.2,3.2,15,33.6,7.5,6,True,7.8,True,14.8,1,No
CX04210,34,Fitness,Paid Social,Mobile,31,Two year,Standard,5,False,33.68,924.43,UPI / Instant transfer,True,0,6,19.7,True,14,42.6,9.9,1,53.2,8.3,6,False,4.7,False,0.0,1,No
CX04211,38,Fintech,App Store,Desktop,12,Two year,Premium,3,False,32.18,364.8,UPI / Instant transfer,True,0,0,14.1,False,12,7.3,1.5,7,39.6,5.8,3,True,2.5,False,0.0,0,No
CX04212,36,Productivity,Referral,Smart TV,6,Month-to-month,Premium,6,False,42.35,239.35,Digital wallet,True,1,5,33.5,True,33,8.0,4.4,16,41.7,7.4,7,False,4.1,False,0.0,0,No
CX04213,38,Fintech,App Store,Mobile,11,Annual,Basic,3,True,13.04,143.03,Digital wallet,True,1,1,20.3,True,22,10.2,3.7,12,35.5,8.0,6,True,2.2,False,0.0,2,No
CX04214,41,Productivity,Organic Search,Mobile,15,Month-to-month,Basic,1,True,7.47,103.16,Debit card,True,0,4,11.7,True,16,22.4,6.0,27,34.5,7.3,9,True,0.8,False,0.0,1,Yes
CX04215,44,Fintech,Paid Social,Mobile,10,Month-to-month,Plus,2,True,24.48,243.32,Credit card,False,0,3,1.4,True,24,12.4,5.0,2,62.1,6.0,6,False,8.0,False,0.0,0,Yes
CX04216,22,Fitness,Email Campaign,Mobile,21,Month-to-month,Basic,2,False,14.78,274.74,Credit card,True,0,3,7.8,True,14,18.4,4.3,2,49.2,8.8,9,False,8.9,False,0.0,3,No
CX04217,50,Cloud Storage,Paid Social,Tablet,1,Month-to-month,Plus,3,False,30.03,26.87,UPI / Instant transfer,True,1,2,15.2,True,28,29.3,13.7,34,52.9,8.4,8,True,11.7,False,0.0,0,No
CX04218,29,Fintech,Referral,Desktop,16,Annual,Basic,2,False,9.89,143.24,Credit card,False,2,1,7.2,True,15,29.8,7.4,5,50.4,8.2,8,False,4.0,False,0.0,0,No
CX04219,30,Streaming,Referral,Smart TV,27,Annual,Basic,2,False,10.7,287.29,Digital wallet,False,4,3,14.4,True,22,15.3,5.6,7,30.8,7.4,9,False,1.8,False,0.0,2,No
CX04220,37,Fitness,App Store,Desktop,12,Month-to-month,Premium,3,False,14.08,160.94,Digital wallet,False,1,1,3.8,True,25,21.5,9.0,5,55.2,7.9,8,False,16.7,False,0.0,0,No
CX04221,36,Productivity,App Store,Mobile,10,Annual,Basic,4,False,19.85,187.51,Bank transfer,False,1,6,9.4,True,12,9.2,1.8,15,58.0,7.4,6,False,1.9,False,0.0,0,No
CX04222,32,Streaming,Organic Search,Mobile,14,Month-to-month,Plus,7,False,22.12,277.24,Digital wallet,True,0,5,10.0,True,15,11.3,2.8,11,44.2,8.2,8,False,0.5,False,0.0,1,No
CX04223,48,Fintech,Influencer,Desktop,16,Two year,Basic,1,False,7.1,108.73,Debit card,True,0,1,11.0,True,22,2.9,1.1,7,52.9,7.4,7,True,8.2,False,0.0,0,No
CX04224,27,Fitness,Organic Search,Mobile,7,Month-to-month,Premium,5,False,29.93,190.24,UPI / Instant transfer,False,0,3,8.5,True,23,12.3,4.7,13,50.2,6.5,5,True,10.9,True,8.4,1,Yes
CX04225,32,Streaming,Paid Social,Mobile,21,Month-to-month,Plus,3,False,25.67,477.09,Credit card,False,0,1,10.1,True,26,17.4,7.5,15,46.8,7.8,8,False,3.3,False,0.0,5,Yes
CX04226,55,News & Media,Organic Search,Desktop,8,Month-to-month,Basic,2,False,13.91,106.07,Credit card,False,3,2,6.9,True,18,9.1,2.7,7,28.0,8.3,8,False,1.6,False,0.0,0,Yes
CX04227,33,Streaming,Organic Search,Mobile,6,Month-to-month,Plus,3,False,20.65,118.45,Debit card,True,0,2,13.4,True,21,30.7,10.7,8,49.1,9.2,9,True,4.5,True,21.4,2,No
CX04228,33,Fintech,Influencer,Mobile,2,Month-to-month,Basic,2,False,12.68,23.49,UPI / Instant transfer,True,0,2,10.7,True,13,17.8,3.9,5,59.8,7.1,6,True,13.6,True,15.4,1,No
CX04229,21,Cloud Storage,Influencer,Mobile,19,Month-to-month,Basic,2,False,10.03,182.18,Digital wallet,False,2,2,18.9,True,12,24.5,4.9,15,27.5,9.1,8,True,7.8,False,0.0,3,No
CX04230,37,Streaming,Organic Search,Tablet,17,Month-to-month,Plus,4,False,24.82,410.71,Bank transfer,True,0,2,29.6,True,23,5.7,2.2,9,29.0,9.1,9,False,5.3,True,22.3,0,Yes
CX04231,30,Fintech,Organic Search,Mobile,7,Month-to-month,Standard,2,True,21.11,138.96,Digital wallet,True,0,1,20.6,True,11,19.3,3.5,4,28.5,6.4,6,True,3.7,True,10.4,0,No
CX04232,56,Streaming,Referral,Mobile,7,Month-to-month,Basic,2,False,12.15,79.7,Digital wallet,True,1,2,8.9,True,20,1.7,0.6,0,60.3,8.4,10,True,1.2,True,23.1,1,No
CX04233,32,Cloud Storage,App Store,Tablet,8,Month-to-month,Standard,3,True,18.72,136.32,Bank transfer,False,1,4,4.3,True,16,22.1,5.9,7,46.6,8.6,9,False,4.4,True,14.6,2,No
CX04234,29,Cloud Storage,Email Campaign,Smart TV,31,Annual,Basic,2,False,8.82,248.64,Debit card,True,0,2,11.1,True,15,5.9,1.5,9,17.2,10.0,10,True,5.9,False,0.0,2,No
CX04235,45,News & Media,Organic Search,Tablet,18,Month-to-month,Standard,6,False,30.52,496.67,UPI / Instant transfer,False,2,2,7.6,True,13,10.4,2.3,6,39.2,7.9,9,False,8.5,False,0.0,0,No
CX04236,49,Streaming,Referral,Mobile,12,Month-to-month,Basic,3,False,21.45,234.9,Bank transfer,False,1,1,5.0,False,9,15.0,2.2,9,66.0,7.6,8,True,14.8,True,10.9,0,Yes
CX04237,41,Cloud Storage,Influencer,Tablet,25,Annual,Standard,4,False,27.18,642.66,Digital wallet,True,0,1,11.0,True,14,14.0,3.3,8,40.7,9.7,9,True,2.5,True,12.0,1,No
CX04238,53,Fintech,Referral,Desktop,10,Annual,Standard,3,False,18.56,171.52,Debit card,False,0,2,25.2,True,19,10.8,3.4,16,56.8,9.4,9,False,7.3,True,7.9,3,No
CX04239,34,Gaming,Paid Social,Mobile,4,Month-to-month,Plus,3,False,24.28,91.37,Digital wallet,False,0,3,19.0,True,24,36.3,14.5,20,35.5,8.6,10,False,1.1,False,0.0,1,Yes
CX04240,18,Fitness,Referral,Smart TV,23,Annual,Standard,3,False,19.27,420.94,Debit card,True,0,0,9.1,True,19,11.6,3.7,4,43.3,8.5,10,False,5.5,False,0.0,1,No
CX04241,32,Fintech,Organic Search,Mobile,25,Two year,Basic,2,False,10.98,264.22,Debit card,True,0,3,29.8,True,16,10.1,2.7,15,55.9,9.3,10,False,0.2,False,0.0,0,No
CX04242,30,Gaming,Organic Search,Smart TV,19,Annual,Premium,6,False,26.5,458.61,Buy now pay later,False,0,2,18.0,False,7,22.8,2.7,8,49.7,8.4,6,False,3.6,False,0.0,0,No
CX04243,32,Cloud Storage,Paid Social,Mobile,15,Annual,Basic,1,True,9.3,126.14,Bank transfer,False,1,2,17.0,False,3,5.2,0.3,36,63.3,7.0,8,False,2.6,False,0.0,1,No
CX04244,35,Streaming,Referral,Desktop,40,Two year,Basic,3,True,16.56,620.78,Buy now pay later,True,1,3,10.5,True,12,12.7,2.5,1,34.7,7.6,8,False,3.3,False,0.0,0,No
CX04245,22,Streaming,App Store,Smart TV,17,Month-to-month,Premium,6,False,36.28,564.21,UPI / Instant transfer,False,0,3,11.1,False,11,8.0,1.5,11,43.8,7.3,8,False,4.1,False,0.0,0,Yes
CX04246,53,Productivity,Email Campaign,Mobile,42,Two year,Premium,3,False,31.46,1192.33,Credit card,True,0,2,27.6,True,21,11.3,4.0,3,53.5,7.3,7,True,15.0,False,0.0,0,No
CX04247,46,Fitness,Organic Search,Desktop,50,Month-to-month,Basic,6,False,21.43,954.44,Debit card,True,0,2,16.5,False,3,4.8,0.2,64,17.2,7.8,7,False,8.0,False,0.0,0,No
CX04248,40,Streaming,Organic Search,Smart TV,43,Annual,Standard,2,True,16.8,667.68,Digital wallet,True,0,5,7.5,False,5,21.6,1.8,7,45.6,8.9,8,False,1.5,False,0.0,0,No
CX04249,24,Streaming,Influencer,Desktop,11,Month-to-month,Standard,1,True,15.12,150.73,Credit card,True,0,2,5.5,True,17,27.0,7.6,2,64.1,8.7,7,False,6.6,False,0.0,2,No
CX04250,18,Streaming,Organic Search,Smart TV,22,Month-to-month,Premium,4,False,28.3,573.11,Credit card,True,1,3,14.3,True,18,9.2,2.8,9,89.8,8.7,8,False,7.4,False,0.0,0,Yes
CX04251,39,Cloud Storage,Paid Social,Mobile,8,Month-to-month,Basic,1,False,8.57,62.87,UPI / Instant transfer,True,0,1,0.6,True,22,15.0,5.5,10,24.6,8.1,7,True,1.0,True,17.3,1,No
CX04252,40,Productivity,Organic Search,Desktop,46,Two year,Basic,1,True,10.29,451.89,Credit card,True,0,0,8.3,True,17,13.1,3.7,3,64.6,10.0,10,True,10.8,True,10.9,4,No
CX04253,35,Streaming,Email Campaign,Mobile,1,Month-to-month,Standard,7,True,33.75,30.87,Credit card,False,3,4,8.8,True,22,4.3,1.6,10,38.4,7.0,8,False,1.7,False,0.0,2,No
CX04254,40,Productivity,App Store,Mobile,8,Month-to-month,Standard,3,False,16.19,119.15,Credit card,True,0,2,14.8,True,15,33.0,8.2,7,45.8,8.4,8,True,4.5,False,0.0,3,No
CX04255,35,Productivity,Paid Social,Smart TV,12,Annual,Standard,3,False,20.76,246.93,Buy now pay later,False,1,3,17.7,True,14,3.9,0.9,4,54.1,8.4,7,False,5.6,False,0.0,1,No
CX04256,27,News & Media,Paid Social,Mobile,22,Annual,Basic,3,True,17.06,362.56,Debit card,True,0,1,9.0,True,18,8.7,2.6,7,50.8,7.2,8,False,4.4,False,0.0,0,No
CX04257,43,Streaming,Organic Search,Mobile,19,Month-to-month,Basic,3,True,14.69,250.95,Debit card,True,0,2,7.3,True,14,27.1,6.3,17,61.0,7.2,7,True,6.0,False,0.0,1,No
CX04258,34,Streaming,Email Campaign,Desktop,29,Annual,Basic,1,True,8.02,211.94,UPI / Instant transfer,False,2,2,1.6,True,18,43.5,13.0,5,51.5,7.7,5,False,6.0,False,0.0,0,No
CX04259,50,Fitness,Referral,Mobile,24,Annual,Standard,3,False,20.21,456.05,UPI / Instant transfer,True,0,2,4.4,True,14,40.9,9.5,3,65.2,8.6,10,False,10.4,True,3.0,2,No
CX04260,40,Fitness,Paid Social,Mobile,33,Two year,Standard,2,True,15.47,450.66,Buy now pay later,True,0,5,7.9,True,20,2.5,0.8,12,40.3,8.1,8,True,2.6,False,0.0,2,No
CX04261,30,Cloud Storage,Paid Social,Tablet,5,Month-to-month,Basic,1,False,7.89,34.73,Debit card,True,0,0,3.7,True,21,8.4,2.9,1,46.5,10.0,10,True,13.9,True,9.8,3,No
CX04262,24,Gaming,Email Campaign,Desktop,30,Annual,Plus,1,False,19.53,543.96,UPI / Instant transfer,False,2,2,10.5,False,7,4.6,0.5,9,54.0,9.3,10,True,3.5,False,0.0,2,No
CX04263,18,Streaming,Referral,Desktop,10,Month-to-month,Basic,2,False,10.49,102.51,Credit card,True,1,1,6.6,True,15,4.7,1.2,10,39.5,9.1,8,False,14.2,False,0.0,1,No
CX04264,51,Productivity,Organic Search,Mobile,35,Two year,Plus,2,False,21.04,690.41,Buy now pay later,True,0,3,10.8,True,18,7.8,2.3,18,43.1,9.5,10,False,5.2,True,14.3,0,No
CX04265,22,Fintech,Influencer,Mobile,9,Month-to-month,Standard,5,False,27.4,235.8,UPI / Instant transfer,True,1,3,17.7,True,21,17.2,6.0,12,42.0,7.2,6,False,2.0,False,0.0,0,No
CX04266,44,Cloud Storage,Referral,Mobile,24,Month-to-month,Plus,4,False,29.28,631.95,Credit card,True,0,2,7.4,True,20,8.7,2.9,9,21.0,9.4,9,True,3.8,True,10.8,1,No
CX04267,33,Productivity,Paid Social,Desktop,40,Two year,Standard,1,False,19.0,709.8,Buy now pay later,True,1,2,13.9,True,18,16.6,5.0,5,19.1,4.0,1,True,0.9,True,15.0,0,No
CX04268,40,Streaming,Paid Social,Mobile,37,Two year,Plus,5,False,31.46,1105.27,UPI / Instant transfer,True,1,1,12.9,True,23,2.3,0.9,4,55.2,9.5,10,True,23.9,True,24.1,2,No
CX04269,36,Fintech,App Store,Tablet,23,Month-to-month,Standard,1,False,12.53,270.3,UPI / Instant transfer,True,0,1,24.1,True,13,5.9,1.3,20,57.5,8.3,7,False,1.3,False,0.0,0,Yes
CX04270,28,News & Media,Organic Search,Mobile,11,Month-to-month,Standard,3,False,17.72,192.59,UPI / Instant transfer,False,1,3,11.7,True,19,7.2,2.3,7,61.8,8.6,7,False,9.2,False,0.0,1,Yes
CX04271,55,Productivity,App Store,Mobile,23,Month-to-month,Standard,4,False,26.06,560.36,Digital wallet,True,0,4,4.9,False,2,2.2,0.1,16,46.4,9.0,6,False,4.8,False,0.0,0,No
CX04272,35,Cloud Storage,Referral,Desktop,46,Month-to-month,Basic,3,True,11.78,539.46,Buy now pay later,True,0,6,3.6,False,4,21.4,1.4,5,64.1,5.6,8,False,9.2,False,0.0,0,Yes
CX04273,46,Fintech,Organic Search,Desktop,2,Month-to-month,Basic,3,False,14.4,28.36,UPI / Instant transfer,False,1,3,27.6,False,8,9.1,1.2,11,71.4,8.5,10,False,5.2,True,16.2,2,Yes
CX04274,38,Streaming,Organic Search,Desktop,18,Annual,Premium,5,False,25.93,443.28,Buy now pay later,False,3,5,9.5,True,21,11.1,3.9,2,47.9,6.5,5,False,6.1,False,0.0,0,No
CX04275,43,News & Media,Organic Search,Desktop,30,Month-to-month,Premium,5,False,28.18,836.91,Buy now pay later,False,5,1,12.7,False,16,31.3,8.3,5,39.0,7.7,6,False,4.9,False,0.0,1,Yes
CX04276,23,Cloud Storage,Referral,Desktop,52,Annual,Standard,3,False,15.72,784.77,Credit card,True,0,4,8.4,False,4,4.6,0.3,1,52.8,7.9,9,True,2.5,True,21.7,1,No
CX04277,32,News & Media,App Store,Tablet,51,Annual,Plus,6,False,32.29,1461.69,Digital wallet,True,0,1,3.5,False,14,3.5,0.8,16,35.7,7.3,5,False,2.1,False,0.0,1,No
CX04278,18,News & Media,Organic Search,Mobile,13,Two year,Standard,2,True,12.82,152.58,Bank transfer,True,1,3,31.0,True,18,5.4,1.6,6,62.4,7.3,8,False,1.0,False,0.0,0,No
CX04279,50,Fintech,Email Campaign,Mobile,10,Annual,Premium,5,False,26.61,265.16,Credit card,True,0,3,5.7,True,21,10.4,3.6,4,49.5,7.1,6,False,0.2,False,0.0,0,No
CX04280,28,Streaming,Influencer,Desktop,15,Annual,Premium,8,False,36.98,520.46,Credit card,False,4,4,11.8,True,21,12.2,4.3,3,43.0,7.8,8,True,6.5,False,0.0,0,No
CX04281,42,Streaming,Paid Social,Mobile,41,Month-to-month,Standard,5,False,20.27,737.23,Credit card,False,0,3,25.2,True,27,10.5,4.7,12,29.0,7.1,5,True,1.0,True,19.4,1,Yes
CX04282,42,Streaming,Email Campaign,Mobile,11,Month-to-month,Plus,3,False,21.59,227.63,UPI / Instant transfer,False,3,4,4.0,True,14,9.2,2.1,5,35.1,9.9,10,True,8.1,True,13.9,1,No
CX04283,38,Productivity,Paid Social,Mobile,48,Annual,Plus,8,False,30.87,1389.56,Credit card,True,1,0,14.5,True,21,4.9,1.7,5,46.0,9.0,9,False,6.7,False,0.0,3,No
CX04284,54,Streaming,Referral,Desktop,5,Month-to-month,Standard,3,False,18.74,87.57,Credit card,True,0,4,10.7,True,19,31.1,9.8,5,43.8,7.5,6,True,3.9,False,0.0,2,Yes
CX04285,18,News & Media,Influencer,Smart TV,8,Month-to-month,Premium,3,False,31.55,236.24,Credit card,False,2,2,8.5,True,19,23.2,7.3,9,45.4,9.2,10,False,11.9,True,18.0,1,Yes
CX04286,35,Streaming,Paid Social,Mobile,6,Month-to-month,Basic,4,False,14.99,83.62,Digital wallet,False,0,1,2.2,False,4,1.7,0.1,4,32.6,9.8,10,False,0.6,False,0.0,1,No
CX04287,37,Fintech,Organic Search,Smart TV,25,Annual,Premium,4,False,45.03,1021.73,Credit card,True,0,1,5.9,False,9,3.9,0.6,6,53.5,7.8,8,True,0.5,False,0.0,1,No
CX04288,46,Productivity,Paid Social,Desktop,31,Month-to-month,Basic,2,True,11.7,359.47,Bank transfer,False,1,1,15.3,False,6,15.0,1.5,10,31.9,6.0,5,False,1.1,True,22.0,0,Yes
CX04289,32,Gaming,App Store,Desktop,22,Month-to-month,Basic,4,False,13.64,270.69,Credit card,False,1,1,5.7,False,8,4.4,0.6,21,44.9,7.9,9,True,3.1,False,0.0,1,No
CX04290,59,News & Media,Referral,Mobile,4,Month-to-month,Basic,3,False,12.55,47.75,UPI / Instant transfer,False,0,3,8.3,True,21,23.8,8.3,7,53.1,7.7,8,True,3.7,False,0.0,1,Yes
CX04291,37,Fintech,Referral,Mobile,30,Month-to-month,Basic,2,True,9.11,243.24,Debit card,True,0,0,4.3,True,10,1.2,0.2,5,36.0,6.7,6,False,2.6,False,0.0,0,No
CX04292,43,Streaming,Organic Search,Mobile,25,Annual,Standard,2,True,16.58,391.19,Credit card,True,0,1,11.0,True,18,3.1,0.9,0,56.8,7.1,8,False,4.0,False,0.0,0,No
CX04293,23,Productivity,Email Campaign,Mobile,17,Annual,Premium,7,True,45.04,708.76,Debit card,True,0,3,8.4,True,18,16.7,5.0,2,37.1,7.4,6,False,8.5,False,0.0,0,No
CX04294,61,Productivity,Referral,Smart TV,58,Two year,Basic,6,False,21.47,1144.76,UPI / Instant transfer,True,1,7,14.6,True,11,7.9,1.4,2,56.0,9.2,10,True,3.5,False,0.0,4,No
CX04295,34,Productivity,Referral,Tablet,22,Annual,Basic,1,False,11.25,224.4,UPI / Instant transfer,True,1,2,8.4,False,10,3.9,0.6,2,85.1,9.2,9,False,3.5,False,0.0,1,No
CX04296,45,Fintech,Referral,Smart TV,19,Annual,Basic,1,False,7.7,133.51,Credit card,False,0,1,5.8,True,19,13.2,4.2,4,64.7,7.7,6,False,1.9,False,0.0,3,No
CX04297,40,Fintech,App Store,Tablet,19,Annual,Premium,3,True,31.68,549.66,UPI / Instant transfer,False,0,3,5.3,True,18,8.8,2.6,17,48.0,7.7,8,True,0.7,True,11.4,1,Yes
CX04298,25,Streaming,App Store,Desktop,1,Month-to-month,Basic,1,False,7.6,7.45,Credit card,True,0,0,14.2,True,16,30.4,8.1,6,41.1,6.3,5,False,7.0,False,0.0,0,No
CX04299,38,Cloud Storage,Organic Search,Mobile,7,Annual,Plus,4,True,28.4,187.28,Credit card,False,1,1,9.5,True,26,25.9,11.2,13,52.6,8.1,8,False,4.3,False,0.0,1,No
CX04300,49,Cloud Storage,Referral,Smart TV,13,Annual,Basic,2,False,8.07,104.82,Debit card,True,0,2,17.0,True,13,15.8,3.4,21,52.1,7.7,5,False,0.3,False,0.0,0,No
CX04301,27,Streaming,Referral,Smart TV,43,Annual,Standard,3,False,29.72,1236.82,Credit card,True,0,3,3.6,True,19,9.0,2.8,9,40.0,8.6,8,True,4.8,False,0.0,0,No
CX04302,44,Productivity,Paid Social,Desktop,3,Month-to-month,Standard,2,False,16.29,45.75,Debit card,False,1,0,9.8,True,20,0.5,0.2,8,18.1,9.2,6,True,17.3,True,10.1,2,Yes
CX04303,61,News & Media,Organic Search,Mobile,27,Annual,Standard,3,False,20.18,523.09,Digital wallet,True,0,2,6.4,True,17,22.5,6.4,16,37.7,9.9,10,False,0.4,False,0.0,4,No
CX04304,51,Productivity,Organic Search,Smart TV,17,Two year,Standard,6,True,26.2,415.67,Credit card,True,0,1,2.2,False,4,15.3,1.0,3,51.7,10.0,9,False,2.6,False,0.0,1,No
CX04305,56,Productivity,Paid Social,Tablet,1,Month-to-month,Plus,6,False,35.58,32.6,UPI / Instant transfer,True,0,5,10.9,False,8,15.9,2.1,10,26.2,8.6,7,False,5.7,False,0.0,1,No
CX04306,48,Cloud Storage,App Store,Mobile,14,Annual,Plus,5,False,34.8,450.86,Credit card,True,0,2,8.9,True,19,11.2,3.5,11,44.1,8.4,8,False,4.7,True,3.1,1,No
CX04307,24,Productivity,App Store,Tablet,8,Month-to-month,Standard,7,False,34.92,266.63,Buy now pay later,True,1,3,10.3,True,23,12.6,4.8,24,54.0,8.6,9,False,3.5,True,3.0,2,Yes
CX04308,31,Fintech,Email Campaign,Mobile,21,Month-to-month,Standard,5,False,20.58,415.2,Credit card,False,3,3,6.9,True,25,14.2,5.9,4,64.7,10.0,10,False,3.1,False,0.0,2,No
CX04309,59,Fitness,Organic Search,Mobile,20,Annual,Basic,3,False,13.93,272.32,UPI / Instant transfer,True,0,5,15.7,True,15,11.8,3.0,15,46.1,8.7,10,False,1.7,False,0.0,1,No
CX04310,33,Fintech,App Store,Mobile,11,Month-to-month,Basic,1,False,8.68,86.39,Digital wallet,True,0,0,11.8,True,16,7.8,2.1,6,56.4,9.6,10,False,0.2,False,0.0,3,No
CX04311,27,News & Media,Organic Search,Mobile,8,Month-to-month,Basic,2,False,13.64,101.07,Credit card,True,0,2,12.0,True,15,19.7,4.9,8,40.5,6.5,7,True,4.9,False,0.0,1,No
CX04312,24,Fintech,Paid Social,Tablet,7,Month-to-month,Standard,2,False,13.56,88.09,Debit card,True,0,4,8.3,True,20,6.4,2.1,20,38.5,7.3,6,False,5.4,False,0.0,0,No
CX04313,53,Streaming,Paid Social,Mobile,18,Annual,Standard,3,False,19.22,323.22,UPI / Instant transfer,True,0,4,3.8,True,16,20.3,5.4,8,60.5,8.1,9,False,2.8,False,0.0,1,No
CX04314,41,Fintech,Paid Social,Desktop,19,Month-to-month,Basic,2,False,12.24,214.88,Digital wallet,False,2,4,12.5,True,14,9.3,2.2,9,20.6,8.0,6,True,3.7,False,0.0,2,Yes
CX04315,18,Fintech,Paid Social,Mobile,57,Annual,Basic,3,False,13.71,771.86,Debit card,True,1,2,10.1,True,23,7.7,3.0,6,38.9,8.4,6,False,0.2,False,0.0,2,No
CX04316,50,Streaming,Influencer,Mobile,1,Month-to-month,Standard,2,False,18.42,17.12,Credit card,False,3,3,33.1,True,22,24.3,8.9,5,32.4,6.2,5,True,9.5,True,13.4,0,Yes
CX04317,28,Productivity,Paid Social,Smart TV,23,Month-to-month,Basic,3,False,12.38,256.03,Digital wallet,False,2,1,16.9,False,2,4.9,0.2,25,39.7,7.5,7,False,4.1,True,5.1,0,No
CX04318,34,Productivity,Influencer,Mobile,13,Month-to-month,Standard,2,True,15.4,183.4,Credit card,False,1,1,10.2,True,26,6.9,3.0,5,57.7,8.6,9,False,2.5,False,0.0,3,No
CX04319,43,Streaming,Paid Social,Desktop,39,Two year,Plus,7,False,32.08,1115.02,Digital wallet,True,0,4,14.4,True,20,53.4,17.8,5,34.8,9.2,10,False,3.6,False,0.0,2,No
CX04320,27,Streaming,Email Campaign,Mobile,15,Month-to-month,Standard,2,False,15.4,214.84,Credit card,False,2,4,15.9,True,15,14.7,3.7,12,40.6,7.7,6,True,2.3,False,0.0,1,No
CX04321,21,Cloud Storage,App Store,Desktop,21,Month-to-month,Plus,2,True,21.89,410.95,Debit card,True,0,0,14.6,True,27,7.2,3.2,1,34.2,9.1,8,False,0.4,True,24.0,3,No
CX04322,27,Fitness,Paid Social,Mobile,52,Annual,Standard,3,True,16.86,775.46,Debit card,True,1,1,2.4,True,18,12.3,3.7,34,66.4,9.4,8,False,2.7,True,20.0,0,No
CX04323,18,Streaming,Organic Search,Mobile,34,Annual,Plus,4,False,26.58,830.75,Debit card,True,0,3,5.5,True,20,17.0,5.7,4,41.7,8.2,10,False,12.2,True,17.2,1,No
CX04324,20,Fintech,Influencer,Desktop,17,Month-to-month,Plus,2,True,24.16,378.16,UPI / Instant transfer,True,0,3,14.2,True,24,17.1,6.8,10,55.6,7.7,7,False,6.7,True,16.8,2,Yes
CX04325,50,Cloud Storage,Paid Social,Mobile,20,Annual,Basic,2,False,14.31,269.22,Debit card,True,1,3,2.5,True,10,5.7,1.0,2,51.4,8.2,8,False,5.3,True,8.5,3,No
CX04326,54,Streaming,Organic Search,Mobile,8,Month-to-month,Standard,4,False,29.04,218.37,Bank transfer,True,0,3,6.7,True,23,6.9,2.6,17,73.7,8.3,4,False,2.3,False,0.0,2,No
CX04327,58,Streaming,App Store,Smart TV,13,Two year,Premium,7,True,38.41,447.51,UPI / Instant transfer,False,2,1,30.7,True,17,7.4,2.1,30,65.6,6.2,5,True,7.4,False,0.0,0,No
CX04328,35,News & Media,Paid Social,Mobile,4,Month-to-month,Basic,2,True,16.81,65.53,Debit card,False,0,2,17.1,True,11,26.5,4.9,11,49.5,8.9,10,False,17.8,False,0.0,0,No
CX04329,32,Fintech,Paid Social,Tablet,6,Month-to-month,Standard,3,False,19.57,109.49,Credit card,True,1,2,4.0,True,10,28.1,4.7,7,57.6,9.0,10,True,1.7,True,14.9,2,No
CX04330,18,Cloud Storage,Referral,Mobile,31,Annual,Plus,3,False,19.49,578.99,Credit card,True,0,3,6.4,True,27,10.0,4.5,17,23.1,8.0,7,False,1.9,False,0.0,0,No
CX04331,41,Streaming,Email Campaign,Mobile,8,Annual,Basic,2,False,10.97,79.66,Credit card,True,0,0,3.7,True,13,12.2,2.6,15,44.1,5.7,6,False,14.2,True,20.3,0,No
CX04332,20,Cloud Storage,Referral,Mobile,9,Month-to-month,Plus,4,False,27.24,244.2,Digital wallet,True,0,0,17.6,True,23,3.6,1.4,5,50.5,10.0,10,False,2.9,False,0.0,3,No
CX04333,47,Streaming,Organic Search,Desktop,52,Two year,Standard,2,False,20.2,929.74,Credit card,False,2,3,2.7,False,8,7.9,1.1,2,44.2,9.7,10,True,4.2,False,0.0,3,No
CX04334,55,Productivity,Organic Search,Mobile,16,Month-to-month,Premium,4,False,31.07,486.5,UPI / Instant transfer,True,0,2,7.0,True,18,15.7,4.7,1,40.6,9.0,9,True,0.2,False,0.0,1,No
CX04335,40,News & Media,Referral,Mobile,17,Annual,Basic,2,True,9.7,161.13,UPI / Instant transfer,False,1,2,20.8,True,13,49.4,10.7,12,37.1,6.0,6,True,8.1,False,0.0,0,No
CX04336,18,Productivity,Organic Search,Desktop,12,Month-to-month,Basic,2,False,11.15,127.11,Debit card,True,2,2,13.2,True,25,12.3,5.1,6,48.1,7.7,7,False,4.2,False,0.0,1,No
CX04337,26,Fitness,App Store,Mobile,25,Month-to-month,Basic,1,False,8.18,193.09,UPI / Instant transfer,True,0,2,23.4,True,13,5.2,1.1,14,22.9,7.3,4,False,7.2,False,0.0,0,Yes
CX04338,56,Streaming,Email Campaign,Mobile,24,Month-to-month,Basic,3,True,12.78,289.9,Digital wallet,True,0,3,8.6,True,17,6.5,1.8,23,51.6,8.9,9,False,2.5,False,0.0,3,No
CX04339,39,News & Media,Paid Social,Desktop,12,Annual,Standard,5,False,20.3,232.28,UPI / Instant transfer,True,1,1,5.8,False,9,14.5,2.2,11,75.2,10.0,10,True,1.5,True,19.7,4,No
CX04340,23,Streaming,Referral,Mobile,41,Month-to-month,Basic,1,False,7.98,307.46,UPI / Instant transfer,True,0,2,4.3,True,19,10.5,3.3,3,45.2,9.2,10,False,8.5,False,0.0,1,No
CX04341,18,Productivity,Paid Social,Mobile,24,Annual,Basic,1,False,9.09,196.52,Buy now pay later,False,1,3,11.4,True,16,4.3,1.1,10,52.2,9.0,9,False,10.5,False,0.0,1,No
CX04342,44,Cloud Storage,Paid Social,Desktop,24,Annual,Plus,2,False,21.0,502.97,UPI / Instant transfer,True,0,1,22.3,True,21,16.8,5.9,16,49.3,9.2,10,False,2.0,True,11.1,0,No
CX04343,29,Cloud Storage,Influencer,Mobile,30,Annual,Basic,2,True,8.94,239.85,Credit card,True,0,7,6.2,True,13,7.9,1.7,6,64.3,9.2,9,False,1.2,False,0.0,1,No
CX04344,54,Fitness,Organic Search,Mobile,5,Month-to-month,Standard,3,False,25.62,128.08,Credit card,False,2,1,33.1,True,19,13.9,4.4,7,31.5,7.3,6,True,12.8,False,0.0,0,Yes
CX04345,28,Gaming,Referral,Mobile,3,Month-to-month,Plus,8,False,25.25,70.66,Credit card,False,0,2,1.2,True,17,0.8,0.2,5,43.5,9.7,10,False,6.6,False,0.0,0,No
CX04346,32,Fintech,App Store,Mobile,19,Month-to-month,Standard,3,False,16.39,306.56,UPI / Instant transfer,False,0,3,29.7,True,10,1.7,0.3,11,43.7,8.0,8,False,1.8,True,10.3,1,No
CX04347,45,Productivity,Paid Social,Mobile,24,Two year,Standard,2,False,13.47,299.62,Bank transfer,True,0,2,16.0,True,15,22.9,5.7,7,38.0,5.8,5,False,9.7,False,0.0,0,No
CX04348,29,Fintech,Organic Search,Mobile,5,Month-to-month,Standard,3,False,18.1,83.72,Credit card,True,0,3,12.3,True,20,11.5,3.8,4,38.2,6.2,5,False,3.2,False,0.0,0,Yes
CX04349,18,Productivity,Paid Social,Tablet,44,Annual,Plus,1,False,23.75,963.28,Credit card,False,0,0,0.9,False,8,9.4,1.3,2,30.9,8.6,7,True,1.1,False,0.0,1,No
CX04350,27,Gaming,Organic Search,Desktop,23,Month-to-month,Plus,8,True,34.14,721.95,Debit card,True,1,4,4.5,True,23,6.9,2.6,7,37.2,8.3,9,False,8.0,False,0.0,1,No
CX04351,36,News & Media,Paid Social,Smart TV,3,Month-to-month,Basic,2,False,10.2,27.04,Credit card,True,0,2,12.9,True,10,31.1,5.2,18,66.4,9.0,10,True,1.8,False,0.0,3,No
CX04352,18,Productivity,Referral,Mobile,10,Month-to-month,Basic,3,False,15.13,140.22,Debit card,True,0,1,16.5,True,20,24.4,8.1,11,73.2,8.8,10,False,3.7,False,0.0,2,No
CX04353,36,Fintech,Organic Search,Mobile,21,Annual,Basic,1,False,8.86,165.16,Debit card,True,0,3,10.9,True,10,8.4,1.4,2,16.4,6.5,6,False,4.3,False,0.0,0,No
CX04354,43,Fintech,Paid Social,Mobile,4,Month-to-month,Standard,2,False,16.6,62.18,UPI / Instant transfer,True,0,1,17.2,True,19,30.2,9.6,9,29.9,8.4,10,True,17.7,True,4.9,1,No
CX04355,18,Gaming,Influencer,Desktop,44,Two year,Plus,2,False,23.1,908.39,Credit card,True,0,2,24.2,True,19,7.5,2.4,4,39.0,10.0,10,False,13.9,False,0.0,1,No
CX04356,51,Streaming,Organic Search,Mobile,22,Two year,Plus,2,True,14.98,312.51,Digital wallet,False,0,2,7.1,True,15,16.7,4.2,5,52.2,8.1,7,True,2.9,True,8.7,2,No
CX04357,27,Fintech,Paid Social,Tablet,3,Month-to-month,Plus,4,False,28.44,81.92,UPI / Instant transfer,True,0,2,28.3,False,8,16.3,2.2,5,30.1,9.0,10,True,11.7,True,17.3,3,Yes
CX04358,44,Streaming,Paid Social,Mobile,16,Annual,Basic,1,False,9.37,142.02,Credit card,False,1,4,12.7,True,13,12.9,2.8,2,34.1,8.4,8,False,5.4,False,0.0,0,No
CX04359,21,Streaming,Paid Social,Desktop,11,Month-to-month,Plus,8,True,37.54,409.25,Bank transfer,True,0,6,21.3,True,18,7.2,2.2,2,50.5,6.5,7,False,4.8,False,0.0,0,Yes
CX04360,28,Fintech,Organic Search,Mobile,11,Month-to-month,Standard,2,True,15.73,168.52,Debit card,True,1,1,10.3,True,22,10.5,3.8,4,44.5,8.7,10,False,1.1,True,3.0,2,No
CX04361,38,Productivity,App Store,Mobile,25,Annual,Standard,3,False,22.71,523.47,Digital wallet,True,1,1,22.5,True,18,33.0,9.9,34,55.2,7.7,8,False,3.6,False,0.0,0,No
CX04362,61,Fitness,Referral,Mobile,24,Month-to-month,Basic,2,True,12.92,294.37,UPI / Instant transfer,False,5,1,7.1,False,8,10.6,1.4,5,61.0,8.4,7,False,2.0,False,0.0,0,No
CX04363,33,Cloud Storage,Paid Social,Desktop,18,Annual,Basic,2,True,12.43,222.84,Credit card,False,3,2,28.3,True,15,11.9,3.0,5,17.4,6.1,7,True,20.8,True,11.9,0,No
CX04364,27,Fintech,Paid Social,Mobile,52,Annual,Standard,3,False,15.68,761.04,UPI / Instant transfer,False,1,2,19.2,True,24,12.3,4.9,14,47.7,9.3,10,True,5.5,False,0.0,1,No
CX04365,46,Gaming,Paid Social,Desktop,28,Two year,Basic,2,True,13.97,373.72,Credit card,True,1,2,2.3,True,17,16.9,4.8,3,51.7,7.6,5,False,5.0,False,0.0,0,No
CX04366,18,Productivity,Paid Social,Mobile,16,Month-to-month,Basic,2,False,12.05,190.07,Credit card,True,1,1,24.8,True,20,10.0,3.3,30,35.4,7.4,7,False,13.5,True,18.3,0,Yes
CX04367,45,Streaming,App Store,Desktop,43,Two year,Basic,3,False,13.15,502.96,Bank transfer,True,1,4,26.6,False,3,6.6,0.3,17,30.7,6.7,6,False,6.3,False,0.0,2,No
CX04368,27,Fitness,Organic Search,Mobile,4,Annual,Plus,4,False,22.66,86.55,Credit card,True,0,2,4.3,True,21,20.2,7.1,2,26.8,8.9,10,True,8.9,False,0.0,1,No
CX04369,27,Fintech,Paid Social,Mobile,19,Annual,Basic,2,True,12.49,214.01,Digital wallet,False,3,6,11.8,False,10,7.0,1.2,5,75.3,6.6,7,False,2.3,False,0.0,0,Yes
CX04370,23,Productivity,App Store,Mobile,29,Annual,Plus,2,False,22.99,601.66,Digital wallet,True,0,1,26.9,True,21,11.1,3.9,28,35.1,8.9,9,False,1.5,False,0.0,2,No
CX04371,49,Productivity,Referral,Desktop,16,Annual,Basic,2,False,7.79,110.42,Debit card,True,1,2,4.3,True,13,27.6,6.0,8,53.2,7.8,8,False,8.0,False,0.0,1,No
CX04372,42,Cloud Storage,Referral,Desktop,34,Month-to-month,Standard,3,False,20.97,704.78,Credit card,True,1,3,8.6,False,8,5.4,0.7,9,50.3,5.9,7,True,4.1,False,0.0,2,No
CX04373,47,Streaming,Organic Search,Mobile,20,Month-to-month,Premium,4,True,29.65,589.88,Digital wallet,True,0,2,18.1,True,24,5.2,2.1,17,59.9,9.1,8,True,5.6,False,0.0,1,No
CX04374,21,Fitness,Organic Search,Desktop,14,Month-to-month,Standard,4,False,24.81,343.3,Digital wallet,True,0,0,1.0,True,14,5.8,1.4,4,48.7,9.8,7,False,1.7,False,0.0,0,No
CX04375,19,Fintech,App Store,Mobile,18,Month-to-month,Basic,2,False,13.1,215.58,UPI / Instant transfer,True,1,2,5.2,True,23,10.7,4.1,4,43.5,7.8,7,True,5.5,False,0.0,2,No
CX04376,39,Fintech,Paid Social,Mobile,5,Month-to-month,Standard,1,False,17.59,84.53,Credit card,False,0,1,3.6,True,13,30.0,6.5,6,58.6,8.8,8,True,2.6,True,12.5,2,No
CX04377,39,Streaming,Email Campaign,Tablet,12,Month-to-month,Standard,6,False,23.97,255.07,Digital wallet,False,0,1,6.6,False,11,4.3,0.8,6,80.0,10.0,10,False,6.9,False,0.0,3,No
CX04378,34,Productivity,Influencer,Mobile,22,Month-to-month,Standard,4,False,28.71,612.85,Digital wallet,True,0,2,5.1,True,20,27.3,9.1,24,49.5,8.8,9,False,4.1,True,5.3,2,No
CX04379,18,Streaming,Organic Search,Tablet,7,Month-to-month,Basic,3,True,18.56,116.51,Credit card,False,0,3,31.7,True,18,6.4,1.9,12,56.8,9.4,10,True,1.8,True,13.9,3,Yes
CX04380,18,Cloud Storage,Paid Social,Mobile,18,Annual,Standard,2,True,15.89,277.94,Credit card,True,0,3,7.8,True,24,20.9,8.4,15,51.8,7.9,9,False,8.5,False,0.0,2,No
CX04381,50,Gaming,Organic Search,Desktop,12,Month-to-month,Standard,1,False,18.16,201.79,Digital wallet,True,0,6,12.0,False,8,5.2,0.7,7,33.7,10.0,8,False,0.9,False,0.0,1,No
CX04382,41,Productivity,Paid Social,Desktop,11,Month-to-month,Basic,2,False,12.49,137.05,Bank transfer,False,2,0,12.3,True,14,28.8,6.7,1,56.0,9.5,9,True,7.8,False,0.0,2,Yes
CX04383,45,Fintech,Influencer,Desktop,14,Month-to-month,Basic,2,False,10.76,140.66,UPI / Instant transfer,True,1,5,8.3,True,22,14.6,5.4,28,39.0,8.4,9,False,1.4,False,0.0,1,Yes
CX04384,36,News & Media,Influencer,Mobile,39,Two year,Basic,1,False,9.12,334.26,Credit card,True,0,1,22.9,True,13,6.6,1.4,7,60.1,8.4,10,False,3.5,False,0.0,1,No
CX04385,33,Productivity,Paid Social,Mobile,38,Annual,Standard,1,True,14.32,487.31,UPI / Instant transfer,False,1,2,17.8,True,15,10.8,2.7,11,74.3,8.7,7,False,3.5,False,0.0,2,No
CX04386,40,Streaming,Paid Social,Mobile,21,Two year,Standard,3,True,16.46,318.26,Debit card,True,0,1,13.7,True,21,17.4,6.1,11,44.5,7.9,8,False,7.5,False,0.0,1,No
CX04387,31,Fitness,Paid Social,Mobile,5,Month-to-month,Premium,5,False,26.74,124.37,UPI / Instant transfer,True,0,3,17.9,True,23,15.8,6.1,5,58.7,7.7,7,False,5.5,False,0.0,1,No
CX04388,36,Productivity,Email Campaign,Mobile,49,Month-to-month,Standard,3,False,17.1,809.25,Debit card,True,0,4,25.7,True,18,17.2,5.2,9,44.7,7.5,8,False,8.9,False,0.0,0,No
CX04389,45,Productivity,App Store,Desktop,4,Annual,Basic,1,False,11.58,45.86,Credit card,True,0,2,13.8,True,13,8.6,1.9,14,37.4,6.5,8,False,3.5,False,0.0,1,No
CX04390,18,Streaming,Paid Social,Desktop,17,Month-to-month,Basic,1,True,8.92,143.13,Debit card,True,2,2,0.9,True,18,3.2,1.0,9,42.2,9.6,10,False,3.1,False,0.0,2,No
CX04391,42,Streaming,Organic Search,Mobile,19,Month-to-month,Standard,2,False,19.76,357.97,Credit card,True,0,0,6.3,True,16,28.1,7.5,5,49.0,10.0,10,False,2.2,True,17.2,2,No
CX04392,43,Fintech,Organic Search,Mobile,10,Month-to-month,Basic,2,False,15.89,155.62,Digital wallet,True,1,2,16.5,True,19,9.8,3.1,16,47.6,9.5,9,True,5.9,True,17.0,3,Yes
CX04393,32,Fintech,Paid Social,Smart TV,37,Month-to-month,Basic,3,False,11.31,379.53,Bank transfer,True,1,1,8.7,True,15,16.3,4.1,0,59.8,8.0,10,False,21.1,False,0.0,1,No
CX04394,31,Cloud Storage,Organic Search,Mobile,14,Month-to-month,Basic,2,True,11.66,152.77,Debit card,True,0,3,3.6,True,17,17.6,5.0,11,56.2,7.1,8,False,8.1,False,0.0,1,No
CX04395,38,Streaming,Referral,Mobile,51,Two year,Standard,2,False,11.47,546.3,Digital wallet,True,0,7,12.8,True,17,8.1,2.3,0,42.4,9.1,9,False,5.8,False,0.0,0,No
CX04396,42,Fintech,Referral,Mobile,23,Annual,Plus,3,True,24.49,497.23,Credit card,True,0,4,17.7,True,18,8.0,2.4,10,48.5,6.6,4,True,2.2,True,24.2,1,No
CX04397,48,Streaming,Referral,Mobile,12,Two year,Basic,2,True,10.65,120.72,Credit card,True,0,0,26.3,True,22,1.9,0.7,15,58.1,8.2,8,True,3.9,True,22.7,1,No
CX04398,50,Cloud Storage,App Store,Mobile,12,Annual,Standard,3,True,13.03,141.25,Credit card,False,0,5,20.5,True,12,16.1,3.2,0,44.8,6.0,4,False,0.2,True,17.5,0,No
CX04399,34,Fitness,Email Campaign,Mobile,6,Month-to-month,Basic,2,True,11.39,68.09,UPI / Instant transfer,False,1,3,21.9,True,13,17.0,3.7,3,53.4,9.5,8,True,13.8,True,26.6,3,No
CX04400,44,Streaming,App Store,Desktop,13,Two year,Plus,1,True,15.73,187.46,Digital wallet,True,0,3,12.1,True,22,10.5,3.8,9,52.4,6.6,6,False,0.5,False,0.0,1,No
CX04401,43,Fintech,Organic Search,Mobile,23,Annual,Standard,3,False,21.55,440.09,Credit card,True,0,2,2.1,True,24,35.5,14.2,15,48.4,9.2,10,False,1.5,False,0.0,3,No
CX04402,48,Fintech,App Store,Mobile,36,Annual,Basic,1,False,7.21,229.09,Digital wallet,True,0,1,2.2,False,8,14.9,2.0,3,47.5,8.3,9,True,5.9,True,19.1,2,No
CX04403,40,Fintech,Influencer,Mobile,36,Annual,Basic,1,False,8.42,293.83,Digital wallet,True,0,1,10.5,True,14,4.0,0.9,5,21.5,9.0,10,False,1.5,False,0.0,2,No
CX04404,44,Fintech,Paid Social,Desktop,5,Month-to-month,Plus,4,True,23.26,105.17,UPI / Instant transfer,True,0,1,24.2,True,19,6.4,2.0,1,33.8,8.6,9,True,6.6,True,14.6,0,Yes
CX04405,24,Fintech,App Store,Mobile,24,Two year,Standard,2,False,13.0,300.22,UPI / Instant transfer,True,0,1,16.4,True,14,25.0,5.8,9,34.2,6.4,5,True,4.0,True,15.5,0,No
CX04406,18,Streaming,Organic Search,Desktop,4,Month-to-month,Basic,1,False,9.46,37.64,Credit card,False,0,1,33.7,True,12,1.1,0.2,5,44.1,7.1,7,False,9.1,False,0.0,1,Yes
CX04407,43,News & Media,Influencer,Mobile,5,Month-to-month,Plus,2,False,21.93,103.29,Bank transfer,False,2,1,6.6,True,27,40.5,18.2,7,32.6,8.4,7,False,3.8,False,0.0,0,Yes
CX04408,50,Fitness,Organic Search,Mobile,34,Month-to-month,Basic,3,False,15.71,499.45,UPI / Instant transfer,False,1,3,7.5,True,18,17.0,5.1,15,32.0,7.7,8,False,1.2,False,0.0,0,Yes
CX04409,36,Gaming,Paid Social,Smart TV,2,Month-to-month,Plus,6,False,33.18,60.8,Buy now pay later,True,0,4,13.7,False,13,8.8,1.9,16,46.9,7.1,7,True,2.7,True,7.2,0,No
CX04410,25,Streaming,Referral,Desktop,8,Month-to-month,Plus,4,False,30.43,221.69,UPI / Instant transfer,True,0,2,7.3,True,21,3.8,1.3,5,47.0,8.3,10,False,7.8,True,30.1,1,Yes
CX04411,46,Streaming,Organic Search,Mobile,11,Annual,Standard,6,False,29.81,300.58,Credit card,True,0,2,15.3,True,22,8.5,3.1,7,68.6,9.8,10,True,0.5,False,0.0,0,No
CX04412,50,Productivity,Paid Social,Desktop,13,Annual,Plus,3,False,24.22,279.99,UPI / Instant transfer,True,0,2,27.0,True,18,12.9,3.9,7,42.7,7.3,6,False,2.6,False,0.0,1,No
CX04413,33,Streaming,Email Campaign,Mobile,51,Two year,Standard,4,False,19.34,909.09,Credit card,False,1,1,4.9,False,11,1.3,0.2,1,42.3,6.7,9,False,5.1,True,6.5,0,No
CX04414,52,Fintech,Influencer,Desktop,36,Annual,Premium,7,False,33.38,1108.85,Debit card,True,2,1,0.8,True,23,6.2,2.4,24,38.7,10.0,9,False,1.9,False,0.0,1,No
CX04415,31,Streaming,Referral,Mobile,21,Two year,Premium,6,False,41.54,842.7,Debit card,True,0,3,5.9,True,19,31.0,9.8,7,41.8,8.0,7,False,5.9,False,0.0,1,No
CX04416,25,Fintech,Paid Social,Mobile,37,Two year,Basic,3,False,15.13,527.9,Credit card,True,0,1,5.0,True,18,57.7,17.3,7,71.6,9.5,9,False,7.9,False,0.0,1,No
CX04417,30,Cloud Storage,App Store,Mobile,16,Annual,Plus,3,False,25.16,383.5,Digital wallet,True,0,1,11.0,True,14,16.4,3.8,4,40.1,8.1,9,False,7.3,False,0.0,2,No
CX04418,47,Fintech,Paid Social,Mobile,3,Month-to-month,Plus,4,True,24.28,72.16,Credit card,True,0,1,34.5,True,20,3.3,1.1,7,50.7,6.4,8,False,2.3,False,0.0,1,No
CX04419,31,Streaming,Organic Search,Mobile,24,Month-to-month,Standard,5,False,21.7,512.03,Digital wallet,False,0,3,7.8,True,13,30.4,6.6,4,58.4,7.5,6,True,4.0,True,14.7,0,No
CX04420,53,Fintech,Referral,Mobile,11,Month-to-month,Basic,3,False,12.18,119.41,UPI / Instant transfer,True,1,2,5.6,True,14,23.4,5.5,9,24.2,8.2,7,True,3.2,False,0.0,0,No
CX04421,34,Streaming,Organic Search,Mobile,17,Annual,Plus,4,True,32.12,507.21,Digital wallet,True,0,0,8.6,True,25,9.8,4.1,10,36.5,10.0,9,True,2.0,False,0.0,1,No
CX04422,18,Streaming,App Store,Smart TV,15,Two year,Standard,6,False,36.85,488.49,Debit card,True,0,2,3.9,True,15,9.6,2.4,2,22.2,9.8,9,True,5.4,False,0.0,1,No
CX04423,46,Fintech,Organic Search,Desktop,14,Annual,Standard,4,False,20.36,282.48,Credit card,True,1,5,21.2,True,23,6.0,2.3,15,81.8,7.1,6,False,4.1,False,0.0,1,Yes
CX04424,39,Streaming,Organic Search,Tablet,14,Annual,Premium,5,False,27.55,340.8,UPI / Instant transfer,True,0,3,2.8,False,10,29.7,5.0,19,33.1,6.4,8,False,1.8,False,0.0,0,No
CX04425,34,News & Media,Paid Social,Mobile,48,Two year,Standard,2,True,16.23,713.37,UPI / Instant transfer,False,0,2,4.2,True,15,28.9,7.2,5,41.0,8.5,7,False,0.6,True,8.4,2,No
CX04426,20,News & Media,Paid Social,Mobile,12,Annual,Basic,1,False,9.26,106.04,Debit card,True,0,0,4.0,True,10,4.2,0.7,1,29.2,8.6,9,False,1.9,False,0.0,1,No
CX04427,26,Fitness,Influencer,Mobile,20,Month-to-month,Premium,7,True,43.59,767.84,Credit card,True,1,6,7.2,True,28,15.7,7.3,4,49.5,7.4,6,True,2.2,True,12.2,0,Yes
CX04428,45,Fitness,Organic Search,Desktop,44,Annual,Standard,3,True,17.93,780.16,Credit card,True,1,1,4.7,True,18,8.7,2.6,4,45.7,10.0,10,False,11.3,True,9.8,0,No
CX04429,24,Fintech,Influencer,Desktop,11,Annual,Standard,1,False,16.18,156.9,Credit card,False,1,1,4.8,False,5,31.3,2.6,6,53.5,9.6,10,False,1.6,False,0.0,3,No
CX04430,25,Fitness,Email Campaign,Mobile,27,Two year,Plus,2,False,20.55,489.04,Debit card,True,0,1,13.0,True,17,25.8,7.3,4,59.7,9.4,7,False,1.3,False,0.0,1,No
CX04431,46,Gaming,Referral,Tablet,49,Annual,Plus,3,False,28.72,1242.88,Bank transfer,False,0,0,12.0,True,22,21.0,7.7,10,61.1,9.3,9,True,5.4,False,0.0,0,No
CX04432,35,Streaming,App Store,Desktop,11,Month-to-month,Premium,8,True,41.76,410.94,UPI / Instant transfer,True,0,4,0.9,True,20,8.7,2.9,1,27.9,9.2,9,False,2.1,True,8.9,1,No
CX04433,24,Fintech,App Store,Mobile,47,Two year,Basic,2,False,10.97,498.03,Credit card,True,2,1,5.6,True,18,13.3,4.0,1,57.0,8.2,9,True,2.7,False,0.0,1,No
CX04434,28,Streaming,App Store,Mobile,33,Month-to-month,Basic,1,True,8.11,264.72,UPI / Instant transfer,True,0,1,15.2,True,15,18.8,4.7,30,55.5,9.0,9,True,7.6,True,15.9,1,No
CX04435,41,Streaming,Organic Search,Desktop,12,Month-to-month,Premium,6,False,33.83,364.68,Buy now pay later,False,0,1,3.9,True,23,6.4,2.5,17,51.6,8.3,8,False,0.7,False,0.0,5,No
CX04436,39,Streaming,Organic Search,Mobile,27,Annual,Plus,6,False,24.82,610.82,UPI / Instant transfer,False,4,2,3.5,True,13,13.0,2.8,8,52.9,8.2,10,True,14.5,False,0.0,1,No
CX04437,33,Streaming,Influencer,Smart TV,33,Month-to-month,Standard,4,True,26.55,837.0,Credit card,True,0,3,2.4,True,8,11.6,1.5,6,47.7,9.5,7,False,3.6,False,0.0,1,No
CX04438,55,Gaming,Influencer,Smart TV,14,Month-to-month,Plus,2,True,16.01,209.28,Credit card,False,1,2,15.1,False,10,5.0,0.8,22,51.0,8.9,7,False,1.2,False,0.0,2,No
CX04439,29,Productivity,Referral,Smart TV,16,Annual,Basic,2,False,9.75,147.14,UPI / Instant transfer,False,2,2,14.8,True,18,25.7,7.7,12,43.5,5.8,5,True,1.9,False,0.0,0,Yes
CX04440,44,Productivity,Organic Search,Desktop,22,Annual,Plus,3,False,29.65,596.27,Credit card,True,0,3,14.0,True,22,6.1,2.2,6,55.6,9.4,8,False,2.8,True,18.8,0,No
CX04441,32,Fintech,Organic Search,Smart TV,23,Month-to-month,Plus,2,False,19.54,449.19,Credit card,True,0,2,10.7,False,7,31.5,3.7,6,23.0,7.8,7,False,4.4,False,0.0,1,No
CX04442,35,Cloud Storage,App Store,Desktop,2,Month-to-month,Basic,1,False,9.31,16.54,Credit card,True,1,1,22.8,False,2,5.5,0.2,46,40.1,8.2,5,False,3.3,True,15.4,1,Yes
CX04443,41,Gaming,Organic Search,Mobile,19,Annual,Basic,1,False,6.3,118.31,Credit card,True,1,2,9.0,True,17,15.2,4.3,7,69.1,8.0,8,True,4.2,False,0.0,1,Yes
CX04444,30,Gaming,Paid Social,Smart TV,8,Annual,Basic,2,True,11.75,86.13,Buy now pay later,True,0,4,6.1,True,18,28.7,8.6,17,44.6,7.2,8,False,1.4,True,17.4,0,No
CX04445,42,Streaming,Paid Social,Desktop,12,Month-to-month,Standard,3,True,19.7,209.7,UPI / Instant transfer,False,0,2,5.3,True,18,12.3,3.7,7,33.5,7.3,5,False,5.4,False,0.0,0,Yes
CX04446,56,Cloud Storage,Influencer,Mobile,40,Month-to-month,Basic,1,False,10.72,384.69,Debit card,True,0,0,12.8,True,13,25.9,5.6,9,53.3,8.1,8,True,7.3,False,0.0,0,Yes
CX04447,24,Streaming,Organic Search,Mobile,29,Annual,Plus,5,True,27.66,736.27,Bank transfer,True,1,2,5.5,True,22,17.9,6.6,9,49.0,8.7,10,False,10.8,False,0.0,1,No
CX04448,41,Productivity,App Store,Mobile,52,Two year,Standard,1,False,14.43,677.3,Digital wallet,True,2,1,1.8,True,19,14.7,4.7,10,38.9,8.0,8,True,4.9,True,13.4,1,No
CX04449,48,Gaming,Organic Search,Tablet,19,Annual,Standard,1,True,19.2,352.93,Buy now pay later,True,1,2,1.6,True,18,16.7,5.0,2,51.9,9.0,8,False,1.5,False,0.0,1,Yes
CX04450,44,Streaming,Paid Social,Desktop,41,Annual,Plus,3,True,27.55,1105.17,Digital wallet,True,0,5,10.4,True,12,30.1,6.0,30,54.5,6.9,6,True,19.8,False,0.0,1,Yes
CX04451,37,Streaming,Paid Social,Desktop,14,Month-to-month,Standard,3,False,23.03,303.73,Credit card,True,1,2,9.6,False,7,6.8,0.8,7,44.5,7.3,7,True,16.5,False,0.0,1,Yes
CX04452,22,Streaming,Organic Search,Tablet,35,Month-to-month,Standard,5,False,27.69,889.67,UPI / Instant transfer,True,1,4,5.6,True,17,7.1,2.0,2,27.3,7.8,7,False,6.0,False,0.0,0,No
CX04453,43,Productivity,App Store,Mobile,30,Month-to-month,Plus,4,False,26.78,791.3,Debit card,True,0,5,11.6,True,23,13.2,5.1,4,59.5,9.0,10,False,8.5,False,0.0,2,No
CX04454,36,Cloud Storage,Email Campaign,Mobile,11,Month-to-month,Basic,1,False,15.42,158.81,Digital wallet,True,1,1,12.2,True,14,20.1,4.7,6,40.1,8.8,10,True,12.7,True,16.5,1,No
CX04455,18,Cloud Storage,Paid Social,Mobile,25,Annual,Standard,4,False,26.53,639.32,Credit card,True,0,3,11.8,True,19,4.8,1.5,11,24.4,7.7,8,True,6.7,False,0.0,3,No
CX04456,35,Streaming,Organic Search,Desktop,18,Month-to-month,Standard,1,False,16.34,291.61,Digital wallet,False,2,1,2.4,True,20,31.7,10.6,27,61.4,8.6,10,False,15.6,False,0.0,0,No
CX04457,30,Productivity,Email Campaign,Mobile,6,Annual,Standard,3,True,21.99,125.13,Bank transfer,False,0,0,9.2,True,19,4.7,1.5,0,70.6,9.4,9,True,2.8,True,3.0,1,No
CX04458,23,Cloud Storage,Organic Search,Mobile,33,Annual,Basic,2,True,9.42,291.69,Bank transfer,False,0,2,5.8,True,22,21.0,7.7,5,31.8,9.1,10,False,0.9,False,0.0,1,No
CX04459,56,Fintech,Paid Social,Mobile,16,Month-to-month,Basic,1,False,6.56,93.45,Debit card,True,0,3,13.3,True,21,21.4,7.5,1,38.3,8.1,9,False,6.3,False,0.0,1,No
CX04460,50,Fitness,Organic Search,Mobile,18,Month-to-month,Standard,4,False,17.45,298.21,Credit card,True,0,2,14.3,True,15,29.9,7.5,9,27.8,9.0,9,True,7.1,False,0.0,1,No
CX04461,47,Fintech,Referral,Mobile,55,Annual,Basic,1,False,6.62,328.37,Digital wallet,True,1,4,24.9,True,15,11.8,3.0,6,47.3,8.4,8,True,5.1,True,10.3,0,Yes
CX04462,25,Streaming,Organic Search,Mobile,35,Two year,Basic,1,False,7.37,239.09,Digital wallet,False,1,2,8.2,True,22,36.2,13.3,37,33.9,10.0,10,True,2.5,False,0.0,3,No
CX04463,57,Streaming,App Store,Desktop,15,Month-to-month,Premium,4,False,28.41,388.08,Debit card,False,1,3,6.5,True,22,28.1,10.3,6,37.6,8.3,8,False,0.5,False,0.0,3,Yes
CX04464,58,Fitness,Organic Search,Mobile,6,Month-to-month,Premium,4,False,24.36,131.51,Digital wallet,False,2,3,12.0,True,22,4.7,1.7,10,55.1,9.9,10,False,0.2,False,0.0,3,No
CX04465,42,Gaming,Organic Search,Desktop,25,Annual,Premium,5,False,35.98,894.14,Digital wallet,True,3,5,15.3,True,19,9.5,3.0,8,65.6,7.5,6,False,2.7,True,28.1,1,No
CX04466,34,Streaming,Paid Social,Mobile,12,Month-to-month,Plus,3,False,22.49,238.36,Credit card,False,2,4,4.8,True,23,18.6,7.1,14,53.3,9.6,9,True,7.6,False,0.0,2,No
CX04467,18,Fitness,App Store,Tablet,8,Month-to-month,Basic,3,False,13.42,101.47,Bank transfer,True,0,2,4.2,True,18,2.7,0.8,7,78.7,9.5,8,False,5.8,False,0.0,0,No
CX04468,35,News & Media,Organic Search,Tablet,35,Two year,Plus,3,False,23.95,790.8,Debit card,True,0,3,20.8,False,5,20.0,1.7,1,41.4,8.0,7,True,5.8,False,0.0,2,No
CX04469,24,Streaming,Influencer,Mobile,21,Month-to-month,Standard,4,True,17.51,361.96,Credit card,False,1,3,8.5,True,25,4.4,1.8,11,55.9,7.5,7,False,2.4,False,0.0,0,Yes
CX04470,25,Productivity,Referral,Desktop,22,Annual,Standard,1,False,12.1,246.51,Digital wallet,False,2,3,6.1,True,25,13.2,5.5,6,54.7,9.1,8,True,7.8,False,0.0,2,No
CX04471,38,Fintech,Organic Search,Mobile,14,Month-to-month,Standard,1,False,8.65,117.86,Bank transfer,False,1,1,8.2,True,15,32.6,8.2,35,75.0,8.5,10,True,3.5,True,8.3,0,No
CX04472,37,News & Media,Referral,Tablet,21,Two year,Standard,2,False,12.19,233.29,Digital wallet,True,0,5,7.5,True,14,10.0,2.3,12,44.0,8.6,9,True,4.5,False,0.0,2,No
CX04473,46,Streaming,Paid Social,Smart TV,33,Annual,Basic,2,False,8.73,274.12,Buy now pay later,False,1,0,9.3,True,17,1.1,0.3,37,36.0,7.9,8,True,12.3,True,17.9,0,Yes
CX04474,30,Productivity,Organic Search,Mobile,21,Annual,Standard,2,True,16.13,330.17,Digital wallet,True,0,0,18.8,False,4,20.1,1.3,3,37.7,7.0,6,True,6.3,False,0.0,0,No
CX04475,24,Streaming,Organic Search,Tablet,38,Two year,Premium,8,False,41.15,1499.72,Debit card,True,0,4,5.7,True,31,23.7,12.2,5,53.9,10.0,8,True,6.2,True,17.4,1,No
CX04476,47,Cloud Storage,Email Campaign,Desktop,30,Two year,Standard,3,False,18.75,552.94,UPI / Instant transfer,True,0,1,9.0,True,17,8.6,2.4,4,65.7,9.0,10,True,5.2,False,0.0,0,No
CX04477,41,News & Media,Organic Search,Smart TV,27,Annual,Standard,4,True,23.91,603.18,Credit card,True,0,4,24.0,True,15,40.7,10.2,27,50.7,9.8,10,False,2.8,False,0.0,2,No
CX04478,35,News & Media,Email Campaign,Mobile,24,Annual,Plus,1,False,15.27,329.63,Digital wallet,True,1,4,11.1,True,21,9.5,3.3,8,51.7,10.0,9,False,7.6,False,0.0,1,No
CX04479,20,Fintech,Referral,Desktop,45,Two year,Plus,5,False,31.26,1330.0,Debit card,True,0,3,5.7,False,9,5.4,0.8,17,47.1,6.9,8,False,1.6,False,0.0,1,Yes
CX04480,58,Gaming,Organic Search,Desktop,28,Annual,Standard,1,True,14.93,382.76,Debit card,True,0,2,29.0,True,22,18.6,6.8,26,37.8,7.5,6,True,6.0,False,0.0,1,No
CX04481,20,Streaming,Referral,Smart TV,32,Annual,Plus,7,False,43.56,1301.64,UPI / Instant transfer,True,1,4,7.5,True,18,8.0,2.4,2,59.1,9.6,9,False,0.8,False,0.0,1,No
CX04482,44,Streaming,App Store,Mobile,7,Month-to-month,Plus,6,True,26.01,162.82,Debit card,True,1,1,2.5,True,19,28.3,9.0,4,38.0,7.0,6,False,7.2,True,16.9,0,No
CX04483,40,Fintech,Email Campaign,Desktop,57,Annual,Basic,2,False,12.5,635.76,UPI / Instant transfer,True,0,3,1.0,True,20,29.4,9.8,1,6.3,9.5,10,False,3.2,False,0.0,2,No
CX04484,58,Streaming,App Store,Tablet,5,Month-to-month,Standard,2,True,14.33,63.87,Bank transfer,False,0,2,5.4,False,8,34.5,4.6,7,47.3,6.3,6,False,3.6,False,0.0,2,Yes
CX04485,36,Streaming,Paid Social,Smart TV,20,Month-to-month,Standard,3,True,17.43,329.43,Credit card,True,1,2,7.8,True,21,17.9,6.3,8,37.7,8.9,10,False,2.0,False,0.0,1,No
CX04486,18,Streaming,Organic Search,Mobile,11,Month-to-month,Standard,2,False,21.54,208.7,UPI / Instant transfer,True,1,1,8.8,False,4,6.9,0.5,6,30.7,8.2,10,True,2.8,False,0.0,1,Yes
CX04487,28,Streaming,Organic Search,Mobile,9,Month-to-month,Basic,1,False,8.9,79.62,Credit card,True,2,0,12.8,True,10,2.9,0.5,6,55.3,9.2,10,False,10.1,False,0.0,1,No
CX04488,21,Streaming,Paid Social,Desktop,6,Month-to-month,Premium,6,True,29.38,166.5,UPI / Instant transfer,True,1,4,4.4,False,13,15.3,3.3,4,49.8,10.0,10,False,11.0,True,15.3,3,No
CX04489,37,News & Media,Email Campaign,Tablet,40,Month-to-month,Standard,2,False,15.45,599.15,Bank transfer,True,0,2,12.2,True,16,8.3,2.2,5,60.8,8.4,6,False,2.5,False,0.0,4,No
CX04490,23,Productivity,Organic Search,Mobile,17,Annual,Basic,1,False,8.62,135.33,Debit card,True,0,4,8.0,True,16,13.6,3.6,1,36.8,9.5,10,False,3.2,True,18.1,4,No
CX04491,53,News & Media,Paid Social,Mobile,11,Annual,Basic,1,False,12.01,127.95,Credit card,True,1,0,4.8,True,16,6.3,1.7,10,53.3,8.1,7,False,2.0,False,0.0,3,Yes
CX04492,48,Fintech,Paid Social,Mobile,29,Annual,Plus,2,False,21.81,581.28,Credit card,True,0,1,12.9,True,20,48.5,16.2,13,44.5,8.7,9,False,13.0,False,0.0,2,No
CX04493,52,Cloud Storage,Paid Social,Mobile,3,Month-to-month,Standard,1,True,15.14,42.71,UPI / Instant transfer,True,0,0,3.6,True,16,3.9,1.0,2,55.3,9.1,9,False,11.9,False,0.0,0,No
CX04494,40,Gaming,Referral,Mobile,18,Annual,Standard,4,False,18.01,320.14,Debit card,True,0,1,2.3,True,26,28.0,12.1,3,55.7,9.4,10,True,4.2,True,11.4,1,No
CX04495,27,Streaming,Paid Social,Mobile,12,Month-to-month,Standard,3,False,21.29,236.54,UPI / Instant transfer,True,1,4,5.4,True,20,12.5,4.2,14,49.3,7.3,7,False,2.6,False,0.0,1,No
CX04496,19,Fitness,Email Campaign,Mobile,19,Month-to-month,Basic,3,False,13.11,246.83,UPI / Instant transfer,False,1,0,6.2,True,11,18.5,3.4,11,38.0,8.6,9,False,7.4,False,0.0,0,Yes
CX04497,35,Cloud Storage,Paid Social,Mobile,26,Month-to-month,Standard,2,False,15.18,350.21,Credit card,True,0,0,15.9,True,22,2.5,0.9,14,36.2,7.5,8,True,2.8,False,0.0,0,No
CX04498,34,Fitness,Email Campaign,Mobile,25,Two year,Plus,3,False,21.74,482.14,Credit card,True,0,1,6.5,True,18,25.6,7.7,3,52.0,10.0,9,True,1.6,False,0.0,3,No
CX04499,44,Fitness,Paid Social,Mobile,6,Month-to-month,Premium,4,True,37.33,202.16,UPI / Instant transfer,True,0,0,10.7,True,18,16.6,5.0,9,59.2,9.1,9,False,4.1,False,0.0,0,Yes
CX04500,23,Streaming,Paid Social,Mobile,17,Month-to-month,Standard,5,False,21.57,323.22,Credit card,True,0,5,1.9,True,12,5.3,1.1,5,42.1,7.1,7,True,12.5,True,4.3,2,Yes
CX04501,22,Gaming,Influencer,Smart TV,74,Two year,Premium,8,False,38.55,2532.56,Digital wallet,True,1,5,10.2,True,20,20.9,7.0,11,13.2,6.8,9,True,1.5,True,8.4,0,No
CX04502,41,Cloud Storage,Referral,Mobile,6,Month-to-month,Standard,3,False,24.96,143.76,UPI / Instant transfer,True,0,3,17.9,True,22,13.8,5.1,2,60.1,7.6,9,False,17.4,False,0.0,1,Yes
CX04503,36,Cloud Storage,Paid Social,Desktop,15,Month-to-month,Standard,4,True,19.47,261.92,UPI / Instant transfer,True,1,3,29.0,True,18,5.4,1.6,29,40.8,6.5,6,False,2.4,False,0.0,0,Yes
CX04504,23,News & Media,Referral,Mobile,16,Annual,Standard,3,False,18.22,273.91,Credit card,False,0,2,12.5,True,21,8.5,3.0,10,42.2,7.8,9,True,1.1,False,0.0,1,Yes
CX04505,27,Fintech,Referral,Tablet,55,Annual,Basic,1,False,12.29,669.61,Bank transfer,False,0,4,29.3,True,14,15.4,3.6,11,40.4,7.1,9,False,10.6,True,18.6,1,No
CX04506,45,Streaming,Paid Social,Smart TV,28,Month-to-month,Standard,3,True,18.69,507.56,Buy now pay later,True,0,1,13.6,False,7,11.0,1.3,9,42.5,8.2,10,True,4.5,False,0.0,2,No
CX04507,35,News & Media,Referral,Mobile,13,Annual,Basic,2,False,10.48,129.55,UPI / Instant transfer,True,1,2,4.1,True,13,5.4,1.2,4,37.7,9.5,8,False,2.8,False,0.0,1,No
CX04508,43,Cloud Storage,Paid Social,Mobile,32,Annual,Premium,6,False,47.06,1477.65,Debit card,False,3,3,6.8,True,25,20.8,8.7,5,42.9,8.5,7,False,2.3,True,17.5,1,No
CX04509,41,Streaming,App Store,Tablet,16,Two year,Plus,2,False,14.63,226.62,Digital wallet,True,0,2,10.4,False,8,22.2,3.0,37,37.4,6.0,4,False,4.8,False,0.0,2,Yes
CX04510,31,Streaming,App Store,Tablet,10,Annual,Basic,3,False,13.13,116.44,Debit card,True,0,3,8.1,False,4,16.0,1.1,9,47.6,8.9,9,True,2.6,True,13.5,1,No
CX04511,48,Productivity,Paid Social,Tablet,12,Month-to-month,Plus,5,False,38.27,455.21,UPI / Instant transfer,True,0,1,27.0,False,8,11.7,1.6,8,63.7,6.7,8,True,4.4,False,0.0,1,Yes
CX04512,38,Cloud Storage,Organic Search,Mobile,11,Month-to-month,Premium,2,True,18.88,191.78,Debit card,False,1,3,33.4,True,23,10.7,4.1,15,48.9,8.2,7,False,6.0,False,0.0,2,No
CX04513,27,Gaming,Paid Social,Mobile,7,Month-to-month,Plus,5,False,22.71,158.09,UPI / Instant transfer,True,0,2,13.7,True,22,11.0,4.0,10,27.3,7.3,6,False,2.9,True,7.7,1,No
CX04514,20,Gaming,App Store,Mobile,40,Month-to-month,Basic,2,False,8.71,310.32,Bank transfer,False,2,1,12.8,False,3,17.4,0.9,46,71.3,8.2,6,False,5.2,False,0.0,1,No
CX04515,31,Fitness,Paid Social,Desktop,22,Month-to-month,Premium,3,False,27.73,544.94,Credit card,True,1,2,10.0,False,11,8.8,1.6,9,23.2,6.6,6,False,4.7,False,0.0,1,No
CX04516,38,Streaming,Referral,Tablet,15,Month-to-month,Basic,3,False,14.11,187.81,UPI / Instant transfer,True,1,3,4.6,True,17,23.4,6.6,6,16.0,8.3,5,False,10.3,True,14.2,1,No
CX04517,24,Fitness,Referral,Tablet,43,Annual,Basic,3,False,9.86,419.82,Debit card,True,0,4,11.1,False,3,6.2,0.3,150,55.3,10.0,9,False,4.5,False,0.0,3,No
CX04518,26,Streaming,App Store,Mobile,50,Two year,Standard,2,False,12.9,599.0,Bank transfer,True,0,2,5.2,True,7,36.2,4.2,6,56.1,7.7,9,False,11.4,True,15.9,0,No
CX04519,32,Cloud Storage,Organic Search,Smart TV,31,Two year,Premium,5,False,31.56,969.22,Bank transfer,True,0,0,25.6,False,8,13.7,1.8,6,55.3,8.7,9,True,4.5,False,0.0,3,No
CX04520,56,Streaming,Paid Social,Desktop,7,Month-to-month,Standard,4,False,26.85,174.9,Debit card,True,2,1,15.7,True,19,12.4,3.9,10,31.3,9.5,10,True,0.7,False,0.0,1,Yes
CX04521,18,Streaming,Paid Social,Desktop,8,Month-to-month,Standard,1,False,11.13,83.59,Digital wallet,False,2,2,2.2,False,8,7.1,0.9,8,52.4,8.7,10,True,5.2,True,21.5,3,No
CX04522,35,Gaming,Organic Search,Mobile,3,Month-to-month,Plus,2,True,20.25,59.19,Credit card,False,3,2,4.0,True,21,5.2,1.8,7,59.6,9.1,9,False,6.1,False,0.0,1,No
CX04523,57,Fitness,Organic Search,Smart TV,40,Two year,Plus,2,False,14.84,541.22,UPI / Instant transfer,True,0,1,4.4,True,16,26.8,7.1,8,56.7,9.5,10,True,9.0,True,20.7,0,No
CX04524,35,Productivity,Influencer,Mobile,52,Annual,Plus,3,False,29.86,1545.59,UPI / Instant transfer,True,0,2,20.8,False,10,10.7,1.8,12,62.1,8.9,10,False,1.5,False,0.0,1,No
CX04525,38,Streaming,Paid Social,Mobile,25,Annual,Premium,4,True,30.94,685.01,Digital wallet,False,0,3,16.6,True,15,15.7,3.9,5,81.2,8.6,9,False,8.7,True,3.8,1,Yes
CX04526,35,Productivity,App Store,Mobile,32,Two year,Standard,3,False,13.1,414.14,Bank transfer,True,1,4,2.1,True,23,17.5,6.7,11,54.1,7.1,7,False,5.5,False,0.0,1,No
CX04527,48,Fitness,Referral,Desktop,9,Month-to-month,Basic,2,False,10.83,88.66,UPI / Instant transfer,False,0,2,6.8,True,11,23.9,4.4,4,69.1,8.6,8,False,12.1,False,0.0,2,No
CX04528,23,Cloud Storage,Organic Search,Desktop,27,Month-to-month,Premium,7,False,38.18,1024.31,Debit card,True,0,2,1.9,False,15,12.2,3.0,4,27.7,9.6,10,False,2.8,False,0.0,1,No
CX04529,35,Streaming,Organic Search,Mobile,10,Month-to-month,Plus,3,False,20.09,198.05,UPI / Instant transfer,True,2,1,3.9,True,21,19.9,7.0,3,14.1,7.3,8,True,1.9,False,0.0,0,Yes
CX04530,49,Productivity,Paid Social,Smart TV,32,Two year,Standard,2,False,25.09,745.7,Debit card,True,2,1,12.7,True,18,12.2,3.7,4,43.1,8.2,7,False,2.4,False,0.0,1,No
CX04531,43,Cloud Storage,Paid Social,Desktop,14,Annual,Standard,5,True,27.46,375.3,Bank transfer,False,1,1,6.8,False,5,8.2,0.7,7,46.8,9.1,7,True,4.0,False,0.0,3,No
CX04532,22,Fintech,Paid Social,Mobile,19,Month-to-month,Standard,1,False,14.51,249.64,Digital wallet,False,3,1,3.5,True,18,9.8,2.9,4,48.9,7.9,8,False,7.7,False,0.0,2,No
CX04533,42,Streaming,Referral,Desktop,10,Annual,Standard,3,False,14.64,141.26,Debit card,True,0,3,15.3,True,22,19.5,7.2,6,68.8,7.4,7,True,2.9,False,0.0,0,No
CX04534,39,Fitness,App Store,Smart TV,15,Month-to-month,Basic,4,False,15.11,203.17,UPI / Instant transfer,False,2,3,4.8,True,15,3.6,0.9,14,46.3,6.1,5,True,3.2,False,0.0,0,No
CX04535,39,Streaming,Referral,Smart TV,22,Month-to-month,Standard,1,True,12.53,242.9,Credit card,True,0,3,9.0,True,14,20.5,4.8,4,74.3,10.0,10,False,10.6,False,0.0,4,No
CX04536,29,Productivity,Organic Search,Mobile,19,Annual,Standard,3,False,13.75,249.86,UPI / Instant transfer,True,1,4,4.2,True,19,17.8,5.6,9,31.7,9.3,10,False,1.2,True,6.9,2,No
CX04537,42,Fintech,Paid Social,Mobile,16,Annual,Basic,4,True,17.86,269.07,Bank transfer,False,1,3,3.7,True,20,7.1,2.4,2,40.4,8.5,10,False,4.2,False,0.0,1,No
CX04538,48,Gaming,Influencer,Desktop,40,Two year,Basic,2,True,12.56,466.87,Digital wallet,True,0,0,14.1,True,18,28.8,8.6,3,50.1,9.4,8,False,1.2,True,21.7,1,No
CX04539,36,Streaming,Paid Social,Mobile,23,Month-to-month,Basic,3,False,12.19,269.89,UPI / Instant transfer,True,0,3,7.5,True,13,7.2,1.6,6,41.5,8.5,8,False,7.2,False,0.0,4,Yes
CX04540,18,Fintech,Referral,Mobile,48,Two year,Basic,1,True,9.54,424.48,Bank transfer,True,1,8,8.8,True,18,15.6,4.7,7,45.7,7.3,8,True,1.4,False,0.0,1,No
CX04541,36,Fitness,Organic Search,Mobile,15,Month-to-month,Basic,4,False,15.72,222.72,UPI / Instant transfer,False,2,2,52.7,True,17,9.3,2.6,1,52.9,5.1,4,False,9.2,True,12.2,1,Yes
CX04542,40,Gaming,Referral,Desktop,30,Month-to-month,Premium,3,False,27.74,782.29,Digital wallet,True,0,2,12.4,False,9,6.6,1.0,11,42.8,8.5,10,True,1.3,True,14.7,2,No
CX04543,54,Fintech,Paid Social,Tablet,37,Two year,Standard,6,False,31.17,1138.85,Bank transfer,False,2,5,5.1,True,13,3.9,0.8,0,42.3,7.0,7,True,4.2,False,0.0,0,Yes
CX04544,42,Fintech,Email Campaign,Mobile,7,Month-to-month,Plus,3,True,26.42,176.15,Credit card,False,2,1,10.3,True,16,13.8,3.7,10,73.2,8.4,10,False,2.4,False,0.0,2,Yes
CX04545,34,Cloud Storage,Organic Search,Mobile,12,Month-to-month,Standard,2,True,17.39,201.93,Digital wallet,True,0,2,10.1,False,2,7.0,0.2,20,69.2,6.6,8,False,2.9,False,0.0,1,No
CX04546,43,Productivity,App Store,Mobile,9,Month-to-month,Basic,2,False,11.7,101.38,UPI / Instant transfer,True,0,0,5.4,True,18,7.0,2.1,21,56.6,7.7,9,True,1.7,False,0.0,1,Yes
CX04547,36,Productivity,Organic Search,Mobile,5,Annual,Premium,3,False,25.55,121.64,Bank transfer,True,0,2,4.1,True,25,14.0,5.8,2,86.0,8.4,7,False,5.4,True,5.1,2,No
CX04548,39,Streaming,Referral,Mobile,18,Annual,Basic,1,True,12.14,215.04,Bank transfer,True,0,2,6.2,True,18,4.9,1.5,19,48.1,9.8,10,False,7.8,False,0.0,2,No
CX04549,31,News & Media,Organic Search,Desktop,13,Two year,Basic,1,False,7.44,96.49,Bank transfer,False,0,2,2.8,True,14,5.6,1.3,10,49.0,10.0,10,False,6.3,False,0.0,0,No
CX04550,25,Productivity,Influencer,Desktop,17,Annual,Standard,3,False,16.19,269.48,Credit card,True,0,0,28.6,True,18,20.3,6.1,10,51.8,9.5,9,True,2.3,True,16.9,1,No
CX04551,30,Streaming,App Store,Mobile,31,Two year,Basic,1,False,8.69,255.74,Credit card,True,1,1,15.2,True,19,20.1,6.4,26,50.8,8.6,8,False,0.5,False,0.0,0,No
CX04552,27,Fintech,Paid Social,Mobile,19,Two year,Basic,1,False,8.32,157.13,Digital wallet,True,1,2,23.4,True,13,8.4,1.8,10,73.7,9.1,9,False,3.6,False,0.0,0,No
CX04553,34,Fintech,Referral,Desktop,5,Month-to-month,Plus,5,True,30.98,148.08,Credit card,False,2,5,15.1,False,10,12.2,2.0,4,59.6,7.7,8,True,10.5,False,0.0,1,Yes
CX04554,20,Fintech,Paid Social,Mobile,12,Annual,Plus,3,True,27.97,302.25,Digital wallet,True,0,4,3.4,True,30,7.3,3.6,13,80.4,9.4,9,True,6.3,False,0.0,1,No
CX04555,33,Streaming,App Store,Mobile,26,Annual,Standard,3,True,21.51,533.84,Credit card,True,0,5,6.9,True,13,13.3,2.9,2,52.9,7.7,8,False,3.1,False,0.0,0,Yes
CX04556,54,Fintech,Referral,Mobile,11,Month-to-month,Standard,1,False,13.93,148.42,Debit card,True,1,3,12.5,True,26,4.0,1.7,6,65.9,8.3,8,True,6.5,False,0.0,1,No
CX04557,34,Productivity,Organic Search,Mobile,24,Annual,Plus,4,True,21.54,495.84,Digital wallet,True,1,1,28.6,True,19,16.0,5.1,9,40.5,5.5,5,True,9.7,False,0.0,0,Yes
CX04558,43,Productivity,App Store,Tablet,32,Month-to-month,Basic,2,False,10.82,342.99,Bank transfer,True,0,3,21.8,True,20,10.5,3.5,1,41.5,7.9,8,True,4.1,False,0.0,0,Yes
CX04559,39,Fintech,Paid Social,Desktop,10,Month-to-month,Basic,2,False,9.37,86.13,Debit card,False,1,1,6.7,True,17,7.9,2.2,11,42.5,8.9,10,False,1.9,False,0.0,5,No
CX04560,51,Fintech,App Store,Smart TV,12,Month-to-month,Basic,3,False,13.09,143.1,Buy now pay later,True,1,2,2.2,False,4,9.8,0.7,16,32.7,7.8,8,True,12.2,False,0.0,1,No
CX04561,34,Gaming,Paid Social,Mobile,8,Month-to-month,Plus,6,False,26.19,205.07,UPI / Instant transfer,True,0,3,5.2,True,20,2.5,0.8,11,32.9,8.0,9,True,3.9,False,0.0,2,No
CX04562,34,Cloud Storage,Paid Social,Tablet,40,Month-to-month,Standard,2,False,17.37,659.38,Bank transfer,True,0,2,11.1,False,8,5.4,0.7,9,39.2,9.3,8,True,5.0,False,0.0,2,No
CX04563,18,Cloud Storage,Email Campaign,Mobile,19,Month-to-month,Plus,4,False,31.61,528.8,Debit card,True,1,3,35.8,True,23,9.6,3.7,7,62.8,8.0,10,False,8.0,False,0.0,0,Yes
CX04564,30,Streaming,Email Campaign,Mobile,17,Annual,Basic,3,False,12.87,196.25,Debit card,True,0,4,5.9,True,13,3.3,0.7,11,31.1,5.8,5,True,9.9,False,0.0,0,Yes
CX04565,28,Fintech,Referral,Smart TV,5,Month-to-month,Standard,2,False,19.95,95.65,Credit card,True,1,1,1.8,True,16,3.5,0.9,11,32.1,9.8,9,False,6.6,False,0.0,2,No
CX04566,65,Fintech,Organic Search,Mobile,11,Month-to-month,Basic,2,False,9.94,100.09,UPI / Instant transfer,False,2,2,15.9,True,14,5.0,1.2,7,67.9,9.3,10,True,5.2,True,16.4,4,No
CX04567,26,Fintech,Organic Search,Mobile,27,Two year,Standard,1,False,15.09,375.85,Credit card,True,0,3,14.0,True,21,5.9,2.1,5,63.6,8.4,8,False,15.4,False,0.0,1,No
CX04568,18,Streaming,Paid Social,Desktop,56,Month-to-month,Basic,2,False,10.06,541.73,Debit card,True,1,2,25.3,False,7,25.0,2.9,4,55.6,8.6,7,False,2.5,False,0.0,1,No
CX04569,60,Fitness,Influencer,Desktop,5,Month-to-month,Standard,2,False,22.6,104.62,Digital wallet,False,1,3,8.7,False,7,8.8,1.0,13,62.4,8.1,10,False,6.0,True,20.5,1,No
CX04570,47,Productivity,Organic Search,Mobile,17,Month-to-month,Standard,4,False,16.84,277.49,Credit card,False,0,0,4.1,True,13,10.3,2.2,12,44.9,9.3,7,False,13.1,False,0.0,2,Yes
CX04571,22,Fitness,App Store,Desktop,15,Annual,Plus,5,True,27.76,412.79,Debit card,True,0,2,1.6,False,8,10.0,1.3,16,24.5,6.7,5,True,4.8,True,10.1,2,No
CX04572,33,Fitness,App Store,Smart TV,33,Annual,Basic,2,False,11.97,374.93,Debit card,True,1,6,12.1,True,23,11.9,4.6,11,30.7,6.9,7,True,9.1,False,0.0,0,No
CX04573,24,Streaming,Organic Search,Desktop,16,Month-to-month,Basic,2,False,10.8,166.26,Credit card,True,1,1,9.7,False,6,17.8,1.8,2,54.8,9.4,9,True,0.3,True,17.0,2,No
CX04574,41,Productivity,Referral,Mobile,56,Two year,Plus,2,False,24.94,1300.8,Credit card,True,0,1,26.9,True,15,6.8,1.7,1,53.8,7.4,9,False,5.2,False,0.0,1,No
CX04575,24,Streaming,Paid Social,Mobile,13,Month-to-month,Basic,1,False,11.75,149.52,Buy now pay later,False,1,1,9.3,True,16,15.5,4.1,8,56.2,8.2,10,True,15.4,False,0.0,2,No
CX04576,30,Cloud Storage,Influencer,Mobile,12,Month-to-month,Premium,8,True,33.65,368.53,Debit card,True,0,2,2.0,True,21,18.9,6.6,4,48.7,10.0,8,False,5.0,False,0.0,2,No
CX04577,30,Fintech,Organic Search,Desktop,4,Month-to-month,Standard,2,False,18.15,71.53,Credit card,False,1,3,4.9,False,7,7.5,0.9,6,44.9,6.8,6,False,6.9,False,0.0,0,Yes
CX04578,35,Productivity,Organic Search,Desktop,76,Annual,Basic,2,False,12.17,893.09,Credit card,True,0,0,7.8,False,8,19.8,2.6,14,56.6,9.8,10,False,3.6,False,0.0,2,No
CX04579,44,Fintech,Paid Social,Smart TV,50,Two year,Standard,4,False,19.46,898.15,UPI / Instant transfer,True,0,4,23.5,False,10,11.7,2.0,33,40.1,6.3,7,True,4.9,False,0.0,1,Yes
CX04580,32,News & Media,Organic Search,Desktop,28,Month-to-month,Basic,3,True,12.6,347.49,Debit card,False,0,3,13.9,False,5,28.8,2.4,3,54.9,8.2,8,True,6.3,True,16.9,2,Yes
CX04581,36,Fintech,Paid Social,Mobile,21,Annual,Basic,3,False,11.3,227.64,Credit card,False,3,2,14.4,True,16,10.0,2.7,15,42.2,8.7,9,False,7.9,False,0.0,1,No
CX04582,41,Cloud Storage,Referral,Desktop,19,Annual,Standard,1,False,19.37,350.62,UPI / Instant transfer,True,0,3,16.7,True,19,9.3,2.9,4,68.1,8.2,9,True,1.8,False,0.0,2,No
CX04583,53,Streaming,Organic Search,Desktop,58,Two year,Basic,2,True,13.51,782.58,UPI / Instant transfer,True,0,2,15.3,True,10,30.3,5.0,3,65.2,8.7,9,True,11.7,True,18.0,0,No
CX04584,56,Productivity,Paid Social,Mobile,43,Annual,Standard,5,False,22.99,936.16,Bank transfer,True,0,7,9.1,True,16,3.5,0.9,2,36.0,8.1,9,True,3.9,False,0.0,2,No
CX04585,49,Cloud Storage,Organic Search,Mobile,18,Month-to-month,Standard,3,False,20.35,341.08,Debit card,False,2,2,14.3,True,18,8.5,2.6,3,34.6,8.6,6,True,2.9,True,18.4,1,No
CX04586,38,Productivity,Paid Social,Desktop,7,Month-to-month,Basic,1,False,12.32,81.43,UPI / Instant transfer,True,0,1,12.9,False,6,42.1,4.2,6,41.8,8.0,9,False,7.4,False,0.0,0,Yes
CX04587,50,Gaming,Referral,Desktop,32,Month-to-month,Basic,2,False,10.36,331.03,Credit card,False,2,2,17.2,False,5,34.0,2.8,2,54.3,6.8,5,False,0.1,False,0.0,1,Yes
CX04588,40,Cloud Storage,Paid Social,Mobile,10,Month-to-month,Basic,1,False,6.85,65.22,UPI / Instant transfer,True,0,1,14.7,True,18,4.8,1.4,2,81.5,8.0,7,False,2.2,False,0.0,0,No
CX04589,18,Gaming,Referral,Mobile,9,Month-to-month,Basic,3,False,12.12,101.91,Digital wallet,False,2,3,6.2,True,18,18.3,5.5,12,64.8,7.2,4,False,6.1,False,0.0,1,No
CX04590,35,Productivity,App Store,Tablet,23,Annual,Basic,1,False,8.53,192.93,Credit card,False,0,3,8.2,True,17,11.3,3.2,1,60.6,7.3,8,False,1.8,False,0.0,2,No
CX04591,18,Fintech,Email Campaign,Mobile,40,Annual,Premium,4,True,29.52,1047.71,Buy now pay later,False,1,3,20.5,True,25,6.8,2.8,3,41.3,8.1,8,True,10.0,False,0.0,1,No
CX04592,41,Streaming,Organic Search,Smart TV,11,Annual,Standard,3,False,19.23,203.45,UPI / Instant transfer,True,0,2,15.5,False,12,15.3,3.1,28,54.0,8.2,10,True,1.7,True,23.2,0,No
CX04593,48,Fitness,Paid Social,Tablet,6,Month-to-month,Standard,5,False,34.52,205.89,Credit card,False,0,2,26.3,True,16,16.2,4.3,6,53.8,7.3,6,True,7.1,False,0.0,1,Yes
CX04594,47,Productivity,App Store,Smart TV,20,Month-to-month,Basic,4,False,17.53,328.49,UPI / Instant transfer,True,0,2,26.6,False,9,7.8,1.2,24,57.8,8.0,9,False,2.0,False,0.0,1,No
CX04595,50,Streaming,Referral,Mobile,38,Two year,Basic,1,False,8.64,306.83,Credit card,True,1,1,18.5,True,15,0.8,0.2,9,59.8,8.7,9,False,0.2,False,0.0,1,No
CX04596,37,Cloud Storage,Paid Social,Mobile,6,Month-to-month,Standard,3,False,24.64,147.36,UPI / Instant transfer,True,0,1,42.3,True,20,5.1,1.7,5,71.2,8.7,9,False,3.4,False,0.0,3,No
CX04597,42,News & Media,Email Campaign,Desktop,13,Month-to-month,Standard,3,False,16.37,191.72,Credit card,True,1,4,27.2,False,3,9.1,0.5,23,60.2,10.0,9,False,4.9,False,0.0,3,No
CX04598,30,Fintech,App Store,Mobile,16,Month-to-month,Standard,7,False,33.58,526.13,Buy now pay later,False,2,3,7.0,True,20,5.0,1.7,2,60.8,9.3,10,False,8.2,True,19.8,3,No
CX04599,37,Fintech,Paid Social,Desktop,36,Two year,Basic,2,False,9.33,317.73,Digital wallet,True,2,4,24.6,False,1,6.3,0.1,27,35.8,7.1,5,True,8.1,False,0.0,0,Yes
CX04600,30,Productivity,Influencer,Mobile,14,Annual,Plus,7,False,29.01,377.7,Digital wallet,True,0,3,13.1,False,7,10.3,1.2,9,49.4,5.9,7,False,6.3,False,0.0,1,Yes
CX04601,22,Productivity,Email Campaign,Smart TV,24,Annual,Standard,1,False,12.61,292.29,UPI / Instant transfer,True,0,2,17.1,True,20,15.4,5.1,13,61.9,9.0,10,False,5.9,False,0.0,3,No
CX04602,26,Cloud Storage,Referral,Mobile,30,Two year,Premium,8,False,46.22,1293.14,Bank transfer,True,0,3,4.6,True,20,14.7,4.9,6,77.7,9.2,7,False,7.4,True,19.5,1,No
CX04603,54,Streaming,Referral,Mobile,11,Month-to-month,Plus,1,False,20.7,225.15,Credit card,True,0,5,20.9,True,25,10.4,4.3,10,50.7,9.0,10,False,3.6,False,0.0,2,No
CX04604,37,Cloud Storage,App Store,Mobile,7,Month-to-month,Premium,6,False,30.96,196.26,Credit card,False,0,4,4.3,True,27,22.3,10.0,25,50.7,9.3,8,True,2.9,True,21.5,4,No
CX04605,29,Cloud Storage,Referral,Desktop,11,Two year,Premium,1,False,28.27,308.69,Credit card,True,1,2,18.7,True,25,9.4,3.9,9,48.4,8.6,9,False,6.3,True,12.7,3,No
CX04606,47,News & Media,App Store,Desktop,10,Annual,Basic,1,False,13.8,122.65,UPI / Instant transfer,False,1,6,30.6,True,15,28.2,7.0,3,49.1,6.1,4,True,0.2,True,18.3,1,Yes
CX04607,51,Fintech,Paid Social,Mobile,19,Annual,Premium,8,False,51.21,873.41,Credit card,True,0,2,24.6,True,16,68.6,18.3,3,43.2,6.5,3,True,4.4,False,0.0,0,No
CX04608,43,News & Media,Paid Social,Mobile,17,Month-to-month,Standard,5,False,23.09,347.85,Debit card,True,0,6,30.0,True,13,21.3,4.6,29,46.2,6.3,6,True,1.3,True,3.0,0,Yes
CX04609,39,Fitness,App Store,Mobile,7,Annual,Plus,4,False,23.02,155.06,UPI / Instant transfer,True,0,2,42.0,False,13,10.6,2.3,1,33.9,7.3,9,False,7.6,False,0.0,1,No
CX04610,37,Cloud Storage,Paid Social,Mobile,8,Annual,Plus,2,False,29.13,220.49,Credit card,True,0,1,20.2,True,21,14.9,5.2,10,28.2,8.5,8,False,15.6,False,0.0,1,No
CX04611,43,Fitness,Referral,Desktop,14,Annual,Plus,3,False,21.76,297.92,Debit card,True,0,1,13.0,False,12,8.9,1.8,12,43.8,7.8,7,False,4.9,False,0.0,1,Yes
CX04612,20,Streaming,App Store,Mobile,10,Month-to-month,Standard,5,False,19.23,171.41,UPI / Instant transfer,False,2,3,11.3,True,18,4.1,1.2,2,33.2,8.8,8,False,4.7,False,0.0,1,Yes
CX04613,43,Gaming,Organic Search,Smart TV,11,Month-to-month,Premium,7,False,35.36,380.43,UPI / Instant transfer,False,1,6,15.7,False,14,11.4,2.7,13,47.4,7.3,7,False,12.2,False,0.0,0,No
CX04614,34,Streaming,Referral,Tablet,15,Annual,Basic,2,False,11.65,158.2,Credit card,True,0,0,1.8,False,2,3.6,0.1,16,19.8,7.8,6,False,0.6,False,0.0,0,No
CX04615,26,Streaming,Email Campaign,Mobile,39,Month-to-month,Standard,1,False,12.85,456.71,UPI / Instant transfer,False,0,1,6.9,False,8,22.3,3.0,12,51.2,9.1,10,False,3.3,False,0.0,1,No
CX04616,35,Cloud Storage,Referral,Mobile,26,Month-to-month,Basic,1,False,8.14,194.23,Debit card,True,0,3,0.5,True,14,4.1,1.0,8,41.2,8.0,8,True,4.9,False,0.0,1,No
CX04617,18,Fitness,Referral,Mobile,2,Month-to-month,Standard,4,False,20.32,39.18,Digital wallet,True,0,1,14.7,True,13,11.4,2.5,3,46.4,7.8,8,False,5.1,False,0.0,4,No
CX04618,34,Gaming,App Store,Mobile,40,Month-to-month,Plus,8,False,35.82,1288.95,UPI / Instant transfer,True,0,3,27.8,True,19,13.0,4.1,2,61.8,4.7,4,False,0.1,False,0.0,0,Yes
CX04619,30,Streaming,App Store,Tablet,12,Month-to-month,Premium,4,False,40.69,472.8,Digital wallet,True,3,1,16.2,True,23,13.1,5.0,12,21.4,7.9,8,False,0.6,False,0.0,2,No
CX04620,57,Fitness,App Store,Tablet,30,Annual,Standard,4,False,20.77,562.13,Credit card,True,0,0,39.0,False,9,3.6,0.5,15,40.0,7.3,6,True,3.2,False,0.0,0,No
CX04621,32,Fintech,Referral,Desktop,11,Annual,Basic,1,False,8.87,93.41,UPI / Instant transfer,False,0,3,15.0,True,13,1.4,0.3,7,50.8,4.8,4,True,3.5,True,31.2,0,No
CX04622,26,Streaming,Paid Social,Mobile,20,Annual,Plus,4,True,24.21,473.05,Credit card,True,0,2,6.1,True,18,15.9,4.8,9,36.0,7.4,7,False,1.8,False,0.0,1,No
CX04623,24,Gaming,Email Campaign,Mobile,11,Annual,Plus,6,False,24.43,242.8,Digital wallet,True,0,3,6.0,True,19,4.7,1.5,1,64.4,10.0,7,False,2.8,False,0.0,2,No
CX04624,35,Streaming,App Store,Smart TV,21,Month-to-month,Standard,2,False,17.52,334.19,Credit card,False,1,2,6.7,True,16,7.8,2.1,2,72.8,10.0,10,True,1.6,True,11.3,3,No
CX04625,26,Fitness,Organic Search,Mobile,9,Month-to-month,Standard,2,False,20.13,171.3,UPI / Instant transfer,True,0,0,14.3,True,18,2.2,0.7,9,63.0,6.6,5,False,2.7,False,0.0,2,No
CX04626,37,News & Media,Organic Search,Desktop,6,Month-to-month,Standard,7,False,28.0,160.38,Buy now pay later,True,0,3,3.4,False,13,15.1,3.3,5,75.3,8.8,9,True,1.2,False,0.0,1,Yes
CX04627,25,Streaming,Influencer,Mobile,2,Month-to-month,Basic,4,False,13.98,26.16,Credit card,False,0,0,0.8,True,20,30.1,10.0,16,39.8,9.6,10,False,1.4,True,27.8,3,No
CX04628,45,Gaming,Organic Search,Mobile,18,Month-to-month,Basic,2,False,8.7,143.04,Credit card,False,2,2,11.6,True,23,22.3,8.5,6,62.9,9.2,8,False,2.6,False,0.0,1,No
CX04629,32,Fintech,Referral,Desktop,8,Month-to-month,Plus,5,False,24.32,183.45,Digital wallet,True,2,2,3.7,False,9,18.7,2.8,17,27.2,8.3,9,True,4.8,False,0.0,2,No
CX04630,18,Productivity,Paid Social,Mobile,30,Two year,Standard,4,False,18.98,529.05,Credit card,True,0,0,12.8,True,15,1.2,0.3,3,63.0,6.9,6,True,2.3,True,19.3,0,No
CX04631,35,Productivity,Paid Social,Smart TV,21,Month-to-month,Premium,6,False,40.78,758.49,Debit card,True,0,5,6.9,False,12,6.7,1.3,1,50.8,8.6,10,False,8.3,False,0.0,0,No
CX04632,38,Streaming,Organic Search,Smart TV,6,Month-to-month,Standard,3,False,13.8,80.64,Credit card,True,1,2,11.1,True,19,12.5,4.0,19,52.9,8.2,8,False,1.4,False,0.0,1,No
CX04633,28,Fitness,App Store,Smart TV,15,Two year,Basic,4,False,15.55,220.69,Credit card,True,1,0,13.4,True,15,35.6,8.9,5,60.2,7.4,7,True,4.7,False,0.0,0,Yes
CX04634,40,News & Media,Organic Search,Mobile,52,Month-to-month,Basic,2,False,9.97,474.16,Digital wallet,True,0,3,3.8,True,17,9.6,2.7,4,49.1,8.8,10,True,3.7,False,0.0,0,No
CX04635,33,Cloud Storage,App Store,Mobile,18,Month-to-month,Premium,7,False,31.94,571.58,Digital wallet,True,1,1,9.4,True,22,7.9,2.9,10,41.5,9.7,10,False,2.9,True,20.7,0,No
CX04636,43,Streaming,Paid Social,Mobile,34,Month-to-month,Premium,3,False,37.14,1165.55,UPI / Instant transfer,True,0,5,14.3,True,20,27.7,9.2,7,38.0,5.8,5,False,1.6,False,0.0,0,Yes
CX04637,53,News & Media,Organic Search,Mobile,21,Annual,Basic,1,False,11.03,217.72,Credit card,True,1,3,4.2,True,12,3.1,0.6,3,56.3,9.6,10,False,2.2,False,0.0,3,No
CX04638,38,Fintech,Referral,Tablet,12,Month-to-month,Basic,3,True,11.97,128.09,Bank transfer,False,1,3,5.7,True,10,18.1,3.0,12,64.1,8.9,9,False,4.0,False,0.0,1,No
CX04639,20,Gaming,Organic Search,Desktop,17,Month-to-month,Plus,4,False,31.67,520.86,Debit card,False,1,4,18.4,True,26,50.3,21.8,18,52.2,8.6,8,False,6.2,False,0.0,1,No
CX04640,25,Cloud Storage,Organic Search,Desktop,30,Annual,Plus,5,True,31.06,903.69,Debit card,True,0,1,0.5,True,20,10.8,3.6,2,50.5,8.7,10,True,9.1,False,0.0,2,No
CX04641,42,Streaming,Email Campaign,Mobile,13,Annual,Plus,2,True,35.41,456.56,Digital wallet,False,0,1,27.5,False,4,1.6,0.1,29,47.1,6.1,6,True,5.3,False,0.0,0,No
CX04642,50,News & Media,Paid Social,Mobile,7,Month-to-month,Standard,5,False,17.53,120.06,Credit card,True,0,2,8.4,True,15,4.3,1.1,9,58.0,7.6,7,False,10.1,False,0.0,1,No
CX04643,43,Productivity,Organic Search,Desktop,34,Month-to-month,Standard,1,True,13.97,459.98,Debit card,True,0,1,28.0,True,21,30.5,10.7,6,22.1,7.5,5,False,3.2,False,0.0,0,No
CX04644,29,News & Media,Organic Search,Mobile,21,Month-to-month,Basic,1,False,8.28,171.81,Bank transfer,True,0,0,12.7,True,16,4.6,1.2,13,54.0,8.8,10,False,2.6,False,0.0,2,No
CX04645,45,Cloud Storage,Paid Social,Mobile,24,Annual,Standard,3,False,21.56,482.14,Credit card,True,1,6,2.3,True,18,10.8,3.2,12,50.9,8.6,9,True,5.5,False,0.0,2,No
CX04646,36,Streaming,Organic Search,Mobile,40,Annual,Basic,4,False,12.96,504.1,Credit card,True,2,0,7.6,True,16,35.3,9.4,6,42.3,9.5,10,False,12.4,False,0.0,2,No
CX04647,61,Streaming,Organic Search,Tablet,2,Annual,Basic,2,True,11.78,22.89,Digital wallet,True,1,2,6.0,True,20,1.3,0.4,2,44.3,9.1,10,True,5.9,True,10.5,2,Yes
CX04648,60,Fitness,Organic Search,Tablet,1,Month-to-month,Basic,2,False,11.83,10.64,Credit card,True,0,3,12.3,False,6,11.3,1.1,15,16.9,9.8,10,True,0.2,False,0.0,0,No
CX04649,33,Fitness,Organic Search,Mobile,2,Month-to-month,Standard,5,True,27.7,52.18,Credit card,True,1,2,5.4,True,15,6.6,1.6,4,54.3,8.8,10,True,4.4,False,0.0,1,No
CX04650,28,Cloud Storage,Paid Social,Tablet,40,Annual,Premium,8,False,41.79,1634.12,Credit card,True,0,5,4.6,False,14,15.9,3.7,20,61.9,6.9,7,False,3.6,False,0.0,0,No
CX04651,19,Gaming,Organic Search,Mobile,24,Annual,Standard,3,True,15.64,360.28,Credit card,False,2,1,7.0,True,15,15.0,3.8,4,47.5,8.9,9,False,9.3,False,0.0,1,No
CX04652,52,Cloud Storage,Organic Search,Smart TV,7,Annual,Basic,1,False,8.44,55.47,UPI / Instant transfer,True,1,3,41.0,False,5,27.0,2.2,16,35.0,5.2,4,True,3.3,True,8.3,0,Yes
CX04653,59,Fintech,Organic Search,Desktop,7,Month-to-month,Plus,3,False,27.72,189.71,Bank transfer,True,1,5,4.2,True,31,19.0,9.8,2,47.4,8.7,9,False,0.6,False,0.0,1,No
CX04654,18,Streaming,Referral,Mobile,47,Two year,Plus,8,False,27.23,1275.84,Credit card,True,0,5,7.5,True,16,39.1,10.4,14,35.1,8.0,9,False,13.6,False,0.0,0,No
CX04655,34,Fitness,App Store,Tablet,9,Annual,Premium,6,False,37.22,308.95,Debit card,True,1,2,5.5,True,22,24.7,9.1,9,33.7,7.9,7,True,1.2,False,0.0,1,Yes
CX04656,39,Fintech,Organic Search,Tablet,18,Two year,Standard,4,False,18.94,326.83,Buy now pay later,True,0,2,13.4,False,3,11.0,0.6,26,51.6,8.3,10,False,1.0,False,0.0,1,No
CX04657,29,Gaming,Referral,Mobile,1,Month-to-month,Standard,1,False,15.35,13.95,Buy now pay later,True,0,0,15.6,True,26,11.3,4.9,3,48.0,9.2,10,True,7.0,True,10.9,0,No
CX04658,33,Cloud Storage,App Store,Mobile,4,Month-to-month,Basic,4,False,27.16,103.99,Credit card,False,3,3,8.4,True,17,15.7,4.4,5,32.1,6.0,8,False,5.3,True,17.0,0,No
CX04659,25,Streaming,Influencer,Mobile,27,Annual,Plus,1,False,21.95,523.31,Digital wallet,True,0,0,9.7,True,19,21.5,6.8,45,50.7,7.7,8,False,0.3,False,0.0,1,No
CX04660,39,News & Media,Paid Social,Mobile,20,Annual,Standard,3,False,19.11,368.54,Bank transfer,True,0,4,19.3,False,8,11.3,1.5,1,66.3,8.8,10,True,10.8,False,0.0,2,No
CX04661,38,News & Media,Influencer,Desktop,13,Month-to-month,Premium,4,False,34.51,436.94,UPI / Instant transfer,False,0,4,11.5,False,10,13.5,2.2,11,84.0,8.5,7,False,1.6,False,0.0,0,No
CX04662,37,Productivity,Paid Social,Tablet,28,Month-to-month,Standard,4,False,25.06,687.43,Bank transfer,False,0,2,25.3,True,15,40.7,10.2,31,68.6,6.2,5,False,1.5,False,0.0,0,No
CX04663,41,Fintech,App Store,Smart TV,18,Two year,Basic,1,False,10.0,167.31,Buy now pay later,True,1,1,10.8,True,17,27.5,7.8,3,43.1,8.8,10,True,11.1,True,17.5,2,No
CX04664,60,Gaming,Influencer,Desktop,3,Month-to-month,Basic,1,False,8.55,23.18,Bank transfer,True,0,4,6.8,False,2,14.9,0.5,25,28.2,7.5,8,False,4.4,False,0.0,2,No
CX04665,18,Streaming,Referral,Desktop,18,Month-to-month,Basic,5,True,19.15,327.33,Bank transfer,True,0,3,9.7,True,18,16.4,4.9,7,43.8,8.7,10,True,14.1,False,0.0,0,No
CX04666,40,Fintech,Paid Social,Desktop,19,Month-to-month,Plus,5,True,32.5,606.88,Digital wallet,True,0,5,6.3,True,22,8.2,3.0,7,48.2,8.3,9,True,2.5,False,0.0,1,Yes
CX04667,43,News & Media,Organic Search,Mobile,17,Annual,Plus,5,True,43.21,712.76,Debit card,True,0,4,3.0,True,18,9.0,2.7,7,42.4,7.1,8,True,2.8,True,9.0,0,No
CX04668,39,Streaming,Referral,Mobile,38,Month-to-month,Premium,7,False,41.74,1429.28,Credit card,True,1,4,2.8,True,22,18.1,6.6,24,33.7,6.2,4,False,1.2,False,0.0,0,Yes
CX04669,52,Cloud Storage,App Store,Mobile,18,Annual,Standard,1,False,12.36,221.17,UPI / Instant transfer,True,2,0,18.8,True,15,6.1,1.5,27,39.7,9.2,10,False,1.3,True,26.4,0,No
CX04670,20,Productivity,Referral,Mobile,5,Month-to-month,Basic,3,False,12.33,58.08,UPI / Instant transfer,False,1,1,3.3,True,19,9.2,2.9,5,43.0,7.5,7,False,1.3,True,11.2,1,No
CX04671,42,Streaming,Referral,Tablet,14,Month-to-month,Plus,3,False,20.93,271.07,Credit card,True,0,2,15.4,True,23,37.2,14.3,3,42.3,9.8,7,True,4.6,False,0.0,0,No
CX04672,39,Fintech,Paid Social,Smart TV,8,Month-to-month,Standard,3,False,21.43,161.63,Digital wallet,False,1,6,23.3,True,19,13.2,4.2,2,44.9,5.4,4,False,1.0,False,0.0,0,Yes
CX04673,29,News & Media,Organic Search,Tablet,1,Month-to-month,Standard,5,True,20.81,18.76,Bank transfer,True,1,3,36.9,True,19,24.6,7.8,17,22.8,7.4,6,True,1.5,True,18.3,0,Yes
CX04674,25,Cloud Storage,Organic Search,Smart TV,10,Month-to-month,Premium,5,False,36.39,330.0,Debit card,False,1,4,14.0,False,13,6.4,1.4,12,60.0,7.1,5,False,16.1,True,14.3,1,Yes
CX04675,41,Gaming,Referral,Tablet,4,Month-to-month,Standard,5,False,39.09,145.52,Bank transfer,False,0,2,12.4,False,5,5.1,0.4,7,46.4,9.0,10,False,5.9,False,0.0,2,No
CX04676,18,Productivity,Paid Social,Desktop,19,Annual,Standard,5,False,19.13,353.1,UPI / Instant transfer,True,0,3,18.1,True,14,14.2,3.3,6,53.5,8.0,8,False,2.5,False,0.0,1,No
CX04677,23,Fintech,App Store,Mobile,29,Month-to-month,Basic,2,False,13.27,350.58,Buy now pay later,False,0,0,14.1,True,16,7.3,1.9,5,58.7,6.7,5,False,5.5,True,15.0,1,No
CX04678,46,Cloud Storage,Organic Search,Mobile,9,Month-to-month,Standard,3,False,20.45,172.82,UPI / Instant transfer,True,0,1,5.8,True,19,10.7,3.4,9,49.1,9.4,10,False,6.6,True,12.6,2,No
CX04679,33,Streaming,Organic Search,Desktop,30,Two year,Premium,5,False,28.96,789.93,Digital wallet,True,0,4,3.3,True,27,15.5,7.0,7,26.0,7.8,6,False,3.1,True,23.4,2,No
CX04680,29,Fitness,Email Campaign,Mobile,13,Annual,Standard,4,True,24.13,285.85,Debit card,False,3,4,29.1,True,19,26.2,8.3,2,58.2,6.2,6,False,3.6,True,3.0,0,No
CX04681,42,Fintech,Organic Search,Mobile,10,Month-to-month,Basic,2,False,8.89,78.99,Credit card,False,2,1,8.3,True,7,5.4,0.6,15,52.8,10.0,10,True,1.4,True,15.1,1,Yes
CX04682,52,Cloud Storage,Paid Social,Mobile,8,Month-to-month,Basic,2,False,10.65,83.7,Debit card,True,0,2,2.0,True,15,4.5,1.1,9,46.1,9.5,9,False,2.3,False,0.0,1,No
CX04683,24,Streaming,Paid Social,Mobile,5,Month-to-month,Plus,1,False,21.03,100.83,UPI / Instant transfer,False,0,1,13.9,True,22,2.4,0.9,1,24.1,8.1,6,True,3.4,False,0.0,0,No
CX04684,20,Fintech,Organic Search,Desktop,25,Annual,Basic,2,False,10.86,258.25,Debit card,True,1,2,12.8,True,15,15.9,4.0,12,34.8,8.7,7,True,16.4,False,0.0,1,No
CX04685,30,Productivity,Paid Social,Mobile,26,Month-to-month,Basic,3,False,10.26,256.49,UPI / Instant transfer,True,0,5,18.9,True,16,29.4,7.8,30,51.0,6.6,5,False,3.1,False,0.0,0,Yes
CX04686,31,Productivity,App Store,Desktop,28,Annual,Standard,1,True,17.31,475.95,UPI / Instant transfer,False,2,1,3.2,True,21,11.4,4.0,6,50.6,8.7,10,True,7.8,False,0.0,1,No
CX04687,50,Gaming,Influencer,Desktop,26,Month-to-month,Basic,1,False,8.83,205.93,Buy now pay later,False,0,1,9.2,True,25,13.8,5.8,8,70.0,8.8,10,False,1.5,True,16.3,0,No
CX04688,54,Fitness,Paid Social,Mobile,9,Month-to-month,Standard,4,False,22.44,194.58,Credit card,False,0,4,17.7,True,21,10.8,3.8,8,62.1,7.8,7,False,12.8,False,0.0,1,No
CX04689,37,Fitness,Organic Search,Mobile,34,Month-to-month,Premium,7,False,24.54,769.86,Credit card,True,0,3,39.6,True,26,4.7,2.0,15,56.5,8.8,9,False,1.1,False,0.0,0,No
CX04690,46,Cloud Storage,Referral,Mobile,28,Annual,Standard,2,False,15.32,387.64,Credit card,True,0,2,7.3,True,19,11.2,3.5,1,41.7,7.5,6,False,6.3,False,0.0,2,No
CX04691,32,Streaming,Influencer,Mobile,17,Month-to-month,Plus,3,False,28.93,451.9,Debit card,True,0,0,0.9,True,25,10.6,4.4,10,54.1,9.4,10,False,4.1,True,24.7,1,No
CX04692,63,Gaming,Organic Search,Desktop,19,Month-to-month,Standard,1,False,18.81,347.33,Digital wallet,False,1,2,6.0,False,11,18.8,3.4,13,42.7,8.5,9,False,10.0,False,0.0,5,No
CX04693,33,Cloud Storage,Paid Social,Desktop,38,Annual,Standard,3,False,22.54,795.64,Digital wallet,False,0,4,11.7,True,13,6.6,1.4,11,51.2,6.9,5,False,13.7,False,0.0,0,Yes
CX04694,33,Streaming,Organic Search,Mobile,38,Annual,Basic,2,False,10.43,378.84,UPI / Instant transfer,True,0,0,19.1,True,15,18.5,4.6,9,37.7,8.3,8,False,1.2,False,0.0,1,No
CX04695,33,Fitness,Influencer,Mobile,9,Month-to-month,Standard,1,False,13.67,116.44,Credit card,True,0,0,16.8,True,19,9.6,3.0,25,37.8,7.2,7,True,5.2,False,0.0,0,Yes
CX04696,18,Fintech,Influencer,Mobile,15,Annual,Standard,4,False,15.45,231.15,Credit card,True,0,3,9.7,True,17,14.2,4.0,6,54.5,9.4,9,False,7.3,False,0.0,2,No
CX04697,39,Cloud Storage,App Store,Mobile,19,Annual,Basic,3,False,12.77,214.43,Debit card,True,2,3,33.4,True,17,9.6,2.7,2,58.7,8.6,7,True,10.8,True,22.4,1,No
CX04698,41,Fintech,Referral,Mobile,23,Annual,Basic,2,True,11.53,247.93,UPI / Instant transfer,True,0,5,1.8,True,22,20.2,7.4,12,35.9,7.6,8,False,1.6,False,0.0,3,No
CX04699,38,Fintech,Organic Search,Mobile,7,Month-to-month,Plus,4,False,25.36,172.3,Credit card,True,0,2,17.5,True,20,5.2,1.7,8,20.4,7.3,7,True,2.0,True,23.3,1,No
CX04700,45,Fintech,Influencer,Mobile,41,Two year,Premium,7,False,34.21,1313.31,Debit card,True,0,6,22.8,True,21,2.6,0.9,11,33.7,9.4,10,False,4.8,False,0.0,3,No
CX04701,34,Productivity,Email Campaign,Mobile,28,Annual,Plus,5,True,28.11,744.22,Debit card,True,1,3,19.4,True,16,11.4,3.0,13,59.4,7.7,7,False,1.9,True,16.0,2,No
CX04702,39,Streaming,Referral,Tablet,30,Month-to-month,Standard,3,True,18.75,554.83,UPI / Instant transfer,True,1,0,3.0,True,14,13.1,3.1,9,49.9,9.5,6,True,2.5,False,0.0,2,No
CX04703,34,Streaming,App Store,Mobile,34,Annual,Standard,4,False,21.04,638.58,UPI / Instant transfer,False,0,3,7.7,True,18,17.3,5.2,18,45.7,10.0,10,True,1.6,True,12.3,2,No
CX04704,44,Productivity,Paid Social,Tablet,24,Annual,Premium,6,False,34.13,753.26,Debit card,True,0,3,14.9,True,16,8.1,2.2,13,29.3,8.3,10,True,6.4,False,0.0,3,No
CX04705,18,Fintech,Referral,Desktop,69,Annual,Standard,1,False,16.71,1059.0,Credit card,False,1,4,4.9,True,15,39.6,9.9,4,69.7,9.2,9,False,8.1,False,0.0,1,No
CX04706,38,News & Media,Referral,Smart TV,7,Month-to-month,Plus,2,False,21.77,142.29,Debit card,True,0,0,26.4,False,10,4.6,0.8,9,52.8,9.7,9,False,7.4,False,0.0,2,No
CX04707,44,Fintech,Organic Search,Smart TV,4,Month-to-month,Basic,1,True,9.9,35.3,UPI / Instant transfer,False,0,1,13.8,False,6,5.8,0.6,15,34.1,6.4,5,True,1.7,True,16.5,0,No
CX04708,48,Streaming,Referral,Desktop,47,Annual,Premium,5,True,39.93,1841.2,Debit card,True,0,3,13.9,True,29,17.4,8.4,4,29.6,9.3,10,False,5.5,False,0.0,1,No
CX04709,38,Fintech,Organic Search,Desktop,23,Month-to-month,Premium,8,False,32.67,734.45,UPI / Instant transfer,False,2,3,4.3,False,12,6.2,1.2,7,64.9,8.0,8,False,7.3,False,0.0,0,No
CX04710,45,Streaming,Paid Social,Mobile,29,Month-to-month,Premium,3,True,33.45,927.79,Debit card,True,0,4,14.0,True,22,21.0,7.7,7,45.9,7.2,7,True,2.5,False,0.0,2,Yes
CX04711,46,Productivity,App Store,Desktop,56,Two year,Plus,5,False,39.05,2153.39,Credit card,True,1,2,0.5,True,16,16.9,4.5,1,27.9,8.2,10,True,7.9,False,0.0,2,No
CX04712,47,News & Media,App Store,Mobile,25,Month-to-month,Plus,5,False,33.24,732.17,UPI / Instant transfer,False,2,3,5.8,True,20,36.7,12.2,3,56.3,9.4,7,False,16.5,False,0.0,2,No
CX04713,38,Fitness,Referral,Mobile,12,Month-to-month,Premium,5,False,37.65,411.93,Debit card,True,0,4,14.6,True,25,8.5,3.5,4,66.4,9.2,7,False,3.2,False,0.0,2,No
CX04714,24,Cloud Storage,Organic Search,Mobile,39,Month-to-month,Standard,6,True,21.34,813.37,Buy now pay later,True,0,6,32.9,True,22,11.2,4.1,12,49.2,6.6,5,False,15.5,False,0.0,0,No
CX04715,29,News & Media,Paid Social,Tablet,6,Two year,Plus,2,False,25.07,138.1,Credit card,True,0,3,20.4,True,17,27.0,7.6,7,26.9,8.5,7,False,6.0,True,23.9,4,No
CX04716,46,Streaming,Referral,Desktop,4,Month-to-month,Plus,4,True,28.65,104.21,Credit card,True,1,1,14.6,True,20,8.8,2.9,5,41.4,8.8,9,True,13.1,True,21.0,0,No
CX04717,24,Streaming,Paid Social,Desktop,18,Two year,Basic,2,True,15.1,253.93,UPI / Instant transfer,True,0,1,8.9,True,18,7.7,2.3,4,43.1,8.7,8,True,1.3,True,30.8,1,No
CX04718,62,Gaming,App Store,Mobile,2,Month-to-month,Standard,2,True,18.06,33.6,UPI / Instant transfer,False,1,4,4.2,True,20,27.2,9.1,12,41.2,8.0,9,False,4.0,True,27.9,1,No
CX04719,35,Streaming,Organic Search,Mobile,27,Annual,Standard,2,False,18.38,455.69,Debit card,True,0,1,12.6,True,22,13.2,4.8,10,57.1,8.3,9,False,0.8,False,0.0,2,No
CX04720,38,Cloud Storage,App Store,Desktop,26,Month-to-month,Basic,3,False,16.25,372.24,Debit card,True,0,2,2.6,False,2,7.1,0.2,33,53.3,9.7,8,False,3.6,False,0.0,2,No
CX04721,35,News & Media,App Store,Mobile,40,Month-to-month,Premium,6,False,34.93,1281.04,Credit card,True,0,2,2.8,True,19,12.6,4.0,8,34.7,10.0,10,False,7.1,False,0.0,5,No
CX04722,18,News & Media,Email Campaign,Mobile,15,Month-to-month,Plus,4,False,31.21,431.08,Debit card,True,0,1,22.7,True,11,19.0,3.5,2,62.2,7.0,7,True,7.4,True,25.6,0,No
CX04723,33,Cloud Storage,Referral,Mobile,10,Annual,Plus,3,False,27.49,263.56,Debit card,True,1,1,2.0,True,21,6.6,2.3,8,61.0,6.6,7,True,3.5,False,0.0,0,No
CX04724,38,Productivity,Organic Search,Desktop,18,Annual,Plus,2,False,19.87,354.47,UPI / Instant transfer,True,0,4,3.9,True,26,28.3,12.3,26,60.3,9.3,10,False,8.8,False,0.0,2,No
CX04725,35,Streaming,Referral,Mobile,30,Month-to-month,Standard,4,False,26.88,715.67,Buy now pay later,False,1,2,1.1,True,24,14.3,5.7,20,49.7,9.0,10,False,1.7,True,22.3,0,No
CX04726,22,Streaming,Organic Search,Mobile,1,Month-to-month,Basic,2,False,11.58,10.44,Credit card,True,1,0,13.0,True,13,15.9,3.4,4,59.1,8.6,8,False,8.9,False,0.0,0,Yes
CX04727,29,News & Media,Organic Search,Mobile,29,Annual,Plus,6,False,29.91,864.34,Credit card,True,0,4,16.8,True,27,18.4,8.3,9,67.3,9.4,10,True,13.1,True,16.1,1,No
CX04728,42,Cloud Storage,Referral,Mobile,2,Month-to-month,Basic,2,False,8.82,17.32,Credit card,False,5,1,9.4,True,19,20.2,6.4,24,48.8,7.8,8,True,1.1,False,0.0,0,No
CX04729,18,Cloud Storage,App Store,Smart TV,29,Annual,Basic,3,False,15.28,439.35,Debit card,True,1,0,5.7,False,5,10.9,0.9,9,35.7,8.6,10,True,0.7,False,0.0,2,No
CX04730,49,Fitness,Paid Social,Smart TV,4,Month-to-month,Basic,2,False,11.37,40.05,Buy now pay later,True,0,2,17.0,True,21,11.0,3.8,9,63.1,8.0,9,False,6.2,False,0.0,0,No
CX04731,39,Streaming,App Store,Mobile,11,Month-to-month,Standard,5,False,12.23,128.9,Credit card,False,1,2,14.8,True,17,0.5,0.1,6,30.6,8.1,7,True,1.8,True,5.8,0,Yes
CX04732,30,Cloud Storage,Influencer,Mobile,15,Month-to-month,Standard,2,False,15.92,213.03,Bank transfer,True,0,2,10.7,True,18,4.4,1.3,4,49.3,8.9,9,False,5.8,False,0.0,0,No
CX04733,29,Streaming,Influencer,Mobile,2,Month-to-month,Plus,3,False,24.23,46.77,UPI / Instant transfer,True,0,4,8.9,True,18,2.7,0.8,17,68.4,7.9,4,False,2.5,False,0.0,1,No
CX04734,18,News & Media,App Store,Desktop,20,Month-to-month,Standard,4,True,19.72,376.08,Credit card,True,0,5,1.2,False,11,6.6,1.2,0,56.6,9.8,10,False,4.2,False,0.0,4,No
CX04735,29,Fitness,Organic Search,Tablet,40,Month-to-month,Basic,2,False,15.89,565.01,Debit card,True,1,1,11.0,True,10,16.8,2.8,13,67.6,8.1,9,False,3.9,False,0.0,1,Yes
CX04736,48,Cloud Storage,App Store,Smart TV,12,Month-to-month,Plus,5,False,24.84,294.35,Credit card,False,1,3,9.5,False,9,15.7,2.4,13,49.5,8.6,9,True,5.0,False,0.0,1,No
CX04737,18,Productivity,App Store,Desktop,1,Month-to-month,Basic,2,False,8.51,8.46,UPI / Instant transfer,False,1,1,3.4,False,7,25.3,3.0,7,53.3,7.6,8,True,5.0,False,0.0,1,No
CX04738,45,Gaming,Referral,Smart TV,7,Month-to-month,Premium,4,True,37.61,249.08,Debit card,True,0,5,20.6,True,25,22.0,9.2,2,48.0,6.8,5,True,8.8,False,0.0,0,Yes
CX04739,18,Streaming,Referral,Mobile,7,Month-to-month,Basic,1,False,10.66,70.01,Bank transfer,False,2,0,12.9,True,13,3.2,0.7,3,38.7,7.0,4,True,4.1,False,0.0,2,Yes
CX04740,32,Productivity,Referral,Desktop,23,Annual,Standard,2,False,19.54,395.89,UPI / Instant transfer,True,0,2,8.5,True,11,4.4,0.8,1,26.9,8.3,6,False,0.6,False,0.0,3,No
CX04741,32,Streaming,Organic Search,Mobile,29,Month-to-month,Basic,2,False,12.1,330.38,Debit card,True,0,0,7.1,True,14,8.6,2.0,2,45.2,8.2,8,False,6.1,False,0.0,3,No
CX04742,28,Fitness,Paid Social,Smart TV,7,Annual,Premium,6,False,37.87,256.31,Credit card,False,3,0,9.9,True,19,4.9,1.6,1,36.6,7.8,10,False,6.2,False,0.0,0,No
CX04743,39,Productivity,Referral,Desktop,18,Month-to-month,Premium,3,False,26.21,443.04,Credit card,True,2,0,7.9,True,29,30.5,14.7,4,36.7,10.0,9,False,3.8,False,0.0,0,No
CX04744,24,Productivity,Influencer,Smart TV,10,Month-to-month,Standard,3,False,19.01,170.38,Debit card,True,0,5,1.2,True,20,14.7,4.9,2,53.8,8.5,10,False,5.8,False,0.0,1,No
CX04745,35,News & Media,Email Campaign,Desktop,11,Annual,Standard,2,True,16.88,169.73,Credit card,False,4,0,14.4,True,15,8.9,2.2,4,45.7,6.5,4,True,12.6,True,10.4,2,No
CX04746,37,Fintech,Paid Social,Desktop,68,Month-to-month,Basic,3,False,14.23,862.85,Digital wallet,False,2,4,42.0,True,16,13.2,3.5,2,56.1,5.8,6,False,13.4,False,0.0,0,No
CX04747,32,Productivity,Paid Social,Mobile,9,Month-to-month,Standard,3,True,25.88,215.75,Digital wallet,False,1,1,22.4,True,15,7.6,1.9,6,62.7,8.8,9,False,16.9,False,0.0,1,Yes
CX04748,40,Gaming,Email Campaign,Tablet,17,Month-to-month,Basic,1,True,12.4,186.49,Credit card,True,0,1,28.0,True,18,20.5,6.2,11,54.9,7.4,7,False,3.1,False,0.0,0,No
CX04749,33,Fitness,Paid Social,Mobile,17,Month-to-month,Basic,2,False,13.52,226.96,Digital wallet,True,0,2,18.7,True,15,7.9,2.0,2,36.5,7.9,7,True,3.9,True,12.0,0,No
CX04750,48,Streaming,App Store,Mobile,33,Annual,Standard,4,True,23.2,739.9,Credit card,True,0,3,9.0,True,14,2.3,0.5,3,38.7,7.5,7,True,0.7,True,3.0,1,No
CX04751,33,Fintech,Organic Search,Tablet,30,Annual,Plus,1,False,15.87,464.68,Credit card,False,0,3,30.0,True,16,18.2,4.9,8,47.8,8.4,9,False,3.9,False,0.0,0,No
CX04752,31,Streaming,App Store,Mobile,28,Month-to-month,Standard,3,False,17.97,459.79,Debit card,False,4,1,17.1,True,28,21.3,9.9,4,50.4,9.6,10,True,8.3,True,14.7,2,No
CX04753,32,Streaming,Organic Search,Desktop,5,Month-to-month,Standard,7,True,23.0,108.48,Credit card,False,1,2,11.6,False,7,13.3,1.6,2,38.0,9.2,9,False,3.0,False,0.0,0,No
CX04754,36,Fintech,App Store,Desktop,21,Annual,Standard,3,True,21.53,398.38,Digital wallet,True,0,5,20.8,True,19,12.4,3.9,17,99.7,8.0,7,False,14.7,False,0.0,1,Yes
CX04755,38,Productivity,Influencer,Mobile,9,Month-to-month,Standard,2,True,16.32,133.18,Digital wallet,True,0,3,2.3,True,30,11.5,5.8,1,40.0,7.6,8,True,2.8,False,0.0,2,No
CX04756,26,Productivity,App Store,Desktop,15,Annual,Standard,1,False,12.99,182.86,Buy now pay later,True,0,1,29.5,True,25,5.9,2.5,7,42.9,8.1,9,True,6.6,False,0.0,2,No
CX04757,65,News & Media,Organic Search,Desktop,3,Month-to-month,Plus,8,False,34.58,91.7,UPI / Instant transfer,True,0,1,9.7,True,19,12.5,4.0,39,60.5,7.6,6,True,3.5,False,0.0,0,Yes
CX04758,49,Fintech,Paid Social,Mobile,33,Annual,Premium,4,True,27.82,835.39,Credit card,False,2,1,13.5,True,26,13.5,5.8,4,29.3,6.8,8,True,2.8,True,16.5,1,No
CX04759,44,Streaming,Paid Social,Mobile,6,Month-to-month,Basic,1,False,7.77,42.15,Bank transfer,False,0,1,9.4,True,18,18.2,5.5,11,51.4,8.3,8,True,7.3,False,0.0,1,No
CX04760,50,Fintech,App Store,Mobile,4,Month-to-month,Basic,2,False,11.23,42.76,Digital wallet,False,1,3,23.0,True,20,11.8,3.9,2,33.0,6.9,7,False,4.9,False,0.0,2,No
CX04761,40,Fitness,App Store,Desktop,4,Month-to-month,Standard,5,False,22.66,83.67,UPI / Instant transfer,False,1,2,24.5,True,16,6.8,1.8,4,15.2,6.9,8,False,13.4,False,0.0,1,No
CX04762,34,Streaming,Paid Social,Mobile,25,Month-to-month,Standard,3,False,16.48,396.09,Credit card,False,0,4,0.8,True,17,24.1,6.8,6,35.8,8.0,8,False,4.7,False,0.0,1,No
CX04763,45,Fintech,Organic Search,Smart TV,24,Annual,Basic,2,False,14.97,321.3,Credit card,True,0,2,4.3,True,16,11.7,3.1,11,48.9,10.0,10,False,1.5,False,0.0,1,Yes
CX04764,46,Gaming,Paid Social,Mobile,15,Two year,Standard,2,False,15.18,219.46,UPI / Instant transfer,True,1,3,32.2,True,17,27.5,7.8,4,68.0,6.4,4,False,0.6,False,0.0,0,No
CX04765,53,Productivity,Paid Social,Mobile,56,Two year,Basic,3,False,19.96,1075.26,Digital wallet,True,0,4,2.5,True,18,7.3,2.2,7,54.6,7.8,7,False,4.8,False,0.0,1,No
CX04766,35,Gaming,App Store,Desktop,36,Month-to-month,Standard,2,False,14.93,492.4,Debit card,True,0,1,8.8,True,19,18.1,5.7,5,44.8,10.0,10,False,8.7,False,0.0,2,No
CX04767,44,Fitness,Organic Search,Mobile,7,Month-to-month,Premium,3,False,41.98,287.27,Credit card,True,1,1,0.5,True,26,24.3,10.5,12,51.6,8.2,9,False,3.4,False,0.0,2,No
CX04768,31,Fintech,Organic Search,Mobile,29,Annual,Basic,3,False,15.66,423.57,Debit card,True,0,1,7.3,True,14,18.8,4.4,3,64.4,8.9,9,False,4.1,False,0.0,1,No
CX04769,45,Cloud Storage,App Store,Mobile,43,Annual,Standard,1,False,19.89,835.41,Credit card,True,1,2,3.0,True,21,9.9,3.5,4,57.9,10.0,8,False,5.3,False,0.0,1,No
CX04770,35,Cloud Storage,Referral,Mobile,52,Annual,Plus,3,True,19.08,887.36,Bank transfer,False,1,5,16.7,True,21,7.9,2.8,17,76.4,7.5,4,True,11.3,False,0.0,0,Yes
CX04771,46,Streaming,Email Campaign,Desktop,18,Month-to-month,Standard,3,False,19.75,342.36,Buy now pay later,False,2,4,9.2,True,21,21.9,7.7,19,65.1,9.7,10,True,4.1,True,21.9,2,No
CX04772,18,Productivity,Referral,Desktop,8,Annual,Standard,2,False,14.73,110.51,Debit card,True,0,2,23.4,True,19,13.6,4.3,15,28.5,9.3,10,False,5.2,False,0.0,4,No
CX04773,18,Productivity,Paid Social,Mobile,13,Two year,Plus,2,False,24.21,287.88,UPI / Instant transfer,True,0,2,1.2,True,16,16.7,4.5,2,30.7,7.9,8,True,4.1,False,0.0,2,No
CX04774,50,Streaming,Organic Search,Desktop,8,Month-to-month,Basic,3,False,13.27,93.8,Credit card,True,0,1,9.3,False,4,10.6,0.7,20,69.9,7.5,7,True,2.7,True,15.1,0,No
CX04775,39,Fitness,App Store,Desktop,23,Annual,Basic,2,True,11.81,256.8,UPI / Instant transfer,True,0,1,12.8,True,11,4.9,0.9,14,34.3,8.8,9,True,6.2,False,0.0,0,No
CX04776,52,Fintech,Paid Social,Tablet,9,Month-to-month,Premium,5,False,27.99,222.13,UPI / Instant transfer,True,0,4,6.5,False,14,41.0,9.6,3,27.8,6.9,8,True,3.1,False,0.0,3,No
CX04777,48,News & Media,Paid Social,Mobile,33,Annual,Plus,3,False,25.97,833.73,Credit card,True,0,2,11.8,True,16,23.3,6.2,3,63.4,6.9,8,True,2.2,False,0.0,1,No
CX04778,47,Streaming,Email Campaign,Desktop,19,Two year,Premium,7,False,37.85,715.78,Bank transfer,True,1,7,15.7,True,26,3.8,1.6,13,23.9,10.0,10,False,2.1,False,0.0,3,No
CX04779,42,Streaming,Organic Search,Mobile,50,Two year,Premium,4,False,24.93,1230.1,Credit card,True,1,1,8.1,True,17,15.0,4.2,7,68.7,6.5,7,True,4.0,False,0.0,0,No
CX04780,63,Fintech,Influencer,Smart TV,17,Month-to-month,Standard,5,True,24.1,387.77,Debit card,True,0,4,16.9,True,22,12.8,4.7,11,56.8,8.2,7,True,4.7,False,0.0,0,No
CX04781,30,Streaming,Organic Search,Desktop,57,Two year,Plus,5,True,26.93,1506.73,Credit card,True,0,2,13.7,False,13,10.5,2.3,4,31.4,6.4,6,False,4.3,False,0.0,0,No
CX04782,25,Productivity,Organic Search,Mobile,6,Month-to-month,Plus,3,False,25.01,139.61,Credit card,True,0,1,12.3,True,17,24.6,7.0,17,32.3,10.0,10,False,3.3,True,12.3,0,No
CX04783,37,Productivity,Influencer,Mobile,22,Month-to-month,Premium,6,True,39.3,791.36,Debit card,False,1,4,9.5,False,9,10.7,1.6,24,79.0,8.3,9,False,4.6,False,0.0,1,No
CX04784,63,Fitness,Influencer,Mobile,17,Month-to-month,Premium,6,False,31.55,475.28,Credit card,True,0,2,21.0,True,29,17.1,8.3,18,37.6,8.0,8,False,5.6,False,0.0,1,Yes
CX04785,30,Fitness,Organic Search,Mobile,29,Month-to-month,Standard,5,False,22.86,607.66,Buy now pay later,False,1,4,9.8,True,13,9.8,2.1,1,36.2,8.7,9,True,6.5,True,9.6,2,No
CX04786,47,Streaming,Paid Social,Mobile,32,Month-to-month,Standard,3,True,17.59,551.8,Digital wallet,False,0,3,14.1,True,16,9.2,2.5,6,31.4,7.8,7,False,2.5,False,0.0,0,No
CX04787,31,Gaming,App Store,Mobile,7,Month-to-month,Standard,1,False,14.39,95.8,Credit card,False,0,2,10.0,True,18,12.4,3.7,5,58.5,7.8,9,False,1.0,False,0.0,2,No
CX04788,41,News & Media,Organic Search,Tablet,15,Two year,Standard,5,False,22.66,334.53,Digital wallet,True,0,1,21.1,False,5,6.7,0.6,6,42.7,7.3,7,False,1.7,False,0.0,0,No
CX04789,33,Fintech,Influencer,Desktop,8,Month-to-month,Standard,4,True,26.87,196.65,Bank transfer,False,2,4,8.9,True,19,23.6,7.5,4,38.5,8.1,6,True,4.0,False,0.0,0,Yes
CX04790,26,Fitness,Organic Search,Mobile,41,Annual,Premium,5,False,33.44,1366.6,Credit card,False,0,3,27.4,True,32,22.6,12.1,6,35.2,7.3,9,False,10.0,False,0.0,0,No
CX04791,25,Productivity,Paid Social,Mobile,9,Month-to-month,Basic,1,False,8.83,77.92,Digital wallet,True,0,1,8.3,True,19,8.9,2.8,4,31.9,7.9,8,False,2.9,False,0.0,1,Yes
CX04792,36,Fintech,Paid Social,Desktop,24,Month-to-month,Plus,3,False,21.74,476.81,UPI / Instant transfer,False,0,1,8.4,False,13,16.8,3.6,7,58.0,9.3,9,False,13.4,True,11.0,0,Yes
CX04793,30,Cloud Storage,Organic Search,Mobile,18,Annual,Standard,2,False,18.41,309.75,Digital wallet,True,0,3,4.2,True,18,11.4,3.4,1,66.7,7.6,6,True,6.7,False,0.0,1,No
CX04794,47,Productivity,Influencer,Smart TV,71,Month-to-month,Premium,2,True,26.96,1809.79,Debit card,False,1,1,10.5,True,20,6.1,2.0,4,69.4,6.4,7,True,5.9,True,10.3,2,No
CX04795,25,Productivity,Organic Search,Mobile,1,Month-to-month,Plus,3,False,22.81,20.88,Digital wallet,True,1,2,23.9,True,21,8.6,3.0,10,39.6,8.5,7,True,4.7,True,16.0,1,No
CX04796,48,Streaming,Referral,Tablet,71,Two year,Premium,6,False,29.93,1890.25,Credit card,True,0,1,22.3,False,6,2.6,0.3,9,64.3,8.6,7,False,10.2,True,5.2,2,No
CX04797,42,Productivity,Referral,Desktop,21,Month-to-month,Standard,1,False,18.58,377.36,Digital wallet,True,0,1,16.6,True,18,13.0,3.9,17,47.3,6.9,5,False,12.3,False,0.0,0,No
CX04798,62,Fintech,Paid Social,Smart TV,25,Annual,Basic,1,False,6.08,145.17,UPI / Instant transfer,False,3,1,5.9,False,2,6.6,0.2,11,62.3,7.7,6,False,11.7,True,3.4,2,No
CX04799,28,Streaming,App Store,Desktop,18,Annual,Standard,3,True,14.47,258.07,Debit card,True,0,2,17.8,True,19,20.5,6.5,14,61.7,9.9,7,True,8.5,True,19.6,2,No
CX04800,39,Fintech,Organic Search,Desktop,18,Annual,Standard,3,False,15.39,264.34,Debit card,True,0,5,5.4,False,11,51.8,9.5,6,46.4,8.6,10,False,13.1,True,33.1,1,No
CX04801,55,Fintech,Paid Social,Tablet,3,Month-to-month,Basic,1,False,9.35,25.51,UPI / Instant transfer,False,0,1,1.6,False,7,7.4,0.9,5,76.0,9.3,9,False,3.2,False,0.0,0,No
CX04802,40,Streaming,Referral,Mobile,7,Month-to-month,Standard,4,False,17.85,114.87,Buy now pay later,False,1,4,4.5,True,22,13.4,4.9,4,67.9,8.2,8,False,3.6,True,3.0,3,No
CX04803,46,Gaming,Paid Social,Desktop,19,Month-to-month,Premium,3,True,19.05,335.09,Credit card,False,3,2,46.5,True,20,39.7,13.2,9,40.2,5.2,3,False,9.5,False,0.0,0,Yes
CX04804,48,Gaming,Paid Social,Mobile,16,Annual,Premium,3,False,27.86,395.56,Credit card,True,0,1,3.3,True,18,7.7,2.3,18,35.6,6.9,7,False,4.6,False,0.0,1,Yes
CX04805,39,Cloud Storage,Email Campaign,Mobile,31,Annual,Basic,1,False,9.22,260.79,Credit card,True,1,4,15.2,True,18,28.2,8.5,5,74.9,8.8,9,False,1.7,False,0.0,0,No
CX04806,43,Productivity,Paid Social,Mobile,21,Annual,Standard,2,True,17.81,362.37,Debit card,True,3,1,7.3,True,24,4.6,1.8,9,70.2,8.8,9,True,0.1,True,6.7,0,No
CX04807,34,Cloud Storage,Organic Search,Mobile,10,Month-to-month,Plus,3,False,18.56,165.13,Credit card,True,1,2,12.7,True,21,12.9,4.5,1,57.9,8.3,10,True,1.7,True,19.7,2,No
CX04808,35,Fintech,Paid Social,Mobile,47,Two year,Basic,3,False,15.48,663.56,Credit card,True,0,4,20.5,True,18,41.2,12.4,4,35.5,5.9,5,False,1.4,False,0.0,0,No
CX04809,19,Streaming,Paid Social,Mobile,9,Month-to-month,Standard,3,False,11.79,104.78,Buy now pay later,False,1,0,7.0,True,11,21.3,3.9,35,53.5,10.0,10,False,2.7,False,0.0,4,No
CX04810,34,Cloud Storage,Email Campaign,Mobile,30,Month-to-month,Basic,2,True,14.19,420.71,Credit card,False,1,2,42.2,True,16,22.2,5.9,0,51.2,6.5,6,False,6.8,True,24.9,0,No
CX04811,38,Fintech,Organic Search,Desktop,48,Two year,Standard,3,False,19.15,857.75,UPI / Instant transfer,True,0,3,17.2,False,3,8.4,0.4,18,25.4,7.9,4,True,16.5,True,4.8,2,No
CX04812,28,Productivity,Referral,Mobile,20,Annual,Plus,4,False,29.73,571.48,Debit card,False,2,2,3.4,True,20,52.6,17.5,1,49.6,9.1,10,True,2.7,False,0.0,3,No
CX04813,50,Gaming,Organic Search,Desktop,20,Annual,Basic,2,True,9.08,160.99,Bank transfer,True,0,3,12.4,True,27,33.9,15.3,7,26.6,9.9,10,True,1.0,False,0.0,2,No
CX04814,28,Streaming,Paid Social,Mobile,7,Month-to-month,Basic,3,False,10.42,70.07,Digital wallet,True,0,0,10.6,True,16,21.6,5.8,12,44.4,7.6,7,False,10.7,False,0.0,1,No
CX04815,61,Fitness,Paid Social,Smart TV,11,Annual,Basic,1,False,10.66,111.71,Credit card,True,3,2,8.2,False,5,19.1,1.6,14,76.4,8.6,8,True,3.7,False,0.0,2,Yes
CX04816,44,Fitness,Organic Search,Desktop,5,Annual,Basic,2,False,11.05,49.77,Buy now pay later,False,2,1,7.5,True,20,25.1,8.4,19,21.3,10.0,10,False,2.4,True,19.0,2,No
CX04817,29,Fintech,Organic Search,Tablet,19,Month-to-month,Basic,3,False,13.22,227.88,Debit card,False,0,5,17.2,True,21,2.7,0.9,12,43.4,8.0,6,True,0.3,True,17.8,0,Yes
CX04818,34,Fintech,App Store,Mobile,43,Annual,Basic,3,False,16.22,639.91,Credit card,True,1,2,9.7,True,13,6.5,1.4,13,18.0,7.4,6,True,4.5,False,0.0,1,No
CX04819,18,Fitness,Referral,Desktop,8,Month-to-month,Basic,1,False,10.27,81.8,UPI / Instant transfer,False,1,1,3.4,True,17,29.0,8.2,12,48.1,9.6,9,False,8.4,False,0.0,1,Yes
CX04820,38,Gaming,Organic Search,Mobile,20,Month-to-month,Basic,3,False,12.15,239.12,Digital wallet,False,3,0,1.5,True,16,16.5,4.4,4,39.9,7.2,6,False,12.5,False,0.0,1,No
CX04821,46,Cloud Storage,Organic Search,Mobile,37,Annual,Basic,1,False,13.42,485.88,Buy now pay later,True,1,4,5.5,True,19,5.7,1.8,13,44.0,8.4,9,False,9.5,False,0.0,2,No
CX04822,54,Fitness,Paid Social,Mobile,3,Month-to-month,Plus,4,False,33.72,95.58,Credit card,False,2,5,3.7,True,16,6.3,1.7,4,63.5,8.5,10,True,0.8,True,14.4,1,No
CX04823,25,Productivity,Paid Social,Tablet,21,Annual,Plus,3,True,21.67,417.7,Bank transfer,True,0,4,8.8,False,17,25.6,7.3,2,65.3,9.3,8,False,3.3,False,0.0,0,No
CX04824,29,Streaming,Email Campaign,Mobile,15,Annual,Standard,2,False,17.47,234.91,Credit card,False,0,2,18.2,True,17,18.3,5.2,2,57.6,8.0,7,False,1.1,False,0.0,1,No
CX04825,31,Cloud Storage,Referral,Mobile,13,Month-to-month,Basic,2,False,11.33,134.77,Digital wallet,True,0,4,3.9,True,18,9.9,3.0,2,26.8,7.3,8,False,5.6,True,12.3,1,No
CX04826,29,News & Media,Paid Social,Mobile,14,Month-to-month,Plus,1,False,18.4,233.88,UPI / Instant transfer,True,1,1,17.4,True,15,3.9,1.0,4,57.1,8.1,9,True,1.7,False,0.0,1,Yes
CX04827,37,Fintech,App Store,Mobile,27,Two year,Standard,3,True,20.14,526.06,UPI / Instant transfer,False,1,1,6.3,False,13,9.3,2.0,9,37.6,7.4,6,False,2.3,False,0.0,0,No
CX04828,34,Fintech,Organic Search,Smart TV,12,Month-to-month,Standard,2,True,16.51,178.7,Credit card,True,0,1,4.2,True,14,7.0,1.6,5,35.4,10.0,10,True,3.9,False,0.0,2,No
CX04829,55,Streaming,Referral,Mobile,53,Annual,Standard,2,False,14.19,664.04,Debit card,True,1,3,8.9,True,23,17.7,6.8,25,32.4,9.2,9,False,1.0,False,0.0,1,No
CX04830,18,Streaming,Email Campaign,Mobile,10,Annual,Plus,4,False,17.79,172.11,Credit card,True,0,4,15.5,True,20,14.0,4.7,1,56.0,7.7,7,False,2.4,False,0.0,1,No
CX04831,47,Gaming,App Store,Mobile,25,Two year,Standard,3,False,22.4,509.35,Buy now pay later,True,1,0,9.8,True,17,25.0,7.1,7,77.8,8.0,5,False,11.4,False,0.0,3,No
CX04832,35,Productivity,Influencer,Mobile,16,Month-to-month,Premium,2,False,30.3,479.92,Credit card,False,1,2,15.2,True,20,7.8,2.6,9,54.1,9.1,8,True,7.1,False,0.0,1,Yes
CX04833,38,Productivity,Organic Search,Desktop,13,Month-to-month,Basic,1,True,9.3,113.77,Debit card,False,3,5,9.5,False,4,12.6,0.8,15,39.0,7.3,8,False,3.3,False,0.0,1,Yes
CX04834,54,Productivity,Paid Social,Mobile,25,Month-to-month,Basic,2,True,13.67,339.3,Credit card,True,0,1,18.2,True,16,8.4,2.2,8,53.0,9.1,9,False,2.4,False,0.0,1,No
CX04835,38,Productivity,Paid Social,Smart TV,18,Annual,Basic,2,False,12.86,212.09,UPI / Instant transfer,False,2,1,6.0,True,24,9.8,3.9,1,58.9,8.5,9,False,8.6,False,0.0,0,No
CX04836,22,Cloud Storage,Paid Social,Smart TV,26,Month-to-month,Standard,1,False,14.3,353.46,Bank transfer,True,0,2,13.4,True,22,15.5,5.7,21,37.4,7.1,7,False,11.7,True,13.8,0,No
CX04837,40,Fintech,Organic Search,Mobile,12,Month-to-month,Standard,4,False,16.97,185.37,Digital wallet,False,1,4,8.1,True,8,12.2,1.6,5,62.1,9.6,10,False,5.8,False,0.0,2,No
CX04838,44,Streaming,App Store,Tablet,8,Month-to-month,Plus,2,False,20.68,153.65,Credit card,True,2,2,7.5,True,29,7.7,3.7,2,47.7,8.6,6,False,1.9,False,0.0,0,No
CX04839,25,Streaming,Organic Search,Desktop,16,Two year,Standard,3,True,12.7,192.17,Credit card,False,0,4,13.4,True,17,6.8,1.9,3,47.7,9.7,10,False,5.9,False,0.0,4,No
CX04840,18,Productivity,Paid Social,Mobile,36,Month-to-month,Standard,3,False,17.79,623.34,Digital wallet,False,0,5,3.0,True,22,26.6,9.8,8,74.9,9.2,6,False,11.0,False,0.0,3,No
CX04841,60,Fintech,Organic Search,Desktop,7,Month-to-month,Standard,2,True,15.79,106.02,Bank transfer,True,1,3,8.3,False,3,5.5,0.3,78,41.2,7.0,8,True,0.6,True,16.7,0,Yes
CX04842,20,Productivity,Organic Search,Desktop,58,Two year,Plus,4,True,41.46,2376.35,UPI / Instant transfer,False,0,6,2.1,True,17,21.9,6.2,10,40.6,8.8,7,False,15.6,False,0.0,2,No
CX04843,29,Fintech,Email Campaign,Tablet,23,Two year,Plus,2,False,28.24,625.35,Credit card,True,0,1,4.9,True,29,22.1,10.7,6,47.4,8.4,9,False,14.2,False,0.0,1,No
CX04844,57,Productivity,Organic Search,Desktop,41,Annual,Basic,3,False,15.47,588.98,Digital wallet,True,0,5,1.0,False,5,4.0,0.3,7,43.9,8.2,8,True,13.9,False,0.0,3,No
CX04845,25,Streaming,App Store,Smart TV,18,Month-to-month,Premium,3,False,31.98,551.19,Credit card,False,1,2,9.2,True,23,15.9,6.1,12,39.0,9.2,10,False,7.0,False,0.0,3,Yes
CX04846,47,Streaming,App Store,Mobile,24,Annual,Plus,4,False,25.94,574.27,Credit card,False,0,1,7.2,True,18,29.7,8.9,11,63.4,7.9,10,False,13.4,False,0.0,0,No
CX04847,49,Fintech,App Store,Tablet,27,Two year,Basic,2,True,18.15,464.6,UPI / Instant transfer,True,0,3,14.4,True,23,18.9,7.2,4,57.2,9.2,9,True,11.0,False,0.0,1,No
CX04848,32,Fitness,App Store,Mobile,42,Annual,Basic,2,True,10.51,405.81,UPI / Instant transfer,True,1,1,12.3,True,20,9.2,3.1,5,56.9,7.9,10,False,0.5,False,0.0,2,No
CX04849,50,Streaming,Paid Social,Tablet,14,Two year,Plus,4,False,21.82,277.05,Credit card,True,0,3,14.0,True,22,24.0,8.8,13,42.8,10.0,10,True,1.2,False,0.0,1,No
CX04850,36,Cloud Storage,Email Campaign,Mobile,5,Month-to-month,Premium,4,True,32.08,148.69,Debit card,True,0,1,10.3,True,16,10.5,2.8,6,22.9,6.9,6,False,9.1,False,0.0,1,No
CX04851,18,Productivity,Influencer,Tablet,23,Two year,Basic,1,False,12.65,283.86,UPI / Instant transfer,True,0,2,19.7,False,10,6.6,1.1,10,44.4,8.1,7,False,6.1,True,15.5,0,No
CX04852,20,Productivity,Referral,Mobile,28,Month-to-month,Standard,3,False,26.17,648.76,Bank transfer,False,3,5,20.8,True,19,9.5,3.0,14,31.5,6.3,8,False,2.1,False,0.0,0,No
CX04853,33,Streaming,Organic Search,Mobile,3,Month-to-month,Standard,3,False,15.37,41.03,UPI / Instant transfer,False,0,2,4.2,True,15,25.9,6.5,7,40.1,7.4,6,False,3.7,False,0.0,0,No
CX04854,48,News & Media,Paid Social,Mobile,24,Two year,Basic,1,False,7.48,175.89,Credit card,False,4,1,16.0,True,18,13.8,4.1,2,44.6,6.5,6,False,0.5,False,0.0,0,No
CX04855,39,Fintech,Referral,Mobile,43,Annual,Premium,4,True,29.89,1180.43,Debit card,True,0,4,24.8,True,22,10.9,4.0,24,30.3,6.9,7,True,10.6,False,0.0,1,No
CX04856,32,News & Media,Organic Search,Tablet,7,Month-to-month,Standard,2,True,19.6,130.97,Bank transfer,True,0,3,14.0,True,19,9.2,2.9,5,47.2,8.1,7,True,0.6,True,3.8,1,No
CX04857,28,Streaming,Referral,Mobile,2,Month-to-month,Standard,4,True,19.35,36.08,Buy now pay later,True,1,1,20.6,False,15,33.5,8.4,5,59.8,9.4,9,False,3.2,False,0.0,0,Yes
CX04858,45,Fintech,Referral,Desktop,7,Annual,Standard,4,False,26.81,186.36,Digital wallet,True,1,7,6.0,True,17,10.1,2.9,5,69.3,8.9,9,False,6.1,False,0.0,2,No
CX04859,44,Fintech,Organic Search,Mobile,12,Annual,Plus,8,False,44.16,513.54,Digital wallet,True,0,1,6.6,True,22,15.8,5.8,15,45.6,9.7,10,True,5.2,False,0.0,3,No
CX04860,23,Fintech,Paid Social,Mobile,5,Month-to-month,Plus,5,False,25.79,124.42,Debit card,True,0,3,3.6,True,16,1.9,0.5,3,48.6,8.4,9,False,4.1,False,0.0,0,Yes
CX04861,56,Streaming,App Store,Mobile,14,Annual,Plus,4,False,22.94,307.85,Debit card,True,0,2,17.5,True,22,1.3,0.5,2,39.1,8.8,7,True,5.9,False,0.0,2,No
CX04862,43,Streaming,Paid Social,Smart TV,44,Annual,Standard,3,False,15.54,661.63,Digital wallet,True,0,3,5.9,True,17,7.8,2.2,9,40.5,9.4,7,False,6.3,False,0.0,2,No
CX04863,49,Fintech,App Store,Mobile,10,Annual,Standard,2,True,26.88,245.19,Credit card,True,0,6,17.0,True,14,25.3,5.9,1,34.3,8.4,10,False,3.3,False,0.0,0,No
CX04864,44,Cloud Storage,Organic Search,Mobile,5,Month-to-month,Premium,8,True,33.93,151.53,Debit card,False,2,6,9.4,True,20,47.9,16.0,2,46.3,8.4,7,False,7.5,True,11.2,2,No
CX04865,18,News & Media,App Store,Mobile,23,Month-to-month,Basic,2,False,8.3,170.05,UPI / Instant transfer,False,2,5,7.9,True,12,16.5,3.3,10,46.8,6.1,7,True,3.2,False,0.0,0,No
CX04866,37,Cloud Storage,Organic Search,Smart TV,5,Month-to-month,Standard,4,False,23.84,118.08,Debit card,True,0,2,7.1,False,4,13.3,0.9,7,41.5,9.6,8,False,7.4,False,0.0,1,No
CX04867,42,Gaming,App Store,Desktop,43,Annual,Premium,3,False,23.7,980.8,Bank transfer,False,2,3,6.6,True,32,5.8,3.1,11,31.6,9.8,10,False,9.7,False,0.0,4,No
CX04868,51,Productivity,Email Campaign,Mobile,17,Month-to-month,Basic,1,True,7.84,117.59,Buy now pay later,False,1,1,11.5,True,20,6.3,2.1,7,60.1,7.2,5,True,1.7,True,12.0,1,No
CX04869,35,Productivity,Paid Social,Desktop,37,Two year,Plus,3,False,31.84,1091.43,UPI / Instant transfer,True,0,3,17.3,True,36,13.5,8.1,6,47.6,7.1,8,False,3.6,False,0.0,1,No
CX04870,23,Streaming,Paid Social,Desktop,5,Month-to-month,Basic,2,False,15.59,70.02,Buy now pay later,True,0,3,11.3,True,15,18.4,4.6,12,46.3,6.9,9,False,20.1,True,11.6,1,No
CX04871,25,Fitness,Paid Social,Smart TV,22,Month-to-month,Standard,2,False,15.93,343.36,Debit card,True,0,1,58.9,False,8,7.1,0.9,17,25.8,7.1,3,False,2.7,False,0.0,0,No
CX04872,18,Fintech,Paid Social,Mobile,7,Month-to-month,Basic,1,False,8.05,51.81,UPI / Instant transfer,True,0,2,21.9,False,9,14.0,2.1,0,46.7,8.4,7,False,4.4,False,0.0,2,No
CX04873,58,News & Media,App Store,Mobile,23,Annual,Standard,3,False,15.81,330.36,Digital wallet,True,0,2,3.4,False,10,24.6,4.1,3,39.0,9.9,9,False,2.0,False,0.0,1,No
CX04874,43,News & Media,Organic Search,Desktop,10,Month-to-month,Basic,1,False,9.08,83.7,Buy now pay later,False,2,1,14.9,True,16,6.0,1.6,14,43.3,8.3,7,False,5.0,False,0.0,1,No
CX04875,51,Streaming,Paid Social,Mobile,7,Month-to-month,Plus,2,True,22.67,148.23,Digital wallet,True,0,1,1.4,True,15,5.8,1.4,5,32.8,10.0,9,False,20.3,False,0.0,2,No
CX04876,49,Productivity,Organic Search,Mobile,35,Month-to-month,Basic,2,False,8.86,304.58,UPI / Instant transfer,True,0,2,15.5,True,12,12.5,2.5,14,86.1,9.0,10,True,6.3,True,18.9,2,No
CX04877,39,Streaming,Influencer,Mobile,17,Annual,Standard,5,False,21.08,329.44,Bank transfer,True,1,3,7.2,True,15,4.0,1.0,9,45.4,8.0,7,False,5.0,True,23.3,0,No
CX04878,41,Streaming,App Store,Mobile,22,Annual,Plus,1,False,19.2,405.41,Buy now pay later,True,0,4,6.7,True,21,7.0,2.4,3,45.0,9.3,8,True,8.2,False,0.0,2,No
CX04879,33,Fitness,App Store,Tablet,60,Two year,Premium,4,False,34.53,2002.07,UPI / Instant transfer,True,0,2,4.7,True,16,21.9,5.8,10,30.4,8.5,10,True,4.1,False,0.0,0,No
CX04880,21,Fintech,Paid Social,Mobile,29,Month-to-month,Standard,4,False,26.98,692.27,Debit card,True,0,3,8.3,True,22,4.9,1.8,9,51.5,9.4,8,False,9.6,False,0.0,0,Yes
CX04881,59,News & Media,Referral,Mobile,24,Two year,Plus,3,False,22.53,476.34,UPI / Instant transfer,True,0,0,4.9,True,19,12.4,3.9,10,31.1,8.2,10,True,17.9,True,18.3,2,No
CX04882,33,Productivity,Influencer,Desktop,20,Month-to-month,Standard,2,False,13.28,244.3,Debit card,False,1,1,10.5,False,6,14.6,1.5,9,61.8,7.8,6,False,4.2,False,0.0,2,No
CX04883,51,Streaming,Paid Social,Mobile,34,Annual,Basic,2,False,13.53,436.45,Credit card,True,2,0,26.8,True,14,13.6,3.2,13,64.1,7.7,7,False,4.3,False,0.0,0,No
CX04884,38,Streaming,Email Campaign,Mobile,14,Month-to-month,Standard,2,True,18.77,231.49,UPI / Instant transfer,False,1,3,11.0,True,14,33.2,7.7,13,69.4,7.6,8,True,0.7,True,16.3,1,Yes
CX04885,33,Fintech,Paid Social,Desktop,22,Annual,Standard,3,False,23.18,507.74,Debit card,True,0,2,5.7,False,6,17.6,1.8,13,40.6,7.3,8,False,9.0,False,0.0,0,Yes
CX04886,26,Fitness,App Store,Mobile,11,Month-to-month,Basic,1,False,11.06,107.48,Bank transfer,True,0,6,4.9,True,18,9.1,2.7,18,52.1,7.5,6,False,2.4,False,0.0,1,No
CX04887,41,Gaming,App Store,Desktop,4,Month-to-month,Standard,1,False,12.59,46.55,Buy now pay later,True,1,1,7.8,True,20,18.8,6.3,2,40.5,10.0,8,True,0.6,False,0.0,2,Yes
CX04888,30,Streaming,App Store,Desktop,16,Two year,Plus,4,False,31.3,473.29,Credit card,True,0,3,20.6,False,11,21.5,3.9,5,47.1,4.7,3,False,6.3,False,0.0,0,No
CX04889,28,Streaming,Paid Social,Mobile,23,Month-to-month,Plus,5,False,28.52,597.2,Debit card,True,1,2,0.5,True,18,8.2,2.5,11,27.9,8.9,6,True,3.3,False,0.0,1,No
CX04890,59,News & Media,Organic Search,Desktop,27,Two year,Premium,6,False,44.69,1105.38,Debit card,True,0,4,2.5,True,25,16.7,7.0,4,72.0,10.0,10,False,14.5,False,0.0,2,No
CX04891,20,Gaming,Organic Search,Mobile,17,Month-to-month,Basic,2,False,11.6,196.84,Debit card,True,1,2,10.0,True,12,12.4,2.5,7,50.4,8.6,9,False,1.0,True,25.0,3,Yes
CX04892,33,Streaming,App Store,Smart TV,4,Month-to-month,Basic,2,True,11.19,39.62,UPI / Instant transfer,False,3,2,21.1,True,17,11.6,3.3,7,57.5,8.3,8,False,29.2,True,15.2,2,No
CX04893,30,Streaming,App Store,Tablet,13,Annual,Basic,3,False,14.42,167.45,Buy now pay later,True,0,2,25.8,True,18,13.9,4.2,7,65.3,8.5,7,False,4.3,False,0.0,1,No
CX04894,58,Streaming,Organic Search,Mobile,8,Month-to-month,Basic,3,False,13.71,101.72,Debit card,True,0,4,15.9,True,16,26.0,6.9,7,48.6,8.7,10,True,6.3,True,15.2,1,No
CX04895,28,Fintech,Organic Search,Mobile,8,Month-to-month,Basic,2,False,7.46,57.34,Credit card,True,0,1,16.0,True,13,16.5,3.6,10,52.3,6.5,5,True,8.2,False,0.0,0,Yes
CX04896,18,Streaming,App Store,Mobile,19,Month-to-month,Basic,1,True,6.04,111.54,Credit card,True,0,2,0.8,True,14,12.3,2.9,3,47.8,6.4,6,True,3.6,True,23.4,0,Yes
CX04897,33,Cloud Storage,Influencer,Mobile,12,Annual,Standard,4,False,16.18,193.28,Digital wallet,False,1,4,14.0,True,12,12.8,2.6,13,39.8,6.2,4,False,4.7,True,10.4,0,Yes
CX04898,35,Fintech,Paid Social,Mobile,28,Month-to-month,Standard,4,False,16.63,464.42,Credit card,True,0,3,8.8,True,18,11.1,3.3,7,23.1,7.8,8,True,3.4,True,8.9,1,No
CX04899,45,News & Media,App Store,Mobile,19,Month-to-month,Standard,3,False,18.78,333.77,Digital wallet,True,1,2,23.6,True,13,7.1,1.5,3,28.8,8.1,10,False,5.3,False,0.0,0,No
CX04900,29,News & Media,Paid Social,Mobile,18,Annual,Basic,1,False,11.02,178.93,Digital wallet,False,0,2,5.1,True,11,21.5,3.9,5,68.0,8.8,8,True,9.3,False,0.0,1,No
CX04901,35,Gaming,Paid Social,Mobile,36,Two year,Standard,2,False,14.48,483.37,Credit card,True,0,1,16.0,True,12,28.2,5.6,4,48.6,8.7,9,True,2.1,False,0.0,2,No
CX04902,29,Streaming,Email Campaign,Desktop,19,Month-to-month,Plus,3,False,26.67,470.02,Debit card,False,1,3,26.9,False,9,8.0,1.2,21,26.3,7.5,5,False,11.4,False,0.0,1,Yes
CX04903,47,Streaming,Organic Search,Desktop,11,Month-to-month,Basic,3,False,13.83,151.63,Credit card,True,2,2,3.1,False,3,8.8,0.4,37,39.3,8.4,9,True,7.8,True,15.0,0,No
CX04904,40,Streaming,Organic Search,Mobile,48,Two year,Standard,1,False,10.6,483.27,Digital wallet,True,0,1,19.6,True,17,2.1,0.6,12,58.7,9.0,10,True,4.7,True,13.4,3,No
CX04905,32,Fintech,Referral,Mobile,18,Annual,Premium,4,False,19.66,321.33,UPI / Instant transfer,False,2,3,6.1,True,20,24.2,8.1,1,42.7,7.1,7,True,2.6,False,0.0,0,No
CX04906,56,Productivity,Influencer,Mobile,66,Annual,Plus,5,True,35.32,2162.49,Buy now pay later,True,1,4,21.5,True,20,18.3,6.1,1,30.1,8.6,7,False,7.4,False,0.0,1,No
CX04907,44,Cloud Storage,Paid Social,Mobile,16,Month-to-month,Premium,5,False,30.42,477.82,UPI / Instant transfer,True,0,2,17.1,True,24,15.6,6.2,5,21.7,8.0,8,False,1.4,False,0.0,2,No
CX04908,35,Fintech,App Store,Mobile,15,Month-to-month,Premium,5,False,40.6,589.68,Credit card,False,1,2,0.9,True,16,4.2,1.1,2,55.1,7.8,9,False,7.1,True,11.6,0,Yes
CX04909,32,Productivity,Influencer,Mobile,3,Annual,Basic,1,False,10.09,27.63,Credit card,True,0,2,15.0,False,4,20.4,1.4,16,58.1,7.8,7,True,8.5,False,0.0,0,Yes
CX04910,37,Streaming,Paid Social,Mobile,21,Annual,Premium,2,False,26.69,519.5,Credit card,True,0,3,7.2,True,28,1.7,0.8,6,50.2,7.4,7,False,2.3,False,0.0,1,No
CX04911,30,Streaming,Referral,Mobile,22,Annual,Standard,3,False,14.5,309.31,UPI / Instant transfer,True,0,1,3.3,True,20,13.6,4.5,1,60.7,9.9,9,False,2.9,False,0.0,2,No
CX04912,31,Productivity,App Store,Mobile,23,Month-to-month,Plus,3,False,16.97,361.62,Bank transfer,True,0,2,6.2,True,21,41.7,14.6,10,56.2,6.4,7,True,2.1,False,0.0,1,No
CX04913,41,Fintech,Influencer,Desktop,4,Month-to-month,Basic,2,True,10.57,41.48,UPI / Instant transfer,True,0,1,10.0,True,21,14.0,4.9,26,44.8,8.3,10,False,8.3,True,16.8,0,No
CX04914,18,Productivity,Email Campaign,Mobile,13,Annual,Basic,1,False,10.14,122.06,Bank transfer,False,1,3,2.1,True,11,6.5,1.2,7,33.4,8.9,10,False,0.4,False,0.0,0,No
CX04915,25,Productivity,Organic Search,Mobile,25,Annual,Basic,2,True,8.41,208.68,Credit card,True,0,2,2.4,True,13,8.1,1.8,4,55.6,9.6,10,False,2.3,False,0.0,3,No
CX04916,49,News & Media,App Store,Smart TV,24,Two year,Standard,2,False,15.1,349.33,Credit card,True,0,3,0.8,True,16,14.6,3.9,3,50.4,9.5,10,False,4.3,False,0.0,2,No
CX04917,41,Cloud Storage,Organic Search,Tablet,7,Month-to-month,Standard,2,False,15.01,100.0,UPI / Instant transfer,True,0,2,19.7,True,13,12.2,2.6,12,40.6,8.3,10,True,1.8,True,31.3,2,No
CX04918,40,Fintech,Paid Social,Desktop,35,Annual,Standard,4,False,19.44,598.84,Credit card,True,1,2,7.4,True,15,12.7,3.2,8,36.3,8.3,10,False,7.1,True,3.9,0,No
CX04919,48,Productivity,Referral,Desktop,2,Month-to-month,Premium,2,True,25.38,48.25,UPI / Instant transfer,False,1,0,11.1,True,14,20.7,4.8,0,41.3,10.0,9,True,4.4,False,0.0,5,No
CX04920,29,Cloud Storage,Paid Social,Desktop,42,Month-to-month,Plus,3,False,21.68,816.75,Bank transfer,False,3,2,25.1,True,22,17.1,6.3,10,63.9,9.0,10,True,6.0,True,13.9,1,No
CX04921,41,Fintech,Paid Social,Mobile,4,Month-to-month,Standard,2,False,17.6,62.76,Digital wallet,False,0,1,19.4,False,7,8.6,1.0,6,43.9,7.4,5,False,10.8,False,0.0,2,Yes
CX04922,35,Streaming,Influencer,Desktop,11,Two year,Premium,3,True,27.82,278.17,UPI / Instant transfer,True,0,1,3.0,False,11,14.1,2.6,6,57.7,8.7,8,False,14.7,True,22.0,2,No
CX04923,21,Streaming,Paid Social,Mobile,39,Month-to-month,Basic,3,False,18.42,688.16,Digital wallet,True,0,4,18.2,False,4,5.5,0.4,12,23.4,7.8,8,False,6.9,False,0.0,1,No
CX04924,37,Fintech,Organic Search,Smart TV,8,Month-to-month,Basic,1,False,10.55,77.69,Debit card,False,3,2,3.6,False,6,5.0,0.5,5,49.2,6.9,7,True,3.9,True,7.0,2,Yes
CX04925,43,Gaming,App Store,Tablet,27,Month-to-month,Plus,2,False,20.68,497.02,Credit card,False,2,1,10.5,True,17,37.3,10.6,15,36.7,6.8,4,False,2.3,True,19.3,0,Yes
CX04926,53,News & Media,App Store,Smart TV,10,Month-to-month,Standard,3,False,17.42,159.67,Digital wallet,False,0,3,6.0,False,7,9.0,1.0,13,56.6,6.4,5,True,5.4,True,25.7,0,Yes
CX04927,29,Streaming,App Store,Smart TV,25,Annual,Premium,1,False,27.04,598.37,Debit card,True,2,3,21.2,False,8,13.1,1.7,3,69.6,8.3,9,True,1.2,False,0.0,1,No
CX04928,39,Fitness,Organic Search,Mobile,16,Two year,Plus,5,False,27.93,397.59,Debit card,True,1,2,13.8,True,19,17.3,5.5,14,38.8,8.4,10,False,4.9,True,13.2,1,No
CX04929,43,Fintech,Paid Social,Mobile,24,Annual,Standard,4,False,17.76,402.85,Debit card,True,1,1,13.3,True,15,8.8,2.2,5,68.9,6.3,7,True,6.9,True,7.9,0,Yes
CX04930,33,Cloud Storage,App Store,Tablet,74,Two year,Plus,5,True,28.96,2102.71,UPI / Instant transfer,True,1,3,2.0,True,19,5.7,1.8,2,45.2,9.5,10,True,4.8,False,0.0,0,No
CX04931,59,Gaming,Organic Search,Mobile,17,Month-to-month,Premium,3,True,23.93,403.32,UPI / Instant transfer,False,0,1,8.5,True,23,1.0,0.4,12,56.4,9.0,10,False,1.6,False,0.0,4,No
CX04932,18,Streaming,Organic Search,Desktop,26,Month-to-month,Basic,1,True,8.6,210.25,UPI / Instant transfer,False,0,2,7.7,True,14,4.6,1.1,5,34.5,9.2,9,False,3.4,False,0.0,2,No
CX04933,49,Streaming,Email Campaign,Mobile,3,Month-to-month,Plus,2,False,24.38,64.66,Debit card,True,0,3,1.1,True,18,8.0,2.4,19,51.4,7.6,10,True,3.0,True,21.6,0,No
CX04934,78,News & Media,Organic Search,Mobile,25,Annual,Standard,3,True,16.09,359.55,UPI / Instant transfer,True,0,2,17.7,True,16,11.5,3.1,16,58.2,5.8,4,False,6.0,True,15.2,0,No
CX04935,29,Fintech,Referral,Tablet,15,Month-to-month,Basic,2,True,10.74,152.59,Debit card,True,0,0,7.9,False,2,19.6,0.7,11,61.5,8.8,8,True,1.1,False,0.0,0,No
CX04936,20,Fintech,Paid Social,Mobile,14,Month-to-month,Basic,2,False,9.79,134.97,Digital wallet,False,2,2,5.3,True,16,10.5,2.8,23,35.0,7.6,7,True,4.4,False,0.0,0,Yes
CX04937,45,Productivity,Organic Search,Mobile,23,Month-to-month,Standard,2,False,16.89,385.05,Digital wallet,True,0,2,7.5,True,17,5.3,1.5,13,56.1,7.8,7,False,3.0,False,0.0,0,No
CX04938,35,Gaming,Referral,Smart TV,9,Annual,Standard,3,False,20.57,184.2,Credit card,True,0,1,8.9,True,21,36.8,12.9,4,59.9,9.0,8,False,4.9,True,19.1,2,No
CX04939,26,Gaming,Paid Social,Desktop,9,Month-to-month,Standard,5,True,27.41,242.04,UPI / Instant transfer,True,0,1,4.6,True,17,6.7,1.9,16,47.9,9.3,10,False,4.6,False,0.0,1,No
CX04940,18,Streaming,Paid Social,Mobile,3,Month-to-month,Basic,1,False,9.92,27.85,Credit card,True,0,2,12.4,True,11,15.5,2.8,4,37.9,8.3,9,True,6.8,False,0.0,0,No
CX04941,51,Streaming,Paid Social,Mobile,2,Month-to-month,Standard,3,False,21.33,38.52,Credit card,True,1,4,15.3,True,17,8.0,2.3,2,13.5,8.9,10,False,10.6,False,0.0,3,No
CX04942,26,News & Media,Paid Social,Mobile,4,Month-to-month,Standard,2,True,14.74,52.47,Credit card,True,0,6,14.8,True,16,7.9,2.1,5,42.4,8.2,8,False,6.1,False,0.0,0,Yes
CX04943,42,News & Media,Organic Search,Desktop,6,Month-to-month,Standard,2,False,16.96,97.56,Debit card,True,0,2,18.4,True,17,7.4,2.1,13,64.7,9.3,10,False,11.0,False,0.0,3,No
CX04944,34,News & Media,Influencer,Mobile,30,Month-to-month,Basic,2,False,12.58,346.07,Credit card,True,0,3,10.1,True,18,4.0,1.2,8,20.3,7.8,8,False,2.9,False,0.0,0,Yes
CX04945,55,Gaming,Paid Social,Smart TV,49,Two year,Standard,1,False,14.45,695.65,Credit card,True,0,0,27.5,True,18,18.9,5.7,1,58.7,7.7,10,False,0.8,False,0.0,1,No
CX04946,45,Gaming,Organic Search,Mobile,10,Annual,Premium,4,True,30.46,283.95,Credit card,False,4,1,8.3,True,15,36.6,9.2,9,56.2,8.7,9,True,1.7,False,0.0,1,No
CX04947,35,Streaming,Paid Social,Desktop,23,Annual,Basic,3,False,12.71,291.32,Credit card,False,1,2,22.2,True,15,12.3,3.1,12,55.1,10.0,9,False,1.6,False,0.0,1,No
CX04948,45,Cloud Storage,Paid Social,Smart TV,59,Two year,Plus,4,False,25.81,1417.33,Debit card,True,1,2,9.0,False,8,10.9,1.5,3,42.5,7.4,4,False,1.2,True,33.9,0,No
CX04949,30,Productivity,Organic Search,Desktop,16,Month-to-month,Basic,1,False,10.47,167.21,UPI / Instant transfer,False,1,3,25.6,True,18,5.2,1.6,12,59.6,8.2,8,False,9.9,True,10.0,2,Yes
CX04950,26,Gaming,Paid Social,Mobile,26,Month-to-month,Standard,3,False,20.95,487.6,Bank transfer,False,3,1,6.9,True,31,21.2,11.0,17,46.2,8.3,7,False,7.1,False,0.0,4,Yes
CX04951,48,Fintech,Paid Social,Mobile,17,Annual,Standard,3,False,20.67,331.34,Bank transfer,False,0,1,7.2,True,23,13.5,5.2,4,23.0,7.1,7,False,2.2,False,0.0,1,No
CX04952,29,Streaming,Organic Search,Tablet,28,Two year,Standard,2,True,15.85,411.72,Buy now pay later,False,0,3,15.2,True,21,17.2,6.0,7,60.8,7.8,8,True,1.3,False,0.0,0,No
CX04953,24,News & Media,Organic Search,Mobile,19,Annual,Standard,6,False,24.53,447.3,Digital wallet,True,0,7,14.0,True,16,1.5,0.4,10,49.4,7.1,7,True,8.5,False,0.0,1,No
CX04954,36,Streaming,Paid Social,Tablet,2,Month-to-month,Standard,4,False,14.59,27.59,Credit card,True,0,3,5.6,False,8,3.3,0.4,10,2.7,7.0,9,False,16.0,True,12.6,0,Yes
CX04955,19,News & Media,App Store,Mobile,5,Annual,Basic,3,False,12.08,57.54,Bank transfer,True,1,0,8.0,True,15,7.3,1.8,8,59.4,10.0,10,True,1.0,False,0.0,3,No
CX04956,55,Fintech,Paid Social,Desktop,3,Month-to-month,Premium,5,True,39.05,112.28,Debit card,True,0,2,12.7,False,8,14.7,2.0,9,48.9,8.8,10,False,7.8,True,8.3,0,No
CX04957,28,Productivity,App Store,Desktop,33,Two year,Basic,4,False,18.97,560.31,Bank transfer,True,0,2,15.3,False,6,14.2,1.4,6,61.0,6.8,7,False,5.5,False,0.0,1,No
CX04958,38,Gaming,Paid Social,Mobile,3,Month-to-month,Premium,6,False,42.72,118.13,Bank transfer,False,0,4,10.9,True,12,16.2,3.2,26,34.7,9.0,10,False,0.6,False,0.0,2,No
CX04959,49,Streaming,App Store,Mobile,14,Annual,Standard,4,False,24.16,309.88,Credit card,False,1,1,12.5,True,20,8.9,3.0,11,43.3,7.5,9,True,5.4,False,0.0,1,No
CX04960,34,Cloud Storage,Paid Social,Desktop,12,Month-to-month,Basic,3,False,13.88,155.96,UPI / Instant transfer,False,0,2,5.3,False,7,26.2,3.1,5,47.0,9.0,8,False,4.8,False,0.0,5,No
CX04961,31,Productivity,Paid Social,Mobile,18,Month-to-month,Standard,2,False,12.96,230.78,Bank transfer,True,0,2,8.5,True,25,7.6,3.2,1,24.2,5.8,5,True,8.5,True,10.4,0,Yes
CX04962,62,Streaming,Referral,Mobile,36,Two year,Basic,1,True,10.75,383.23,UPI / Instant transfer,True,0,3,6.5,True,17,10.8,3.1,29,28.6,9.0,9,False,2.7,False,0.0,2,No
CX04963,33,Streaming,Organic Search,Mobile,26,Annual,Basic,2,False,12.96,329.88,UPI / Instant transfer,True,0,1,5.7,True,17,9.5,2.7,4,18.0,5.1,5,False,1.0,False,0.0,0,No
CX04964,41,Fintech,Influencer,Mobile,41,Annual,Plus,4,False,23.03,880.69,Credit card,True,0,1,9.2,True,25,37.2,15.5,7,51.2,9.5,10,True,1.2,False,0.0,1,No
CX04965,19,Streaming,Paid Social,Mobile,23,Two year,Standard,2,True,16.91,358.14,Digital wallet,True,1,3,6.9,True,20,15.9,5.3,8,53.8,8.2,10,False,1.0,False,0.0,2,No
CX04966,52,News & Media,Paid Social,Mobile,43,Month-to-month,Standard,2,False,13.19,522.23,Credit card,True,0,2,4.5,True,14,11.4,2.7,8,39.0,8.5,8,False,6.0,False,0.0,2,No
CX04967,47,News & Media,Organic Search,Mobile,15,Annual,Standard,1,False,10.69,154.27,Bank transfer,False,0,1,34.5,True,22,18.2,6.7,9,27.8,6.6,5,False,9.5,True,15.6,0,No
CX04968,18,Streaming,Paid Social,Mobile,9,Annual,Standard,4,True,19.34,157.18,Debit card,True,0,3,9.8,True,18,3.0,0.9,7,54.3,8.3,8,True,8.9,True,19.2,1,No
CX04969,32,Fintech,Referral,Desktop,16,Annual,Premium,6,False,28.82,454.2,Credit card,False,0,3,6.8,False,17,9.2,2.6,7,48.8,8.8,10,False,0.2,True,20.3,1,No
CX04970,55,Gaming,Influencer,Mobile,21,Month-to-month,Basic,2,False,12.42,240.94,Buy now pay later,True,0,0,7.2,True,12,18.1,3.6,13,60.1,7.6,10,False,3.4,True,12.7,0,No
CX04971,47,News & Media,Organic Search,Desktop,5,Month-to-month,Premium,7,False,30.42,136.0,UPI / Instant transfer,True,0,6,11.7,False,15,18.5,4.6,1,23.9,7.3,8,True,3.9,False,0.0,0,Yes
CX04972,28,News & Media,Referral,Desktop,13,Month-to-month,Basic,2,False,12.26,142.01,Credit card,True,0,1,9.9,True,21,15.3,5.4,23,69.3,7.8,8,False,14.7,False,0.0,2,No
CX04973,50,Cloud Storage,Paid Social,Mobile,7,Month-to-month,Plus,1,False,25.65,162.09,Credit card,False,1,2,24.2,True,15,8.4,2.1,7,47.1,5.9,7,True,2.5,True,15.4,0,Yes
CX04974,52,News & Media,Influencer,Mobile,27,Month-to-month,Basic,2,False,11.75,314.77,Credit card,True,1,1,11.9,True,18,3.6,1.1,5,44.8,8.0,8,True,1.3,False,0.0,1,No
CX04975,40,Fintech,App Store,Desktop,12,Annual,Standard,4,False,16.7,196.85,Credit card,True,1,3,7.0,True,14,14.9,3.5,6,33.7,6.8,7,False,3.7,False,0.0,2,No
CX04976,31,Streaming,Email Campaign,Tablet,27,Two year,Standard,1,False,14.59,363.62,Debit card,True,0,0,13.0,True,16,11.6,3.1,3,45.9,7.3,7,False,0.7,False,0.0,0,No
CX04977,40,Cloud Storage,App Store,Desktop,8,Month-to-month,Plus,6,False,30.49,232.2,Credit card,False,2,3,15.1,True,26,14.3,6.2,1,66.0,7.7,4,False,3.9,False,0.0,1,No
CX04978,23,Fitness,Email Campaign,Tablet,44,Annual,Basic,3,False,13.22,551.85,Digital wallet,True,0,1,6.6,True,16,16.1,4.3,23,41.8,9.2,10,False,1.1,False,0.0,3,No
CX04979,45,Productivity,Paid Social,Tablet,7,Annual,Basic,4,True,20.49,130.71,Credit card,True,0,2,37.6,True,17,8.1,2.3,4,57.3,6.4,7,True,0.6,True,18.6,2,No
CX04980,49,Cloud Storage,Referral,Mobile,11,Annual,Standard,3,False,15.67,168.18,Buy now pay later,True,0,2,7.3,False,3,2.8,0.1,2,50.1,10.0,10,False,3.9,True,24.0,4,No
CX04981,35,Streaming,App Store,Desktop,45,Two year,Standard,3,False,25.94,1113.73,Debit card,True,0,3,3.9,True,13,16.6,3.6,15,38.0,9.3,8,False,5.4,True,3.0,1,No
CX04982,24,Productivity,Paid Social,Desktop,44,Two year,Standard,3,False,15.97,669.3,Debit card,False,3,1,6.1,True,15,9.0,2.2,3,66.8,8.4,7,True,2.0,True,3.0,0,No
CX04983,20,Fintech,App Store,Desktop,9,Month-to-month,Standard,3,True,22.17,191.39,Bank transfer,False,0,0,4.9,True,18,18.7,5.6,3,60.4,9.1,8,False,4.2,False,0.0,1,No
CX04984,23,Gaming,Organic Search,Mobile,23,Annual,Plus,6,False,28.32,576.08,Digital wallet,True,1,6,7.2,True,15,7.9,2.0,10,56.6,9.5,10,False,7.9,False,0.0,1,No
CX04985,33,Fintech,Organic Search,Mobile,40,Two year,Standard,2,False,16.96,611.59,UPI / Instant transfer,True,1,1,6.2,True,23,3.4,1.3,9,45.2,9.2,10,True,0.3,True,6.8,1,No
CX04986,32,News & Media,Email Campaign,Mobile,20,Annual,Premium,3,False,36.25,676.52,Debit card,False,0,0,12.2,True,28,3.0,1.4,8,50.2,7.5,5,False,7.8,True,10.8,0,No
CX04987,31,Cloud Storage,Organic Search,Mobile,6,Month-to-month,Premium,5,False,23.23,139.07,Buy now pay later,False,2,0,10.2,True,22,16.0,5.9,12,71.2,7.9,9,True,4.9,True,18.9,1,No
CX04988,36,Streaming,Organic Search,Mobile,25,Annual,Basic,1,False,14.68,356.42,Debit card,True,0,0,27.0,True,11,34.5,6.3,3,35.6,7.4,8,True,5.5,False,0.0,0,Yes
CX04989,51,Streaming,Paid Social,Mobile,23,Month-to-month,Premium,3,False,33.65,740.67,UPI / Instant transfer,False,0,5,5.6,True,24,30.8,12.3,22,58.1,5.7,6,True,11.8,False,0.0,0,Yes
CX04990,53,Cloud Storage,App Store,Mobile,1,Month-to-month,Plus,2,False,26.75,24.39,Credit card,False,0,0,14.2,True,18,4.8,1.4,16,54.9,9.2,10,True,1.0,True,10.7,1,Yes
CX04991,65,Fintech,Organic Search,Mobile,14,Annual,Standard,1,False,12.65,160.61,Digital wallet,True,1,3,14.5,True,16,8.1,2.2,1,38.2,6.1,6,True,5.2,False,0.0,0,No
CX04992,31,Streaming,Paid Social,Tablet,16,Month-to-month,Basic,2,False,13.21,189.31,Debit card,True,0,1,8.3,True,19,7.6,2.4,7,30.3,10.0,10,False,12.4,False,0.0,3,No
CX04993,38,Fitness,Paid Social,Desktop,19,Annual,Plus,2,False,20.09,375.5,Digital wallet,True,0,1,11.4,False,9,10.4,1.6,10,68.8,10.0,10,False,2.5,False,0.0,0,No
CX04994,39,Streaming,Referral,Mobile,16,Month-to-month,Standard,3,False,18.48,277.85,Credit card,True,2,2,11.6,True,16,28.5,7.6,2,56.1,7.4,8,False,6.9,False,0.0,0,No
CX04995,30,Productivity,Referral,Desktop,6,Month-to-month,Basic,2,False,10.7,63.46,Credit card,True,0,1,1.9,True,14,15.3,3.6,3,25.1,9.3,7,False,5.4,False,0.0,3,No
CX04996,53,Fitness,Email Campaign,Desktop,8,Month-to-month,Standard,5,False,23.55,186.29,Credit card,False,1,4,13.2,False,3,3.2,0.2,13,40.4,8.2,8,False,4.0,False,0.0,2,No
CX04997,30,Streaming,Email Campaign,Smart TV,10,Month-to-month,Plus,6,True,31.56,311.65,Bank transfer,True,0,3,28.7,True,24,9.1,3.6,6,51.8,8.0,5,True,7.8,False,0.0,1,Yes
CX04998,51,Fintech,Email Campaign,Mobile,43,Two year,Standard,2,False,22.34,905.88,UPI / Instant transfer,True,0,2,11.1,True,12,4.1,0.8,1,38.8,6.2,4,True,5.8,True,3.0,0,Yes
CX04999,27,Fintech,Email Campaign,Mobile,46,Annual,Premium,3,False,38.78,1599.77,UPI / Instant transfer,True,0,2,4.4,True,23,10.6,4.1,12,81.7,8.4,9,False,9.7,False,0.0,2,No
CX05000,34,Productivity,Paid Social,Mobile,53,Two year,Premium,8,False,58.31,2797.48,Credit card,True,0,2,11.8,True,28,6.6,3.1,24,79.0,10.0,9,True,7.9,False,0.0,2,No
